query,article_id,article_title,neural_score,rank,is_correct
equality before law,14,"14. Equality before law The State shall not deny to any person equality before the law or the equal protection of the laws within the territory of India Prohibition of discrimination on grounds of religion, race, caste, sex or place of birth",2.39822890625,1,1
equality before law,16,16. Equality of opportunity in matters of public employment,1.272244921875,2,0
equality before law,13,13. Laws inconsistent with or in derogation of the fundamental rights,0.63251953125,3,0
equality before law,22,22. Protection against arrest and detention in certain cases,0.5301926300048828,4,0
equality before law,19,19. Protection of certain rights regarding freedom of speech etc,0.40533173828125,5,0
equality before law,23,23. Prohibition of traffic in human beings and forced labour,0.316569970703125,6,0
equality before law,33,"33. Power of Parliament to modify the rights conferred by this Part in their application etc Parliament may, by law, determine to what extent any of the rights conferred by this Part shall, in their application to,",0.19326130065917968,7,0
equality before law,30,30. Right of minorities to establish and administer educational institutions,0.17479671630859372,8,0
equality before law,15,"15. Prohibition of discrimination on grounds of religion, race, caste, sex or place of birth",0.12040966796874997,9,0
equality before law,39A,39. A Equal justice and free legal aid,0.011296289062499992,10,0
equality before law,42,42. Provision for just and humane conditions of work and maternity relief The State shall make provision for securing just and humane conditions of work and for maternity relief,-0.06884306030273438,11,0
equality before law,45,"45. Provision for free and compulsory education for children The State shall endeavour to provide, within a period of ten years from the commencement of this Constitution, for free and compulsory education for all children until they complete the age of fourteen years",-0.10580572814941407,12,0
equality before law,325,"325. No person to be ineligible for inclusion in, or to claim to be included in a special, electoral roll on grounds of religion, race, caste or sex There shall be one general electoral roll for every territorial constituency for election to either House of Parliament or to the House or either House of the Legislature of a State and no person shall be ineligible for inclusion in any such roll or claim to be included in any special electoral roll for any such constituency on grounds only of religion, race, caste, sex or any of them",-0.12052792968750001,13,0
equality before law,11,11. Parliament to regulate the right of citizenship by law Nothing in the foregoing provisions of this Part shall derogate from the power of Parliament to make any provision with respect to the acquisition and termination of citizenship and all other matters relating to citizenship PART III FUNDAMENTAL RIGHTS General,-0.12285124511718751,14,0
equality before law,41,"41. Right to work, to education and to public assistance in certain cases The State shall, within the limits of its economic capacity and development, make effective provision for securing the right to work, to education and to public assistance in cases of unemployment, old age, sickness and disablement, and in other cases of undeserved want",-0.1339359832763672,15,0
equality before law,46,"46. Promotion of educational and economic interests of Scheduled Castes, Scheduled Tribes and other weaker sections The State shall promote with special care the educational and economic interests of the weaker sections of the people, and, in particular, of the Scheduled Castes and the Scheduled Tribes, and shall protect them from social injustice and all forms of exploitation",-0.14787876281738283,16,0
equality before law,51,51. Promotion of international peace and security The State shall endeavour to,-0.15760313873291015,17,0
equality before law,262,262. Adjudication of disputes relating to waters of inter State rivers or river valleys,-0.21908692321777345,18,0
equality before law,38,38. State to secure a social order for the promotion of welfare of the people,-0.22910849609375,19,0
equality before law,326,"326. Elections to the House of the People and to the Legislative Assemblies of States to be on the basis of adult suffrage The elections to the House of the People and to the Legislative Assembly of every State shall be on the basis of adult suffrage; but is to say, every person who is a citizen of India and who is not less than twenty one years of age on such date as may be fixed in that behalf by or under any law made by the appropriate legislature and is not otherwise disqualified under this constitution or any law made by the appropriate Legislature on the ground of non residence, unsoundness of mind, crime or corrupt or illegal practice, shall be entitled to be registered as a voter at any such election",-0.2807727783203125,20,0
equality before law,303,303. Restrictions on the legislative powers of the Union and of the States with regard to trade and commerce,-0.3291968017578125,21,0
equality before law,131,"131. Original jurisdiction of the Supreme Court Subject to the provisions of this Constitution, the Supreme Court shall, to the exclusion of any other court, have original jurisdiction in any dispute",-0.36378858642578127,22,0
equality before law,39,"39. Certain principles of policy to be followed by the State: The State shall, in particular, direct its policy towards securing",-0.36472607421875003,23,0
equality before law,225,"225. Jurisdiction of existing High Courts Subject to the provisions of this Constitution and to the provisions of any law of the appropriate Legislature made by virtue of powers conferred on that Legislature by this Constitution, the jurisdiction of, and the law administered in, any existing High Court, and the respective powers of the Judges thereof in relation to the administration of justice in the Court, including any power to make rules of Court and to regulate the sittings of the Court and of members thereof sitting alone or in Division Courts, shall be the same as immediately before the commencement of this Constitution: Provided that any restriction to which the exercise of original jurisdiction by any of the High Courts with respect to any matter concerning the revenue or concerning any act ordered or done in the collection thereof was subject immediately before the commencement of this Constitution shall no longer apply to the exercise of such jurisdiction",-0.3863809509277344,24,0
equality before law,300,300. Suits and proceedings,-0.4029297485351563,25,0
equality before law,340,340. Appointment of a Commission to investigate the conditions of backward classes,-0.43652998962402345,26,0
equality before law,312,312. All India Services,-0.5036103820800781,27,0
equality before law,369,"369. Temporary power to Parliament to make laws with respect to certain matters in the State List as if they were matters in the Concurrent List Notwithstanding anything in this Constitution, Parliament shall, during a period of five years from the commencement of this constitution, have power to make laws with respect to the following matters as if they were enumerated in the Concurrent List, namely:",-0.5489144775390625,28,0
equality before law,376,376. Provisions as to Judges of High Courts,-0.5579705932617188,29,0
equality before law,233,"233. A Validation of appointments of, and judgments, etc, delivered by, certain district judges Notwithstanding any judgment, decree or order of any court,",-0.5674784973144531,30,0
equality before law,323B,323B. Tribunals for other matters,-0.5857678588867188,31,0
equality before law,295,"295. Succession to property, assets, rights, liabilities and obligations in other cases",-0.6455218109130859,32,0
equality before law,243T,243T. Reservation of seats,-0.6864283813476563,33,0
equality before law,55,55. Manner of election of President,-0.7730878662109375,34,0
equality before law,323,"323. A Administrative tribunals Parliament may, by law, provide for the adjudication or trial by administrative tribunals of disputes and complaints with respect to recruitment and conditions of service of persons appointed to public services and posts in connection with the affairs of the Union or of any State or of any local or other authority within the territory of India or under the control of the Government of India or of any corporation owned or controlled by the Government",-0.785896533203125,35,0
equality before law,374,"374. Provisions as to Judges of the Federal Court and proceedings pending in the Federal Court or before His Majesty in Council ( 1 ) The Judges of the Federal Court holding office immediately before the commencement of this Constitution shall, unless they have elected otherwise, become on such commencement the Judges of the Supreme Court and shall thereupon be entitled to such salaries and allowances and to such rights in respect of leave of absence and pension as are provided for under Article 125 in respect of the Judges of the Supreme Court",-0.8533581298828126,36,0
equality before law,243D,243D. Reservation of seats,-0.9848403686523438,37,0
equality before law,320,320. Functions of Public Service Commissions,-1.3756828857421877,38,0
equality before law,371F,"371F. Special provisions with respect to the State of Sikkim Notwithstanding anything in this Constitution,",-2.2140736328125,39,0
equality before law,371D,371D. Special provisions with respect to the state of Andhra Pradesh,-2.7318677734375,40,0
abolition of untouchability,17,17. Abolition of Untouchability Untouchability is abolished and its practice in any form is forbidden The enforcement of any disability arising out of Untouchability shall be an offence punishable in accordance with law,2.40800546875,1,1
abolition of untouchability,21,21. Protection of life and personal liberty No person shall be deprived of his life or personal liberty except according to procedure established by law,1.450705126953125,2,0
abolition of untouchability,14,"14. Equality before law The State shall not deny to any person equality before the law or the equal protection of the laws within the territory of India Prohibition of discrimination on grounds of religion, race, caste, sex or place of birth",1.405635140991211,3,0
abolition of untouchability,19,19. Protection of certain rights regarding freedom of speech etc,0.41582978515625,4,0
abolition of untouchability,34,"34. Restriction on rights conferred by this Part while martial law is in force in any area Notwithstanding anything in the foregoing provisions of this Part, Parliament may by law indemnify any person in the service of the Union or of a State or any other person in respect of any act done by him in connection with the maintenance or restoration of order in any area within the territory of India where martial law was in force or validate any sentence passed, punishment inflicted, forfeiture ordered or other act done under martial law in such area",0.2918909545898437,5,0
abolition of untouchability,18,"18. Abolition of titles No title, not being a military or academic distinction, shall be conferred by the State No citizen of India shall accept any title from any foreign State No person who is not a citizen of India shall, while he holds any office of profit or trust under the State, accept without the consent of the President any title from any foreign State No person holding any office of profit or trust under the State shall, without the consent of the President, accept any present, emolument, or office of any kind from or under any foreign State Right to Freedom",0.29023642578125,6,0
abolition of untouchability,31B,"31B. Validation of certain Acts and Regulations Without prejudice to the generality of the provisions contained in Article 31A, none of the Acts and Regulations specified in the Ninth Schedule nor any of the provisions thereof shall be deemed to be void, or ever to have become void, on the ground that such Act, Regulation or provision is inconsistent with, or takes away or abridges any of the rights conferred by, any provisions of this Part, and notwithstanding any judgment, decree or order of any court or tribunal to the contrary, each of the said Acts and Regulations shall, subject to the power of any competent Legislature to repeal or amend it, continue in force",0.23886427001953126,7,0
abolition of untouchability,31C,"31C. Saving of laws giving effect to certain directive principles Notwithstanding anything contained in Article 13, no law giving effect to the policy of the State towards securing all or any of the principles laid down in Part IV shall be deemed to be void on the ground that it is inconsistent with, or takes away or abridges any of the rights conferred by Article 14 or Article 19 and no law containing a declaration that it is for giving effect to such policy shall be called in question in any court on the ground that it does not give effect to such policy: Provided that where such law is made by the Legislature of a State, the provisions of this Article shall not apply thereto unless such law, having been reserved for the consideration of the President, has received his assent Right to Constitutional Remedies",0.19194928588867188,8,0
abolition of untouchability,13,13. Laws inconsistent with or in derogation of the fundamental rights,0.05952148437499999,9,0
abolition of untouchability,257,257. A Assistance to States by deployment of armed forces or other forces of the Union Omitted,-0.03722735176086426,10,0
abolition of untouchability,300,"300. A Persons not to be deprived of property save by authority of law No person shall be deprived of his property save by authority of law PART XIII TRADE, COMMERCE AND INTERCOURSE WITHIN THE TERRITORY OF INDIA",-0.08086186828613282,11,0
abolition of untouchability,37,"37. Application of the principles contained in this Part The provisions contained in this Part shall not be enforceable by any court, but the principles therein laid down are nevertheless fundamental in the governance of the country and it shall be the duty of the State to apply these principles in making laws",-0.11458096923828126,12,0
abolition of untouchability,395,"395. Repeals The Indian Independence Act, 1947 , and the Government of India Act, 1935 , together with all enactment s amending or supplementing the latter Act, but not including the Abolition of Privy Council Jurisdiction Act, 1949 , are hereby repealed FIRST SCHEDULE Articles 1 and 4 I THE STATES Name Territories",-0.12201691284179689,13,0
abolition of untouchability,49,"49. Protection of monuments and places and objects of national importance It shall be the obligation of the State to protect every monument or place or object of artistic or historic interests, declared by or under law made by Parliament to be of national importance, from spoliation, disfigurement, destruction, removal, disposal or export, as the case may be",-0.14220423126220705,14,0
abolition of untouchability,305,"305. Saving of existing laws and laws providing for State monopolies Nothing in Articles 301 and 303 shall affect the provisions of any existing law except in so far as the President may be order otherwise direct; and nothing in Article 301 shall affect the operation of any law made before the commencement of the Constitution (Fourth Amendment) Act, 1955 , in so far as it relates to, or prevent Parliament or the Legislature of a State from making any law relating to, any such matter as is referred to in sub clause (ii) of clause ( 6 ) of Article 19",-0.21315426025390627,15,0
abolition of untouchability,285,285. Exemption of property of the Union from State taxation,-0.22546894836425782,16,0
abolition of untouchability,329,329. Bar to interference by courts in electoral matters Notwithstanding anything in this Constitution,-0.24793598327636718,17,0
abolition of untouchability,255,"255. Requirements as to recommendations and previous sanctions to be regarded as matters of procedure only No Act of Parliament or of the legislature of a State and no provision in any such Act, shall be invalid by reason only that some recommendation or previous sanction required by this Constitution was not given, if assent to that Act was given",-0.28103653564453124,18,0
abolition of untouchability,72,"72. Power of President to grant pardons, etc, and to suspend, remit or commute sentences in certain cases",-0.30617877197265625,19,0
abolition of untouchability,289,289. Exemption of property and income of a State from Union taxation,-0.3135541572570801,20,0
abolition of untouchability,31A,"31A. Saving of laws providing for acquisition of estates, etc ( 1 ) Notwithstanding anything contained in Article 13, no law providing for",-0.32461528930664063,21,0
abolition of untouchability,392,392. Power of the President to remove difficulties,-0.35579526367187503,22,0
abolition of untouchability,169,169. Abolition or creation of Legislative Councils in States,-0.360110107421875,23,0
abolition of untouchability,372,372. A Power of the President to adapt laws,-0.3638997802734375,24,0
abolition of untouchability,363,363. A Recognition granted to Rulers of Indian States to cease and privy purses to be abolished Notwithstanding anything in this Constitution or in any law for the time being in force,-0.38350575561523437,25,0
abolition of untouchability,123,123. Power of President to promulgate Ordinances during recess of Parliament,-0.4710965209960938,26,0
abolition of untouchability,61,61. Procedure for impeachment of the President,-0.5059847778320313,27,0
abolition of untouchability,319,319. Prohibition as to the holding of offices by members of Commission on ceasing to be such members On ceasing to hold office,-0.5261470108032227,28,0
abolition of untouchability,233,"233. A Validation of appointments of, and judgments, etc, delivered by, certain district judges Notwithstanding any judgment, decree or order of any court,",-0.5700419738769531,29,0
abolition of untouchability,358,358. Suspension of provisions of Article 19 during emergencies,-0.6092953796386719,30,0
abolition of untouchability,361,361. Protection of President and Governors and Rajpramukhs,-0.6876316650390625,31,0
abolition of untouchability,311,"311. Dismissal, removal or reduction in rank of persons employed in civil capacities under the Union or a State",-0.7070585906982422,32,0
abolition of untouchability,317,317. Removal and suspension of a member of a Public Service Commission,-0.7576455108642578,33,0
abolition of untouchability,239B,239B. Power of administrator to promulgate Ordinances during recess of Legislature,-0.8095095825195313,34,0
abolition of untouchability,356,356. Provisions in case of failure of constitutional machinery in State,-0.834279248046875,35,0
abolition of untouchability,352,352. Proclamation of Emergency,-0.9889810546875002,36,0
abolition of untouchability,360,360. Provisions as to financial emergency,-1.0015880493164062,37,0
abolition of untouchability,359,359. Suspension of the enforcement of the rights conferred by Part III during emergencies,-1.0749090209960939,38,0
abolition of untouchability,372,372. Continuance in force of existing laws and their adaptation,-1.129383349609375,39,0
abolition of untouchability,371A,371A. Special provision with respect to the State of Nagaland,-2.4933975585937502,40,0
freedom of religion,21,21. Protection of life and personal liberty No person shall be deprived of his life or personal liberty except according to procedure established by law,1.4546266357421875,1,0
freedom of religion,14,"14. Equality before law The State shall not deny to any person equality before the law or the equal protection of the laws within the territory of India Prohibition of discrimination on grounds of religion, race, caste, sex or place of birth",1.437260888671875,2,0
freedom of religion,17,17. Abolition of Untouchability Untouchability is abolished and its practice in any form is forbidden The enforcement of any disability arising out of Untouchability shall be an offence punishable in accordance with law,1.4128141330718993,3,0
freedom of religion,20,20. Protection in respect of conviction for offences,1.2923044876098633,4,0
freedom of religion,26,"26. Freedom to manage religious affairs Subject to public order, morality and health, every religious denomination or any section thereof shall have the right",1.213753125,5,0
freedom of religion,32,32. Remedies for enforcement of rights conferred by this Part,1.1789851806640625,6,0
freedom of religion,16,16. Equality of opportunity in matters of public employment,1.0235876953125,7,0
freedom of religion,27,"27. Freedom as to payment of taxes for promotion of any particular religion No person shall be compelled to pay any taxes, the proceeds of which are specifically appropriated in payment of expenses for the promotion or maintenance of any particular religion or religions denomination",1.0039875,8,0
freedom of religion,25,"25. Freedom of conscience and free profession, practice and propagation of religion",0.996534375,9,1
freedom of religion,28,28. Freedom as to attendance at religious instruction or religious worship in certain educational institutions,0.84582578125,10,0
freedom of religion,19,19. Protection of certain rights regarding freedom of speech etc,0.498532421875,11,0
freedom of religion,29,29. Protection of interests of minorities,0.41678544921875,12,0
freedom of religion,23,23. Prohibition of traffic in human beings and forced labour,0.3118855224609375,13,0
freedom of religion,18,"18. Abolition of titles No title, not being a military or academic distinction, shall be conferred by the State No citizen of India shall accept any title from any foreign State No person who is not a citizen of India shall, while he holds any office of profit or trust under the State, accept without the consent of the President any title from any foreign State No person holding any office of profit or trust under the State shall, without the consent of the President, accept any present, emolument, or office of any kind from or under any foreign State Right to Freedom",0.2788152221679687,14,0
freedom of religion,15,"15. Prohibition of discrimination on grounds of religion, race, caste, sex or place of birth",0.21397656249999997,15,0
freedom of religion,33,"33. Power of Parliament to modify the rights conferred by this Part in their application etc Parliament may, by law, determine to what extent any of the rights conferred by this Part shall, in their application to,",0.196086083984375,16,0
freedom of religion,30,30. Right of minorities to establish and administer educational institutions,0.19177211914062497,17,0
freedom of religion,301,"301. Freedom of trade, commerce and intercourse Subject to the other provisions of this Part, trade, commerce and intercourse throughout the territory of India shall be free",-0.06438966674804687,18,0
freedom of religion,45,"45. Provision for free and compulsory education for children The State shall endeavour to provide, within a period of ten years from the commencement of this Constitution, for free and compulsory education for all children until they complete the age of fourteen years",-0.10647043914794922,19,0
freedom of religion,302,"302. Power of Parliament to impose restrictions on trade, commerce and intercourse Parliament may by law impose such restrictions on the freedom of trade, commerce or intercourse between one State and another or within any part of the territory of India as may be required in the public interest",-0.11513325500488282,20,0
freedom of religion,11,11. Parliament to regulate the right of citizenship by law Nothing in the foregoing provisions of this Part shall derogate from the power of Parliament to make any provision with respect to the acquisition and termination of citizenship and all other matters relating to citizenship PART III FUNDAMENTAL RIGHTS General,-0.12531744689941407,21,0
freedom of religion,121,121. Restriction on discussion in Parliament No discussions shall take place in Parliament with respect to the conduct of any Judge of the Supreme Court or of a High Court in the discharge of his duties expect upon a motion for presenting an address to the President praying for the removal of the Judge as hereinafter provided,-0.12682508544921875,22,0
freedom of religion,355,355. Duty of the Union to protect States against external aggression and internal disturbance It shall be the duty of the Union to protect every State against external aggression and internal disturbance and to ensure that the government of every State is carried on in accordance with the provisions of this Constitution,-0.12736812438964845,23,0
freedom of religion,325,"325. No person to be ineligible for inclusion in, or to claim to be included in a special, electoral roll on grounds of religion, race, caste or sex There shall be one general electoral roll for every territorial constituency for election to either House of Parliament or to the House or either House of the Legislature of a State and no person shall be ineligible for inclusion in any such roll or claim to be included in any special electoral roll for any such constituency on grounds only of religion, race, caste, sex or any of them",-0.1378619140625,24,0
freedom of religion,161,"161. Power of Governor to grant pardons, etc, and to suspend, remit or commute sentences in certain cases The Governor of a State shall have the power to grant pardons, reprieves, respites or remissions of punishment or to suspend, remit or commute the sentence of any person convicted of any offence against any law relating to a matter to which the executive power of the State extends",-0.15374714355468752,25,0
freedom of religion,69,"69. Oath or affirmation by the Vice President Every Vice President shall, before entering upon his office, make and subscribe before the President, or some person appointed in that behalf by him, an oath or affirmation in the following form, that is to say swear in the name of God I, A B, do that solemnly affirm will bear true faith, and allegiance to the Constitution of India as by law established and that I will faithfully discharge the duty upon which I am about to enter",-0.183295947265625,26,0
freedom of religion,136,136. Special leave to appeal by the Supreme Court,-0.2021119239807129,27,0
freedom of religion,371G,"371G. Special provision with respect to the State of Mizoram Notwithstanding anything in this Constitution,",-0.273318994140625,28,0
freedom of religion,60,"60. Oath or affirmation by the President Every President and every person acting as President or discharging the functions of the President shall, before entering upon his office, make and subscribe in the presence of the Chief Justice of India or, in his absence, the senior most Judge of the Supreme Court available, an oath or affirmation in the following form, that is to say swear in the name of God I, A B, do that I olemnly affirm will faithfully execute the office of President (or discharge the functions of thePresident) of India and will do the best of my ability preserve, protect and defend the Constitution and the law and that I will devote myself to the service and well being of the people of India",-0.28349755859375003,29,0
freedom of religion,304,"304. Restrictions on trade, commerce and intercourse among States Notwithstanding anything in Article 301 or Article 303, the Legislature of a State may by law",-0.2961250762939453,30,0
freedom of religion,159,"159. Oath or affirmation by Governor Every Governor and every person discharging the functions of the Governor shall, before entering upon his office, make and subscribe in the presence of the chief Justice of the High Court exercising jurisdiction in relation to the State, or, in his absence, the senior most Judge of that court available, an oath or affirmation in the following form, that is to say swear in the name of God I, A B, do that I solemnly affirm will faithfully execute the office of Governor (or discharge the functions of the Governor) of (name of the State) and will to the best of my ability preserve, protect and defend the Constitution and the law and that I will devote myself to the service and well being of the people of (name of the State)",-0.30466622009277344,31,0
freedom of religion,72,"72. Power of President to grant pardons, etc, and to suspend, remit or commute sentences in certain cases",-0.31043311309814453,32,0
freedom of religion,289,289. Exemption of property and income of a State from Union taxation,-0.3138568296432495,33,0
freedom of religion,71,"71. Matters relating to, or connected with, the election of a president or Vice President",-0.4097810653686524,34,0
freedom of religion,361,361. A Protection of publication of proceedings of Parliament and State Legislature,-0.43094864044189457,35,0
freedom of religion,51A,"51A. Fundamental duties It shall be the duty of every citizen of India (a) to abide by the Constitution and respect its ideals and institutions, the national Flag and the National Anthem;",-0.4876676391601563,36,0
freedom of religion,310,310. Tenure of office of persons serving the Union or a State,-0.5102964599609375,37,0
freedom of religion,105,"105. Powers, privileges, etc of the Houses of Parliament and of the members and committees thereof",-0.5152839599609376,38,0
freedom of religion,194,"194. Powers, privileges, etc, of the House of Legislatures and of the members and committees thereof",-0.5572316528320312,39,0
freedom of religion,371A,371A. Special provision with respect to the State of Nagaland,-2.4378555664062502,40,0
minority educational institutions,30,30. Right of minorities to establish and administer educational institutions,1.16525234375,1,1
minority educational institutions,16,16. Equality of opportunity in matters of public employment,0.9529337799072265,2,0
minority educational institutions,29,29. Protection of interests of minorities,0.9419929687499999,3,0
minority educational institutions,26,"26. Freedom to manage religious affairs Subject to public order, morality and health, every religious denomination or any section thereof shall have the right",0.3377622573852539,4,0
minority educational institutions,28,28. Freedom as to attendance at religious instruction or religious worship in certain educational institutions,0.17721616210937496,5,0
minority educational institutions,15,"15. Prohibition of discrimination on grounds of religion, race, caste, sex or place of birth",0.0899121170043945,6,0
minority educational institutions,232,"232. Omitted by the Constitution 7 th Amendment Act, 1956 CHAPTER VI SUBORDINATE COURTS",-0.034776992607116704,7,0
minority educational institutions,329,329. A Special provision as to elections to Parliament in the case of Prime Minister and Speaker Omitted PART XVI SPECIAL PROVISIONS RELATING TO CERTAIN CLASSES,-0.06398033046722412,8,0
minority educational institutions,350,350. A Facilities for instruction in mother tongue at primary stage It shall be the endeavour of every State and of every local authority within the State to provide adequate facilities for instruction in the mother tongue at the primary stage of education to children belonging to linguistic minority groups; and the President may issue such directions to any State as he considers necessary or proper for securing the provision of such facilities,-0.06756669921875,9,0
minority educational institutions,244,244. Administration of Scheduled Areas and Tribal Areas,-0.10437824430465699,10,0
minority educational institutions,45,"45. Provision for free and compulsory education for children The State shall endeavour to provide, within a period of ten years from the commencement of this Constitution, for free and compulsory education for all children until they complete the age of fourteen years",-0.10671601028442383,11,0
minority educational institutions,331,"331. Representation of the Anglo Indian community in the Hose of the People Notwithstanding anything in Article 81, the President may, if he is of opinion that the Anglo Indian community is not adequately represented in the House of the people, nominate not more than two members of that community to the House of the People",-0.1295513030052185,12,0
minority educational institutions,41,"41. Right to work, to education and to public assistance in certain cases The State shall, within the limits of its economic capacity and development, make effective provision for securing the right to work, to education and to public assistance in cases of unemployment, old age, sickness and disablement, and in other cases of undeserved want",-0.1369882179260254,13,0
minority educational institutions,335,"335. Claims of Scheduled Castes and Scheduled Tribes to services and posts The claims of the members of the Scheduled Castes and the Scheduled Tribes shall be taken into consideration, consistently with the maintenance of efficiency of administration, in the making of appointments to services and posts in connection with the affairs of the Union or of a State",-0.1443769926071167,14,0
minority educational institutions,46,"46. Promotion of educational and economic interests of Scheduled Castes, Scheduled Tribes and other weaker sections The State shall promote with special care the educational and economic interests of the weaker sections of the people, and, in particular, of the Scheduled Castes and the Scheduled Tribes, and shall protect them from social injustice and all forms of exploitation",-0.1479207244873047,15,0
minority educational institutions,333,"333. Representation of the Anglo Indian community in the Legislative Assemblies of the States Notwithstanding anything in Article 170, the Governor of a State may, if he is of opinion that the Anglo Indian community needs representation in the Legislative Assembly of the State and is not adequately represented therein, nominate one member of that community to the Assembly",-0.14953395805358888,16,0
minority educational institutions,39A,39. A Equal justice and free legal aid,-0.15237454881668092,17,0
minority educational institutions,350,350. B Special Officer for linguistic minorities,-0.22734469299316407,18,0
minority educational institutions,341,341. Scheduled Castes,-0.30035529651641846,19,0
minority educational institutions,339,339. Control of the Union over the administration of Scheduled Areas and the welfare of Scheduled Tribes,-0.31196572732925415,20,0
minority educational institutions,371G,"371G. Special provision with respect to the State of Mizoram Notwithstanding anything in this Constitution,",-0.31752454051971435,21,0
minority educational institutions,243Z,243Z. C Part not to apply to certain areas,-0.32311452693939213,22,0
minority educational institutions,334,"334. Reservation of seats and special representation to cease after forty years Notwithstanding anything in the foregoing provisions of this Part, the provisions of Constitution relating to",-0.33075279312133793,23,0
minority educational institutions,342,342. Scheduled Tribes,-0.33274260072708134,24,0
minority educational institutions,338,"338. Special Officer for Scheduled Castes, Scheduled Tribes etc",-0.35026231327056884,25,0
minority educational institutions,337,"337. Special provision with respect to educational grants for the benefit of Anglo Indian community During the first three financial years after the commencement of this Constitution, the same grants, if any, shall be made by the Union and by each State for the benefit of the Anglo Indian community in respect of education as were made in the financial year ending on the thirty first day of March, 1948 During every succeeding period of three years the grants may be less by ten per cent than those for the immediately preceding period of three years: Provided that at the end of ten years from the commencement of this Constitution such grants, to the extent to which they are a special concession to the Anglo Indian community, shall cease: Provided further that no educational institution shall be entitled to receive any grant under this article unless at least forty per cent of annual admissions therein are made available to members of communities other than the Anglo Indian community",-0.37104970703125,26,0
minority educational institutions,371,371. Special provision with respect to the States of Maharashtra and Gujarat,-0.3784574981689453,27,0
minority educational institutions,336,336. Special provision for Anglo Indian community in certain services,-0.4182984932899475,28,0
minority educational institutions,102,102. Disqualification s for membership,-0.4247775290489197,29,0
minority educational institutions,340,340. Appointment of a Commission to investigate the conditions of backward classes,-0.43720328369140626,30,0
minority educational institutions,191,191. Disqualifications for membership,-0.4831527931213379,31,0
minority educational institutions,243Q,243Q. Constitution of Municipalities,-0.48355422363281253,32,0
minority educational institutions,332,332. Reservation of seats for Scheduled Castes and Scheduled Tribes in the Legislative Assemblies of the States,-0.5851190568923951,33,0
minority educational institutions,243M,243M. Part not to apply to certain areas,-0.6188750354766847,34,0
minority educational institutions,243T,243T. Reservation of seats,-0.6960874332427979,35,0
minority educational institutions,330,330. Reservation of seats for Scheduled Castes and Scheduled Tribes in the House of the People,-0.6994858571052551,36,0
minority educational institutions,171,171. Composition of the Legislative Councils,-0.93164375,37,0
minority educational institutions,243D,243D. Reservation of seats,-0.9937014335632325,38,0
minority educational institutions,371F,"371F. Special provisions with respect to the State of Sikkim Notwithstanding anything in this Constitution,",-2.3452534423828126,39,0
minority educational institutions,371D,371D. Special provisions with respect to the state of Andhra Pradesh,-2.767390234375,40,0
right to constitutional remedies,32,32. Remedies for enforcement of rights conferred by this Part,1.9057765625,1,1
right to constitutional remedies,22,22. Protection against arrest and detention in certain cases,0.5463650390625,2,0
right to constitutional remedies,19,19. Protection of certain rights regarding freedom of speech etc,0.4069796875,3,0
right to constitutional remedies,34,"34. Restriction on rights conferred by this Part while martial law is in force in any area Notwithstanding anything in the foregoing provisions of this Part, Parliament may by law indemnify any person in the service of the Union or of a State or any other person in respect of any act done by him in connection with the maintenance or restoration of order in any area within the territory of India where martial law was in force or validate any sentence passed, punishment inflicted, forfeiture ordered or other act done under martial law in such area",0.29531655273437496,4,0
right to constitutional remedies,362,"362. Rights and privileges of Rulers of Indian States Rep by the Constitution (Twenty sixth Amendment) Act, 1971 ,",-0.03562838134765625,5,0
right to constitutional remedies,144,"144. Civil and judicial authorities to act in aid of the Supreme Court All authorities, civil and judicial, in the territory of India shall act in aid of the Supreme Court",-0.06168231811523438,6,0
right to constitutional remedies,228A,"228A. Special provisions as to disposal of question relating to constitutional validity of State Laws Rep by the Constitution (Forty third Amendment) Act, 1977 , sec 10, (w e f 13 4 1978 )",-0.0635575439453125,7,0
right to constitutional remedies,350,"350. Language to be used in representations for redress of grievances Every person shall be entitled to submit a representation for the redress of any grievance to any officer or authority of the Union or a State in any of the languages used in the Union or in the State, as the case may be",-0.10721856689453126,8,0
right to constitutional remedies,41,"41. Right to work, to education and to public assistance in certain cases The State shall, within the limits of its economic capacity and development, make effective provision for securing the right to work, to education and to public assistance in cases of unemployment, old age, sickness and disablement, and in other cases of undeserved want",-0.1137810302734375,9,0
right to constitutional remedies,11,11. Parliament to regulate the right of citizenship by law Nothing in the foregoing provisions of this Part shall derogate from the power of Parliament to make any provision with respect to the acquisition and termination of citizenship and all other matters relating to citizenship PART III FUNDAMENTAL RIGHTS General,-0.11714445800781251,10,0
right to constitutional remedies,355,355. Duty of the Union to protect States against external aggression and internal disturbance It shall be the duty of the Union to protect every State against external aggression and internal disturbance and to ensure that the government of every State is carried on in accordance with the provisions of this Constitution,-0.12191119995117189,11,0
right to constitutional remedies,375,"375. Courts, authorities and officers to continue to function subject to the provisions of the Constitution All courts of civil, criminal and revenue jurisdiction, all authorities and all officers, judicial, executive and ministerial, throughout the territory of India, shall continue to exercise their respective functions subject to the provisions of this Constitution",-0.12909436035156252,12,0
right to constitutional remedies,140,140. Ancillary powers of Supreme Court Parliament may by law make provision for conferring upon the Supreme Court such supplemental powers not inconsistent with any of the provisions of this Constitution as may appear to be necessary or desirable for the purpose of enabling the Court more effectively to exercise the jurisdiction conferred upon it by or under this Constitution,-0.1384283935546875,13,0
right to constitutional remedies,39A,39. A Equal justice and free legal aid,-0.14348123779296876,14,0
right to constitutional remedies,135,"135. Jurisdiction and powers of the Federal Court under existing law to be exercisable by the Supreme Court Until Parliament by law otherwise provides, the Supreme Court shall also have jurisdiction and powers with respect to any matter to which the provisions of Article 133 or Article 134 do not apply if jurisdiction and powers in relation to that matter were exercisable by the Federal Court immediately before the commencement of this Constitution under any existing law",-0.1780828857421875,15,0
right to constitutional remedies,136,136. Special leave to appeal by the Supreme Court,-0.1953689697265625,16,0
right to constitutional remedies,261,"261. Public acts, records and judicial proceedings Full faith and credit shall be given throughout the territory of India to public acts, records and judicial proceedings of the Union and of every State",-0.24239676513671876,17,0
right to constitutional remedies,230,230. Extension of jurisdiction of High Courts to Union territories,-0.24883871459960938,18,0
right to constitutional remedies,72,"72. Power of President to grant pardons, etc, and to suspend, remit or commute sentences in certain cases",-0.2801396484375,19,0
right to constitutional remedies,300,300. Suits and proceedings,-0.32342382812500003,20,0
right to constitutional remedies,131,"131. Original jurisdiction of the Supreme Court Subject to the provisions of this Constitution, the Supreme Court shall, to the exclusion of any other court, have original jurisdiction in any dispute",-0.3500022705078125,21,0
right to constitutional remedies,133,133. Appellate jurisdiction of Supreme Court in appeals from High Courts in regard to civil matters,-0.36401749267578126,22,0
right to constitutional remedies,392,392. Power of the President to remove difficulties,-0.37035214843750003,23,0
right to constitutional remedies,309,"309. Recruitment and conditions of service of persons serving the Union or a State Subject to the provisions of this Constitution, Acts of the appropriate Legislature may regulate the recruitment, and conditions of service of persons appointed, to public services and posts in connection with the affairs of the Union or of any State: Provided that it shall be competent for the President or such person as he may direct in the case of services and posts in connection with the affairs of the Union, and for the Governor of a State or such person as he may direct in the case of services and posts in connection with the affairs of the State, to make rules regulating the recruitment, and the conditions of service of persons appointed, to such services and posts until provision in that behalf is made by or under an Act of the appropriate Legislature under this article, and any rules so made shall have effect subject to the provisions of any such Act",-0.37875423583984374,24,0
right to constitutional remedies,225,"225. Jurisdiction of existing High Courts Subject to the provisions of this Constitution and to the provisions of any law of the appropriate Legislature made by virtue of powers conferred on that Legislature by this Constitution, the jurisdiction of, and the law administered in, any existing High Court, and the respective powers of the Judges thereof in relation to the administration of justice in the Court, including any power to make rules of Court and to regulate the sittings of the Court and of members thereof sitting alone or in Division Courts, shall be the same as immediately before the commencement of this Constitution: Provided that any restriction to which the exercise of original jurisdiction by any of the High Courts with respect to any matter concerning the revenue or concerning any act ordered or done in the collection thereof was subject immediately before the commencement of this Constitution shall no longer apply to the exercise of such jurisdiction",-0.38190631103515627,25,0
right to constitutional remedies,73,73. Extent of executive power of the Union,-0.41232210083007814,26,0
right to constitutional remedies,241,241. High Courts for Union territories,-0.4426877807617188,27,0
right to constitutional remedies,310,310. Tenure of office of persons serving the Union or a State,-0.5080419738769532,28,0
right to constitutional remedies,369,"369. Temporary power to Parliament to make laws with respect to certain matters in the State List as if they were matters in the Concurrent List Notwithstanding anything in this Constitution, Parliament shall, during a period of five years from the commencement of this constitution, have power to make laws with respect to the following matters as if they were enumerated in the Concurrent List, namely:",-0.539286181640625,29,0
right to constitutional remedies,323,"323. A Administrative tribunals Parliament may, by law, provide for the adjudication or trial by administrative tribunals of disputes and complaints with respect to recruitment and conditions of service of persons appointed to public services and posts in connection with the affairs of the Union or of any State or of any local or other authority within the territory of India or under the control of the Government of India or of any corporation owned or controlled by the Government",-0.77298759765625,30,0
right to constitutional remedies,368,368. Power of Parliament to amend the Constitution and procedure therefor,-0.774245361328125,31,0
right to constitutional remedies,374,"374. Provisions as to Judges of the Federal Court and proceedings pending in the Federal Court or before His Majesty in Council ( 1 ) The Judges of the Federal Court holding office immediately before the commencement of this Constitution shall, unless they have elected otherwise, become on such commencement the Judges of the Supreme Court and shall thereupon be entitled to such salaries and allowances and to such rights in respect of leave of absence and pension as are provided for under Article 125 in respect of the Judges of the Supreme Court",-0.8503063720703126,32,0
right to constitutional remedies,356,356. Provisions in case of failure of constitutional machinery in State,-0.85646552734375,33,0
right to constitutional remedies,226,226. Power of High Courts to issue certain writs,-0.86676630859375,34,0
right to constitutional remedies,352,352. Proclamation of Emergency,-0.9987161621093752,35,0
right to constitutional remedies,359,359. Suspension of the enforcement of the rights conferred by Part III during emergencies,-1.0690267578125001,36,0
right to constitutional remedies,312A,312A. Power of Parliament to vary or revoke conditions of service of officers of certain services,-1.138922216796875,37,0
right to constitutional remedies,145,"145. Rules of Court, etc",-1.1826725830078126,38,0
right to constitutional remedies,371F,"371F. Special provisions with respect to the State of Sikkim Notwithstanding anything in this Constitution,",-2.283531640625,39,0
right to constitutional remedies,371D,371D. Special provisions with respect to the state of Andhra Pradesh,-2.853724462890625,40,0
protection against double jeopardy,21,21. Protection of life and personal liberty No person shall be deprived of his life or personal liberty except according to procedure established by law,1.4395981590270996,1,0
protection against double jeopardy,17,17. Abolition of Untouchability Untouchability is abolished and its practice in any form is forbidden The enforcement of any disability arising out of Untouchability shall be an offence punishable in accordance with law,1.4125273155212401,2,0
protection against double jeopardy,14,"14. Equality before law The State shall not deny to any person equality before the law or the equal protection of the laws within the territory of India Prohibition of discrimination on grounds of religion, race, caste, sex or place of birth",1.4036903010368347,3,0
protection against double jeopardy,20,20. Protection in respect of conviction for offences,1.2907726482391357,4,1
protection against double jeopardy,32,32. Remedies for enforcement of rights conferred by this Part,1.1549713037490845,5,0
protection against double jeopardy,22,22. Protection against arrest and detention in certain cases,0.5295326873779297,6,0
protection against double jeopardy,29,29. Protection of interests of minorities,0.3293956224441528,7,0
protection against double jeopardy,23,23. Prohibition of traffic in human beings and forced labour,0.30365143880844114,8,0
protection against double jeopardy,34,"34. Restriction on rights conferred by this Part while martial law is in force in any area Notwithstanding anything in the foregoing provisions of this Part, Parliament may by law indemnify any person in the service of the Union or of a State or any other person in respect of any act done by him in connection with the maintenance or restoration of order in any area within the territory of India where martial law was in force or validate any sentence passed, punishment inflicted, forfeiture ordered or other act done under martial law in such area",0.27991757354736324,9,0
protection against double jeopardy,33,"33. Power of Parliament to modify the rights conferred by this Part in their application etc Parliament may, by law, determine to what extent any of the rights conferred by this Part shall, in their application to,",0.1922117820739746,10,0
protection against double jeopardy,15,"15. Prohibition of discrimination on grounds of religion, race, caste, sex or place of birth",0.08812528896331784,11,0
protection against double jeopardy,291,"291. Privy purse sums of Rulers Rep by the Constitution (Twenty sixth Amendment) Act, 1971 , Section 2 CHAPTER II BORROWING",-0.049182357025146485,12,0
protection against double jeopardy,329,329. A Special provision as to elections to Parliament in the case of Prime Minister and Speaker Omitted PART XVI SPECIAL PROVISIONS RELATING TO CERTAIN CLASSES,-0.06398092651367188,13,0
protection against double jeopardy,42,42. Provision for just and humane conditions of work and maternity relief The State shall make provision for securing just and humane conditions of work and for maternity relief,-0.07078319149017334,14,0
protection against double jeopardy,314,"314. Provision for protection of existing officers of certain services Rep by the Constitution (Twenty eight Amendment) Act, 1972 , Section 3 (w e f 29 08 1972 ) CHAPTER II PUBLIC SERVICE COMMISSION",-0.07907852573394776,15,0
protection against double jeopardy,48A,48A. Protection and improvement of environment and safeguarding of forests and wild life The State shall endeavour to protect and improve the environment and to safeguard the forests and wild life of the country,-0.08417302551269532,16,0
protection against double jeopardy,292,"292. Borrowing by the Government of India The executive power of the Union extends to borrowing upon the security of the Consolidated Fund of India within such limits, if any, as may from time to time be fixed by Parliament by law and to the giving of guarantees within such limits, if any, as may be so fixed",-0.12357371435165405,17,0
protection against double jeopardy,48,"48. Organisation of agriculture and animal husbandry The State shall endeavour to organise agriculture and animal husbandry on modern and scientific lines and shall, in particular, take steps for preserving and improving the breeds, and prohibiting the slaughter, of cows and calves and other milch and draught cattle",-0.12677663497924804,18,0
protection against double jeopardy,355,355. Duty of the Union to protect States against external aggression and internal disturbance It shall be the duty of the Union to protect every State against external aggression and internal disturbance and to ensure that the government of every State is carried on in accordance with the provisions of this Constitution,-0.12726608123779298,19,0
protection against double jeopardy,41,"41. Right to work, to education and to public assistance in certain cases The State shall, within the limits of its economic capacity and development, make effective provision for securing the right to work, to education and to public assistance in cases of unemployment, old age, sickness and disablement, and in other cases of undeserved want",-0.1375328851699829,20,0
protection against double jeopardy,49,"49. Protection of monuments and places and objects of national importance It shall be the obligation of the State to protect every monument or place or object of artistic or historic interests, declared by or under law made by Parliament to be of national importance, from spoliation, disfigurement, destruction, removal, disposal or export, as the case may be",-0.14378852272033693,21,0
protection against double jeopardy,46,"46. Promotion of educational and economic interests of Scheduled Castes, Scheduled Tribes and other weaker sections The State shall promote with special care the educational and economic interests of the weaker sections of the people, and, in particular, of the Scheduled Castes and the Scheduled Tribes, and shall protect them from social injustice and all forms of exploitation",-0.1514511075973511,22,0
protection against double jeopardy,39A,39. A Equal justice and free legal aid,-0.15233240833282471,23,0
protection against double jeopardy,51,51. Promotion of international peace and security The State shall endeavour to,-0.15870683794021606,24,0
protection against double jeopardy,43,"43. Living wage, etc, for workers The State shall endeavour to secure, by suitable legislation or economic organisation or in any other way, to all workers, agricultural, industrial or otherwise, work, a living wage, conditions of work ensuring a decent standard of life and full enjoyment of leisure and social and cultural opportunities and, in particular, the State shall endeavour to promote cottage industries on an individual or co operative basis in rural areas",-0.18718092651367188,25,0
protection against double jeopardy,38,38. State to secure a social order for the promotion of welfare of the people,-0.24034081258773804,26,0
protection against double jeopardy,104,"104. Penalty for sitting and voting before making oath or affirmation under Article 99 or when not qualified or when disqualified If a person sits or votes as a member of either House of Parliament before he has complied with the requirements of Article 99, or when he knows that he is not qualified or that he is disqualified for membership thereof, or that he is prohibited from so doing by the provisions of any law made by Parliament, he shall be liable in respect of each day on which he so sits or votes to a penalty of five hundred rupees to be recovered as a debt due to the Union Powers, Privileges and Immunities of Parliament and its Members",-0.2606867511749268,27,0
protection against double jeopardy,193,"193. Penalty for sitting and voting before making oath or affirmation under Article 188 or when not qualified or when disqualified If a person sits or votes as a member of the Legislative Assembly or the Legislative Council of a State before he has complied with the requirements of Article 188, or when he knows that he is not qualified or that he is disqualified for membership thereof, or that he is prohibited from so doing by the provisions of any law made by Parliament or the legislature of the State, he shall be liable in respect of each day on which he so sits or votes to a penalty of five hundred rupees to be recovered as a debt due to the State Powers, Privileges and Immunities of State Legislatures and their Members",-0.29271387128829957,28,0
protection against double jeopardy,273,273. Grants in lieu of export duty on jute and jute products,-0.30318134374618533,29,0
protection against double jeopardy,338,"338. Special Officer for Scheduled Castes, Scheduled Tribes etc",-0.35017123737335204,30,0
protection against double jeopardy,102,102. Disqualification s for membership,-0.4247566674232483,31,0
protection against double jeopardy,361,361. A Protection of publication of proceedings of Parliament and State Legislature,-0.431304122543335,32,0
protection against double jeopardy,267,267. Contingency Fund,-0.4379227523803711,33,0
protection against double jeopardy,310,310. Tenure of office of persons serving the Union or a State,-0.5107302625656128,34,0
protection against double jeopardy,293,293. Borrowing by States,-0.525947726726532,35,0
protection against double jeopardy,283,"283. Custody, etc of Consolidated Funds, Contingency Funds and moneys credited to the public accounts",-0.5287697804450989,36,0
protection against double jeopardy,66,66. Election of Vice President,-0.5655711513519287,37,0
protection against double jeopardy,361,361. Protection of President and Governors and Rajpramukhs,-0.7002382858276367,38,0
protection against double jeopardy,360,360. Provisions as to financial emergency,-1.0089218048095703,39,0
protection against double jeopardy,352,352. Proclamation of Emergency,-1.015126989746094,40,0
forced labour prohibition,17,17. Abolition of Untouchability Untouchability is abolished and its practice in any form is forbidden The enforcement of any disability arising out of Untouchability shall be an offence punishable in accordance with law,1.4133474754333495,1,0
forced labour prohibition,23,23. Prohibition of traffic in human beings and forced labour,1.2747914062499999,2,1
forced labour prohibition,16,16. Equality of opportunity in matters of public employment,0.9516992485046386,3,0
forced labour prohibition,22,22. Protection against arrest and detention in certain cases,0.5316174194335938,4,0
forced labour prohibition,19,19. Protection of certain rights regarding freedom of speech etc,0.388577587890625,5,0
forced labour prohibition,24,"24. Prohibition of employment of children in factories, etc No child below the age of fourteen years shall be employed to work in any factory or mine or engaged in any other hazardous employment Provided that nothing in this sub clause shall authorise the detention of any person beyond the maximum period prescribed by any law made by Parliament under sub clause (b) of clause ( 7 ); or such person is detained in accordance with the provisions of any law made by Parliament under sub clauses (a) and (b) of clause ( 7 )",0.35324550781249997,6,0
forced labour prohibition,15,"15. Prohibition of discrimination on grounds of religion, race, caste, sex or place of birth",0.09495800781249997,7,0
forced labour prohibition,13,13. Laws inconsistent with or in derogation of the fundamental rights,0.053171920776367176,8,0
forced labour prohibition,257,257. A Assistance to States by deployment of armed forces or other forces of the Union Omitted,-0.03695388565063477,9,0
forced labour prohibition,42,42. Provision for just and humane conditions of work and maternity relief The State shall make provision for securing just and humane conditions of work and for maternity relief,-0.0691510971069336,10,0
forced labour prohibition,306,"306. Power of certain States in Part B of the First Schedule to impose restrictions on trade and commerce Rep by the Constitution (Seventh Amendment) Act, 1956 , Section 29 and Schedule",-0.07229959869384767,11,0
forced labour prohibition,41,"41. Right to work, to education and to public assistance in certain cases The State shall, within the limits of its economic capacity and development, make effective provision for securing the right to work, to education and to public assistance in cases of unemployment, old age, sickness and disablement, and in other cases of undeserved want",-0.1345959259033203,12,0
forced labour prohibition,46,"46. Promotion of educational and economic interests of Scheduled Castes, Scheduled Tribes and other weaker sections The State shall promote with special care the educational and economic interests of the weaker sections of the people, and, in particular, of the Scheduled Castes and the Scheduled Tribes, and shall protect them from social injustice and all forms of exploitation",-0.1487771240234375,13,0
forced labour prohibition,43,"43. Living wage, etc, for workers The State shall endeavour to secure, by suitable legislation or economic organisation or in any other way, to all workers, agricultural, industrial or otherwise, work, a living wage, conditions of work ensuring a decent standard of life and full enjoyment of leisure and social and cultural opportunities and, in particular, the State shall endeavour to promote cottage industries on an individual or co operative basis in rural areas",-0.18423025817871094,14,0
forced labour prohibition,373,"373. Power of President to make order in respect of persons under preventive detention in certain cases Until provision is made by Parliament under clause ( 7 ) of Article 22, or until the expiration of one year from the commencement of this Constitution, whichever is earlier, the said article shall have effect as if for any reference to Parliament in clauses ( 4 ) and ( 7 ) thereof there were substituted a reference to the Parliament in those clauses there were substituted a reference to an order made by the President",-0.20642807922363282,15,0
forced labour prohibition,305,"305. Saving of existing laws and laws providing for State monopolies Nothing in Articles 301 and 303 shall affect the provisions of any existing law except in so far as the President may be order otherwise direct; and nothing in Article 301 shall affect the operation of any law made before the commencement of the Constitution (Fourth Amendment) Act, 1955 , in so far as it relates to, or prevent Parliament or the Legislature of a State from making any law relating to, any such matter as is referred to in sub clause (ii) of clause ( 6 ) of Article 19",-0.21779102478027346,16,0
forced labour prohibition,341,341. Scheduled Castes,-0.29645560302734375,17,0
forced labour prohibition,304,"304. Restrictions on trade, commerce and intercourse among States Notwithstanding anything in Article 301 or Article 303, the Legislature of a State may by law",-0.2966114501953125,18,0
forced labour prohibition,339,339. Control of the Union over the administration of Scheduled Areas and the welfare of Scheduled Tribes,-0.3088528747558594,19,0
forced labour prohibition,342,342. Scheduled Tribes,-0.33117112426757817,20,0
forced labour prohibition,303,303. Restrictions on the legislative powers of the Union and of the States with regard to trade and commerce,-0.3446034103393555,21,0
forced labour prohibition,39,"39. Certain principles of policy to be followed by the State: The State shall, in particular, direct its policy towards securing",-0.3976316528320313,22,0
forced labour prohibition,191,191. Disqualifications for membership,-0.482373641204834,23,0
forced labour prohibition,353,"353. Effect of Proclamation of Emergency While a Proclamation of Emergency is in operation, then",-0.5030645904541016,24,0
forced labour prohibition,369,"369. Temporary power to Parliament to make laws with respect to certain matters in the State List as if they were matters in the Concurrent List Notwithstanding anything in this Constitution, Parliament shall, during a period of five years from the commencement of this constitution, have power to make laws with respect to the following matters as if they were enumerated in the Concurrent List, namely:",-0.537210986328125,25,0
forced labour prohibition,288,288. Exemption from taxation by States in respect of water or electricity in certain cases,-0.5464051124572754,26,0
forced labour prohibition,323B,323B. Tribunals for other matters,-0.571157568359375,27,0
forced labour prohibition,358,358. Suspension of provisions of Article 19 during emergencies,-0.6088891143798828,28,0
forced labour prohibition,276,"276. Taxes on professions, trades, callings and employments",-0.6330025230407715,29,0
forced labour prohibition,243T,243T. Reservation of seats,-0.6955960525512696,30,0
forced labour prohibition,311,"311. Dismissal, removal or reduction in rank of persons employed in civil capacities under the Union or a State",-0.7044703186035156,31,0
forced labour prohibition,356,356. Provisions in case of failure of constitutional machinery in State,-0.8646900146484375,32,0
forced labour prohibition,352,352. Proclamation of Emergency,-0.9958627685546877,33,0
forced labour prohibition,360,360. Provisions as to financial emergency,-1.0063754943847656,34,0
forced labour prohibition,370,370. Temporary provisions with respect to the State of Jammu and Kashmir,-1.018645361328125,35,0
forced labour prohibition,359,359. Suspension of the enforcement of the rights conferred by Part III during emergencies,-1.0737569824218751,36,0
forced labour prohibition,213,213. Power of Governor to promulgate Ordinances during recess of Legislature,-1.1392316894531251,37,0
forced labour prohibition,312A,312A. Power of Parliament to vary or revoke conditions of service of officers of certain services,-1.1679673217773439,38,0
forced labour prohibition,372,372. Continuance in force of existing laws and their adaptation,-1.177795672607422,39,0
forced labour prohibition,371D,371D. Special provisions with respect to the state of Andhra Pradesh,-2.879206640625,40,0
child labour prohibition,17,17. Abolition of Untouchability Untouchability is abolished and its practice in any form is forbidden The enforcement of any disability arising out of Untouchability shall be an offence punishable in accordance with law,1.4130361007690428,1,0
child labour prohibition,14,"14. Equality before law The State shall not deny to any person equality before the law or the equal protection of the laws within the territory of India Prohibition of discrimination on grounds of religion, race, caste, sex or place of birth",1.4044459091186523,2,0
child labour prohibition,24,"24. Prohibition of employment of children in factories, etc No child below the age of fourteen years shall be employed to work in any factory or mine or engaged in any other hazardous employment Provided that nothing in this sub clause shall authorise the detention of any person beyond the maximum period prescribed by any law made by Parliament under sub clause (b) of clause ( 7 ); or such person is detained in accordance with the provisions of any law made by Parliament under sub clauses (a) and (b) of clause ( 7 )",1.1260726562499999,3,1
child labour prohibition,16,16. Equality of opportunity in matters of public employment,0.9514233982086181,4,0
child labour prohibition,23,23. Prohibition of traffic in human beings and forced labour,0.472789453125,5,0
child labour prohibition,19,19. Protection of certain rights regarding freedom of speech etc,0.37871278076171877,6,0
child labour prohibition,15,"15. Prohibition of discrimination on grounds of religion, race, caste, sex or place of birth",0.09344738769531247,7,0
child labour prohibition,25,"25. Freedom of conscience and free profession, practice and propagation of religion",0.07106020812988278,8,0
child labour prohibition,13,13. Laws inconsistent with or in derogation of the fundamental rights,0.052002716064453114,9,0
child labour prohibition,35,"35. Legislation to give effect to the provisions of this Part Notwithstanding anything in this Constitution,",0.013882226562499933,10,0
child labour prohibition,257,257. A Assistance to States by deployment of armed forces or other forces of the Union Omitted,-0.03751250038146973,11,0
child labour prohibition,42,42. Provision for just and humane conditions of work and maternity relief The State shall make provision for securing just and humane conditions of work and for maternity relief,-0.06985252456665039,12,0
child labour prohibition,306,"306. Power of certain States in Part B of the First Schedule to impose restrictions on trade and commerce Rep by the Constitution (Seventh Amendment) Act, 1956 , Section 29 and Schedule",-0.07334864044189454,13,0
child labour prohibition,45,"45. Provision for free and compulsory education for children The State shall endeavour to provide, within a period of ten years from the commencement of this Constitution, for free and compulsory education for all children until they complete the age of fourteen years",-0.10615954132080078,14,0
child labour prohibition,302,"302. Power of Parliament to impose restrictions on trade, commerce and intercourse Parliament may by law impose such restrictions on the freedom of trade, commerce or intercourse between one State and another or within any part of the territory of India as may be required in the public interest",-0.11690518188476563,15,0
child labour prohibition,48,"48. Organisation of agriculture and animal husbandry The State shall endeavour to organise agriculture and animal husbandry on modern and scientific lines and shall, in particular, take steps for preserving and improving the breeds, and prohibiting the slaughter, of cows and calves and other milch and draught cattle",-0.12607902221679687,16,0
child labour prohibition,41,"41. Right to work, to education and to public assistance in certain cases The State shall, within the limits of its economic capacity and development, make effective provision for securing the right to work, to education and to public assistance in cases of unemployment, old age, sickness and disablement, and in other cases of undeserved want",-0.13673406372070313,17,0
child labour prohibition,46,"46. Promotion of educational and economic interests of Scheduled Castes, Scheduled Tribes and other weaker sections The State shall promote with special care the educational and economic interests of the weaker sections of the people, and, in particular, of the Scheduled Castes and the Scheduled Tribes, and shall protect them from social injustice and all forms of exploitation",-0.1503449645996094,18,0
child labour prohibition,43,"43. Living wage, etc, for workers The State shall endeavour to secure, by suitable legislation or economic organisation or in any other way, to all workers, agricultural, industrial or otherwise, work, a living wage, conditions of work ensuring a decent standard of life and full enjoyment of leisure and social and cultural opportunities and, in particular, the State shall endeavour to promote cottage industries on an individual or co operative basis in rural areas",-0.1868471405029297,19,0
child labour prohibition,305,"305. Saving of existing laws and laws providing for State monopolies Nothing in Articles 301 and 303 shall affect the provisions of any existing law except in so far as the President may be order otherwise direct; and nothing in Article 301 shall affect the operation of any law made before the commencement of the Constitution (Fourth Amendment) Act, 1955 , in so far as it relates to, or prevent Parliament or the Legislature of a State from making any law relating to, any such matter as is referred to in sub clause (ii) of clause ( 6 ) of Article 19",-0.21974701080322268,20,0
child labour prohibition,304,"304. Restrictions on trade, commerce and intercourse among States Notwithstanding anything in Article 301 or Article 303, the Legislature of a State may by law",-0.2973882179260254,21,0
child labour prohibition,251,"251. Inconsistency between laws made by Parliament under Articles 249 and 250 and laws made by the Legislatures of States Nothing in Articles 249 and 250 shall restrict the power of the Legislature of a State to make any law which under this Constitution it has power to make, but if any provision of a law made by the legislature of a State is repugnant to any provision of a law made by Parliament which Parliament has under either of the said articles power to make, the law made by Parliament, whether passed before or after the law made by the legislature of the State, shall prevail, and the law made by the Legislature of the State shall to the extent of the repugnancy, but so long only as the law made by Parliament continues to have effect, be inoperative",-0.299927001953125,22,0
child labour prohibition,243Z,243Z. C Part not to apply to certain areas,-0.3202760345458985,23,0
child labour prohibition,334,"334. Reservation of seats and special representation to cease after forty years Notwithstanding anything in the foregoing provisions of this Part, the provisions of Constitution relating to",-0.33058005886077885,24,0
child labour prohibition,303,303. Restrictions on the legislative powers of the Union and of the States with regard to trade and commerce,-0.345139852142334,25,0
child labour prohibition,39,"39. Certain principles of policy to be followed by the State: The State shall, in particular, direct its policy towards securing",-0.38959790039062503,26,0
child labour prohibition,287,"287. Exemption from taxes on electricity Save in so far as Parliament may by law otherwise provide, no law of a State shall impose, or authorise the imposition of, a tax on the consumption or sale of electricity (whether produced by a Government or other persons) which is",-0.44594081258773804,27,0
child labour prohibition,191,191. Disqualifications for membership,-0.48297302551269533,28,0
child labour prohibition,312,312. All India Services,-0.509295711517334,29,0
child labour prohibition,288,288. Exemption from taxation by States in respect of water or electricity in certain cases,-0.5468922016143799,30,0
child labour prohibition,369,"369. Temporary power to Parliament to make laws with respect to certain matters in the State List as if they were matters in the Concurrent List Notwithstanding anything in this Constitution, Parliament shall, during a period of five years from the commencement of this constitution, have power to make laws with respect to the following matters as if they were enumerated in the Concurrent List, namely:",-0.5498528930664063,31,0
child labour prohibition,323B,323B. Tribunals for other matters,-0.58345615234375,32,0
child labour prohibition,358,358. Suspension of provisions of Article 19 during emergencies,-0.6112084503173828,33,0
child labour prohibition,243M,243M. Part not to apply to certain areas,-0.6127379028320313,34,0
child labour prohibition,276,"276. Taxes on professions, trades, callings and employments",-0.6334204708099366,35,0
child labour prohibition,243T,243T. Reservation of seats,-0.6962012781143189,36,0
child labour prohibition,352,352. Proclamation of Emergency,-1.0056283935546877,37,0
child labour prohibition,370,370. Temporary provisions with respect to the State of Jammu and Kashmir,-1.0329123291015625,38,0
child labour prohibition,359,359. Suspension of the enforcement of the rights conferred by Part III during emergencies,-1.0763204589843751,39,0
child labour prohibition,312A,312A. Power of Parliament to vary or revoke conditions of service of officers of certain services,-1.1706662200927735,40,0
freedom to form associations,19,19. Protection of certain rights regarding freedom of speech etc,1.2585421875,1,1
freedom to form associations,26,"26. Freedom to manage religious affairs Subject to public order, morality and health, every religious denomination or any section thereof shall have the right",0.354378125,2,0
freedom to form associations,33,"33. Power of Parliament to modify the rights conferred by this Part in their application etc Parliament may, by law, determine to what extent any of the rights conferred by this Part shall, in their application to,",0.19443432006835937,3,0
freedom to form associations,30,30. Right of minorities to establish and administer educational institutions,0.17211546096801755,4,0
freedom to form associations,28,28. Freedom as to attendance at religious instruction or religious worship in certain educational institutions,0.13674985351562496,5,0
freedom to form associations,15,"15. Prohibition of discrimination on grounds of religion, race, caste, sex or place of birth",0.08841580200195309,6,0
freedom to form associations,25,"25. Freedom of conscience and free profession, practice and propagation of religion",0.07328608398437497,7,0
freedom to form associations,2,"2. Admission or establishment of new States: Parliament may by law admit into the Union, or establish, new States on such terms and conditions, as it thinks fit",-0.06366716766357422,8,0
freedom to form associations,301,"301. Freedom of trade, commerce and intercourse Subject to the other provisions of this Part, trade, commerce and intercourse throughout the territory of India shall be free",-0.06754537506103515,9,0
freedom to form associations,282,"282. Expenditure defrayable by the Union or a State out of its revenues The Union or a State may make any grants for any public purpose, notwithstanding that the purpose is not one with respect to which Parliament or the Legislature of the State, as the case may be, may make laws",-0.11143637847900391,10,0
freedom to form associations,302,"302. Power of Parliament to impose restrictions on trade, commerce and intercourse Parliament may by law impose such restrictions on the freedom of trade, commerce or intercourse between one State and another or within any part of the territory of India as may be required in the public interest",-0.11637684631347657,11,0
freedom to form associations,11,11. Parliament to regulate the right of citizenship by law Nothing in the foregoing provisions of this Part shall derogate from the power of Parliament to make any provision with respect to the acquisition and termination of citizenship and all other matters relating to citizenship PART III FUNDAMENTAL RIGHTS General,-0.12666212768554688,12,0
freedom to form associations,41,"41. Right to work, to education and to public assistance in certain cases The State shall, within the limits of its economic capacity and development, make effective provision for securing the right to work, to education and to public assistance in cases of unemployment, old age, sickness and disablement, and in other cases of undeserved want",-0.13704734573364258,13,0
freedom to form associations,253,"253. Legislation for giving effect to international agreements Notwithstanding anything in the foregoing provisions of this Chapter, Parliament has power to make any law for the whole or any part of the territory of India for implementing any treaty, agreement or convention with any other country or countries or any decision made at any international conference, association or other body",-0.1415499267578125,14,0
freedom to form associations,39A,39. A Equal justice and free legal aid,-0.15230391731262208,15,0
freedom to form associations,305,"305. Saving of existing laws and laws providing for State monopolies Nothing in Articles 301 and 303 shall affect the provisions of any existing law except in so far as the President may be order otherwise direct; and nothing in Article 301 shall affect the operation of any law made before the commencement of the Constitution (Fourth Amendment) Act, 1955 , in so far as it relates to, or prevent Parliament or the Legislature of a State from making any law relating to, any such matter as is referred to in sub clause (ii) of clause ( 6 ) of Article 19",-0.22054714355468752,16,0
freedom to form associations,243Z,"243Z. G Bar to interference by courts in electoral matters Notwithstanding anything in this Constitution,",-0.23197942962646487,17,0
freedom to form associations,329,329. Bar to interference by courts in electoral matters Notwithstanding anything in this Constitution,-0.2513934103012085,18,0
freedom to form associations,298,"298. Power to carry on trade, etc The executive power of the Union and of each State shall extend to the carrying on of any trade or business and to the acquisition, holding and disposal of property and the making of contracts for any purpose: Provided that (a) the said executive power of the Union shall, in so far as such trade or business or such purpose is not one with respect to which Parliament may make laws, be subject in each State to legislation by the State; and",-0.2741462562561035,19,0
freedom to form associations,326,"326. Elections to the House of the People and to the Legislative Assemblies of States to be on the basis of adult suffrage The elections to the House of the People and to the Legislative Assembly of every State shall be on the basis of adult suffrage; but is to say, every person who is a citizen of India and who is not less than twenty one years of age on such date as may be fixed in that behalf by or under any law made by the appropriate legislature and is not otherwise disqualified under this constitution or any law made by the appropriate Legislature on the ground of non residence, unsoundness of mind, crime or corrupt or illegal practice, shall be entitled to be registered as a voter at any such election",-0.2865584819793701,20,0
freedom to form associations,304,"304. Restrictions on trade, commerce and intercourse among States Notwithstanding anything in Article 301 or Article 303, the Legislature of a State may by law",-0.29649891662597655,21,0
freedom to form associations,289,289. Exemption of property and income of a State from Union taxation,-0.3137220039367676,22,0
freedom to form associations,371G,"371G. Special provision with respect to the State of Mizoram Notwithstanding anything in this Constitution,",-0.31593202362060546,23,0
freedom to form associations,31A,"31A. Saving of laws providing for acquisition of estates, etc ( 1 ) Notwithstanding anything contained in Article 13, no law providing for",-0.33113269958496094,24,0
freedom to form associations,263,263. Provisions with respect to an inter State Council If any any time it appears to the President that the public interests would be served by the establishment of a Council charged with the duty of,-0.3358453720092774,25,0
freedom to form associations,303,303. Restrictions on the legislative powers of the Union and of the States with regard to trade and commerce,-0.34495150146484377,26,0
freedom to form associations,169,169. Abolition or creation of Legislative Councils in States,-0.3640955123901367,27,0
freedom to form associations,336,336. Special provision for Anglo Indian community in certain services,-0.41762990798950195,28,0
freedom to form associations,252,252. Power of Parliament to legislate for two or more States by consent and adoption of such legislation by any other State,-0.42743011322021485,29,0
freedom to form associations,364,364. Special provisions as to major ports and aerodromes,-0.43493464012146,30,0
freedom to form associations,191,191. Disqualifications for membership,-0.48110000915527346,31,0
freedom to form associations,363,"363. Bar to interference by courts in disputes arising out of certain treaties, agreements, etc",-0.49130995025634766,32,0
freedom to form associations,3,"3. Formation of new States and alteration of areas, boundaries or names of existing States: Parliament may by law",-0.5194953735351563,33,0
freedom to form associations,105,"105. Powers, privileges, etc of the Houses of Parliament and of the members and committees thereof",-0.5228327690124512,34,0
freedom to form associations,240,240. Power of President to make regulations for certain Union territories,-0.5415160102844239,35,0
freedom to form associations,369,"369. Temporary power to Parliament to make laws with respect to certain matters in the State List as if they were matters in the Concurrent List Notwithstanding anything in this Constitution, Parliament shall, during a period of five years from the commencement of this constitution, have power to make laws with respect to the following matters as if they were enumerated in the Concurrent List, namely:",-0.5558753463745117,36,0
freedom to form associations,194,"194. Powers, privileges, etc, of the House of Legislatures and of the members and committees thereof",-0.5664393783569336,37,0
freedom to form associations,323B,323B. Tribunals for other matters,-0.5876446899414063,38,0
freedom to form associations,323,"323. A Administrative tribunals Parliament may, by law, provide for the adjudication or trial by administrative tribunals of disputes and complaints with respect to recruitment and conditions of service of persons appointed to public services and posts in connection with the affairs of the Union or of any State or of any local or other authority within the territory of India or under the control of the Government of India or of any corporation owned or controlled by the Government",-0.8014109069824219,39,0
freedom to form associations,244A,244A. Formation of an autonomous State comprising certain tribal areas in Assam and creation of local Legislature or Council of Ministers or both therefor,-0.8969989318847656,40,0
citizenship by birth,14,"14. Equality before law The State shall not deny to any person equality before the law or the equal protection of the laws within the territory of India Prohibition of discrimination on grounds of religion, race, caste, sex or place of birth",1.4134190307617187,1,0
citizenship by birth,16,16. Equality of opportunity in matters of public employment,0.9763770019531249,2,0
citizenship by birth,5,5. Citizenship at the commencement of the Constitution At the commencement of this Constitution every person who has his domicile in the territory of India and,0.6046374999999999,3,1
citizenship by birth,29,29. Protection of interests of minorities,0.3310749237060547,4,0
citizenship by birth,15,"15. Prohibition of discrimination on grounds of religion, race, caste, sex or place of birth",0.20720166015624997,5,0
citizenship by birth,8,"8. Rights of citizenship of certain persons of India origin residing outside India Notwithstanding anything in Article 5, any person who or either of whose parents or any of whose grand parents was born in India as defined in the Government of India Act, 1935 (as originally enacted), and who is ordinarily residing in any country outside India as so defined shall be deemed to be a citizen of India if he has been registered as a citizen of India by the diplomatic or consular representative of India in the country where he is for the time being residing on an application made by him therefor to such diplomatic or consular representative, whether before or after the commencement of this Constitution, in the form and manner prescribed by the Government of the Dominion of India or the Government of India",0.148812109375,6,0
citizenship by birth,393,393. Short title This Constitution may be called the Constitution of India,-0.029277419662475587,7,0
citizenship by birth,44,44. Uniform civil code for the citizens The State shall endeavour to secure for the citizens a uniform civil code throughout the territory of India,-0.05591036682128907,8,0
citizenship by birth,2,"2. Admission or establishment of new States: Parliament may by law admit into the Union, or establish, new States on such terms and conditions, as it thinks fit",-0.06381188774108887,9,0
citizenship by birth,157,157. Qualifications for appointment as Governor No person shall be eligible for appointment as Governor unless he is a citizen of India and has completed the age of thirty five years,-0.06847031860351563,10,0
citizenship by birth,11,11. Parliament to regulate the right of citizenship by law Nothing in the foregoing provisions of this Part shall derogate from the power of Parliament to make any provision with respect to the acquisition and termination of citizenship and all other matters relating to citizenship PART III FUNDAMENTAL RIGHTS General,-0.06897246093750001,11,0
citizenship by birth,10,"10. Continuance of the rights of citizenship Every person who is or is deemed to be a citizen of India under any of the foregoing provisions of this Part shall, subject to the provisions of any law that may be made by Parliament, continue to be such citizen",-0.0770889404296875,12,0
citizenship by birth,79,79. Constitution of Parliament There shall be a Parliament for the Union which shall consist of the President and two Houses to be known respectively as the council of States and the House of the People,-0.08073795156478883,13,0
citizenship by birth,54,54. Election of President The President shall be elected by the members of an electoral college consisting of the elected members of both Houses of Parliament; and the elected members of the Legislative Assemblies of the States,-0.09073890523910523,14,0
citizenship by birth,9,"9. Person voluntarily acquiring citizenship of a foreign State not to be citizens No person shall be a citizen of India by virtue of Article 5, or be deemed to be a citizen of India by virtue of Article 6 or Article 8, if he has voluntarily acquired the citizenship of any foreign State",-0.0926257080078125,15,0
citizenship by birth,45,"45. Provision for free and compulsory education for children The State shall endeavour to provide, within a period of ten years from the commencement of this Constitution, for free and compulsory education for all children until they complete the age of fourteen years",-0.10682878227233887,16,0
citizenship by birth,243B,243B. Constitution of Panchayats,-0.1399678134918213,17,0
citizenship by birth,325,"325. No person to be ineligible for inclusion in, or to claim to be included in a special, electoral roll on grounds of religion, race, caste or sex There shall be one general electoral roll for every territorial constituency for election to either House of Parliament or to the House or either House of the Legislature of a State and no person shall be ineligible for inclusion in any such roll or claim to be included in any special electoral roll for any such constituency on grounds only of religion, race, caste, sex or any of them",-0.21324891510009766,18,0
citizenship by birth,84,84. Qualification for membership of Parliament A person shall not be qualified to be chosen to fill a seat in Parliament unless he,-0.25373626708984376,19,0
citizenship by birth,173,173. Qualification for membership of the State Legislature A person shall not be qualified to be chosen to fill a seat in the Legislature of a State unless he,-0.2666136474609375,20,0
citizenship by birth,239,239. A Creation of local Legislatures or Council of Ministers or both for certain Union territories,-0.26945456466674805,21,0
citizenship by birth,7,"7. Rights of citizenship of certain migrants to Pakistan Notwithstanding anything in Articles 5 and 6, a person who has after the first day of March, 1947 , migrated from the territory of India to the territory now included in Pakistan shall not be deemed to be a citizen of India: Provided that nothing in this article shall apply to a person who, after having so migrated to the territory now included in Pakistan, has returned to the territory of India under a permit for resettlement or permanent return issued by or under the authority of any law and every such person shall for the purposes of clause (b) of Article 6 be deemed to have migrated to the territory of India after the nineteenth day of July, 1948",-0.2720458374023438,22,0
citizenship by birth,6,"6. Rights of citizenship of certain persons who have migrated to India from Pakistan Notwithstanding anything in Article 5, a person who has migrated to the territory of India from the territory now included in Pakistan shall be deemed to be a citizen of India at the commencement of this Constitution if",-0.275966015625,23,0
citizenship by birth,326,"326. Elections to the House of the People and to the Legislative Assemblies of States to be on the basis of adult suffrage The elections to the House of the People and to the Legislative Assembly of every State shall be on the basis of adult suffrage; but is to say, every person who is a citizen of India and who is not less than twenty one years of age on such date as may be fixed in that behalf by or under any law made by the appropriate legislature and is not otherwise disqualified under this constitution or any law made by the appropriate Legislature on the ground of non residence, unsoundness of mind, crime or corrupt or illegal practice, shall be entitled to be registered as a voter at any such election",-0.2830043762207031,24,0
citizenship by birth,58,58. Qualifications for election as President,-0.29341800537109375,25,0
citizenship by birth,341,341. Scheduled Castes,-0.29838011779785156,26,0
citizenship by birth,243F,243F. Disqualifications for membership,-0.3209220039367676,27,0
citizenship by birth,334,"334. Reservation of seats and special representation to cease after forty years Notwithstanding anything in the foregoing provisions of this Part, the provisions of Constitution relating to",-0.3303083808898926,28,0
citizenship by birth,342,342. Scheduled Tribes,-0.33199271469116215,29,0
citizenship by birth,296,"296. Property accruing by escheat or lapse or as bona vacantia Subject as hereinafter provided any property in the territory of India which, if this Constitution had not come into operation, would have accrued to His Majesty or, as the case may be, to the Ruler of an Indian State by escheat or lapse, or as bona vacantia for want of a rightful owner, shall, if it is property situate in a State, vest in such State, and shall, in any other case, vest in the Union: Provided that any property which at the date when it wouldhave so accrued to His Majesty or to the Ruler of an Indian State was in the possession or under the control of the Government of India or the Government of a State shall, according as the purposes for which it was then used or held were purposes of the Union or a State, vest in the Union or in that State Explanation In the article, the expressions Ruler and Indian State have the same meanings as in Article 363",-0.374948706817627,30,0
citizenship by birth,82,"82. Readjustment after each census Upon the completion of each census, the allocation of seats in the House of the People to the States and the division of each State into territorial constituencies shall be readjusted by such authority and in such manner as Parliament may by law determine: Provided that such readjustment shall not affect representation in the House of the People until the dissolution of the then existing House: Provided further that such readjustment shall take effect from such date as President may, by order, specify and until such readjustment takes effect, any election to the House may be held on the basis of the territorial constituencies existing before such readjustment: Provided also that until the relevant figures for the first census taken after the year 2000 have been published, it shall not be necessary to readjust the allocation of seats in the House of the People to the States and the division of each State into territorial constituencies under this article",-0.39593244628906255,31,0
citizenship by birth,102,102. Disqualification s for membership,-0.41754063110351564,32,0
citizenship by birth,336,336. Special provision for Anglo Indian community in certain services,-0.417695711517334,33,0
citizenship by birth,312,312. All India Services,-0.5093486404418945,34,0
citizenship by birth,3,"3. Formation of new States and alteration of areas, boundaries or names of existing States: Parliament may by law",-0.5207245405197144,35,0
citizenship by birth,81,81. Composition of the House of the People,-0.6193346252441406,36,0
citizenship by birth,330,330. Reservation of seats for Scheduled Castes and Scheduled Tribes in the House of the People,-0.6974752136230469,37,0
citizenship by birth,55,55. Manner of election of President,-0.8000768493652344,38,0
citizenship by birth,243C,243C. Composition of Panchayats,-0.9139888336181641,39,0
citizenship by birth,366,"366. Definition In this Constitution, unless the context otherwise requires, the following expressions have l, the meanings hereby respectively assigned to them, that is to say",-2.70938779296875,40,0
migrants from pakistan citizenship,14,"14. Equality before law The State shall not deny to any person equality before the law or the equal protection of the laws within the territory of India Prohibition of discrimination on grounds of religion, race, caste, sex or place of birth",1.403650663948059,1,0
migrants from pakistan citizenship,16,16. Equality of opportunity in matters of public employment,0.9512373721122741,2,0
migrants from pakistan citizenship,7,"7. Rights of citizenship of certain migrants to Pakistan Notwithstanding anything in Articles 5 and 6, a person who has after the first day of March, 1947 , migrated from the territory of India to the territory now included in Pakistan shall not be deemed to be a citizen of India: Provided that nothing in this article shall apply to a person who, after having so migrated to the territory now included in Pakistan, has returned to the territory of India under a permit for resettlement or permanent return issued by or under the authority of any law and every such person shall for the purposes of clause (b) of Article 6 be deemed to have migrated to the territory of India after the nineteenth day of July, 1948",0.69202734375,3,0
migrants from pakistan citizenship,6,"6. Rights of citizenship of certain persons who have migrated to India from Pakistan Notwithstanding anything in Article 5, a person who has migrated to the territory of India from the territory now included in Pakistan shall be deemed to be a citizen of India at the commencement of this Constitution if",0.50894609375,4,1
migrants from pakistan citizenship,19,19. Protection of certain rights regarding freedom of speech etc,0.3778621032714844,5,0
migrants from pakistan citizenship,29,29. Protection of interests of minorities,0.32957264823913573,6,0
migrants from pakistan citizenship,33,"33. Power of Parliament to modify the rights conferred by this Part in their application etc Parliament may, by law, determine to what extent any of the rights conferred by this Part shall, in their application to,",0.1919669261932373,7,0
migrants from pakistan citizenship,393,393. Short title This Constitution may be called the Constitution of India,-0.02957788667678833,8,0
migrants from pakistan citizenship,242,"242. Coorg Rep by the Constitution (Seventh Amendment) Act, 1956 , Section 29 and Schedule PART IX THE PANCHAYATS",-0.04513240833282471,9,0
migrants from pakistan citizenship,2A,"2A. Sikkim to be associated with the Union Rep by the Constitution Thirty six Amendment Act, 1975 , Section 5 (w e f 26 04 1975 )",-0.05156238946914673,10,0
migrants from pakistan citizenship,44,44. Uniform civil code for the citizens The State shall endeavour to secure for the citizens a uniform civil code throughout the territory of India,-0.05838586692810059,11,0
migrants from pakistan citizenship,2,"2. Admission or establishment of new States: Parliament may by law admit into the Union, or establish, new States on such terms and conditions, as it thinks fit",-0.06392096424102783,12,0
migrants from pakistan citizenship,157,157. Qualifications for appointment as Governor No person shall be eligible for appointment as Governor unless he is a citizen of India and has completed the age of thirty five years,-0.0727426007270813,13,0
migrants from pakistan citizenship,10,"10. Continuance of the rights of citizenship Every person who is or is deemed to be a citizen of India under any of the foregoing provisions of this Part shall, subject to the provisions of any law that may be made by Parliament, continue to be such citizen",-0.09917794494628906,14,0
migrants from pakistan citizenship,9,"9. Person voluntarily acquiring citizenship of a foreign State not to be citizens No person shall be a citizen of India by virtue of Article 5, or be deemed to be a citizen of India by virtue of Article 6 or Article 8, if he has voluntarily acquired the citizenship of any foreign State",-0.1065875,15,0
migrants from pakistan citizenship,11,11. Parliament to regulate the right of citizenship by law Nothing in the foregoing provisions of this Part shall derogate from the power of Parliament to make any provision with respect to the acquisition and termination of citizenship and all other matters relating to citizenship PART III FUNDAMENTAL RIGHTS General,-0.12189757080078126,16,0
migrants from pakistan citizenship,243B,243B. Constitution of Panchayats,-0.1399823570251465,17,0
migrants from pakistan citizenship,5,5. Citizenship at the commencement of the Constitution At the commencement of this Constitution every person who has his domicile in the territory of India and,-0.157294873046875,18,0
migrants from pakistan citizenship,103,103. Decision on questions as to disqualifications of members,-0.19587852573394776,19,0
migrants from pakistan citizenship,84,84. Qualification for membership of Parliament A person shall not be qualified to be chosen to fill a seat in Parliament unless he,-0.25976766109466554,20,0
migrants from pakistan citizenship,173,173. Qualification for membership of the State Legislature A person shall not be qualified to be chosen to fill a seat in the Legislature of a State unless he,-0.271802827835083,21,0
migrants from pakistan citizenship,326,"326. Elections to the House of the People and to the Legislative Assemblies of States to be on the basis of adult suffrage The elections to the House of the People and to the Legislative Assembly of every State shall be on the basis of adult suffrage; but is to say, every person who is a citizen of India and who is not less than twenty one years of age on such date as may be fixed in that behalf by or under any law made by the appropriate legislature and is not otherwise disqualified under this constitution or any law made by the appropriate Legislature on the ground of non residence, unsoundness of mind, crime or corrupt or illegal practice, shall be entitled to be registered as a voter at any such election",-0.28668317489624023,22,0
migrants from pakistan citizenship,8,"8. Rights of citizenship of certain persons of India origin residing outside India Notwithstanding anything in Article 5, any person who or either of whose parents or any of whose grand parents was born in India as defined in the Government of India Act, 1935 (as originally enacted), and who is ordinarily residing in any country outside India as so defined shall be deemed to be a citizen of India if he has been registered as a citizen of India by the diplomatic or consular representative of India in the country where he is for the time being residing on an application made by him therefor to such diplomatic or consular representative, whether before or after the commencement of this Constitution, in the form and manner prescribed by the Government of the Dominion of India or the Government of India",-0.2948371826171875,23,0
migrants from pakistan citizenship,58,58. Qualifications for election as President,-0.2983215602874756,24,0
migrants from pakistan citizenship,243F,243F. Disqualifications for membership,-0.3211724626541138,25,0
migrants from pakistan citizenship,343,343. Official language of the Union,-0.41556238946914675,26,0
migrants from pakistan citizenship,336,336. Special provision for Anglo Indian community in certain services,-0.4183566674232483,27,0
migrants from pakistan citizenship,102,102. Disqualification s for membership,-0.42427261810302735,28,0
migrants from pakistan citizenship,243Q,243Q. Constitution of Municipalities,-0.4835527931213379,29,0
migrants from pakistan citizenship,164,164. Other provisions as to Ministers,-0.4875605417251587,30,0
migrants from pakistan citizenship,51A,"51A. Fundamental duties It shall be the duty of every citizen of India (a) to abide by the Constitution and respect its ideals and institutions, the national Flag and the National Anthem;",-0.5021198581695557,31,0
migrants from pakistan citizenship,312,312. All India Services,-0.5098403787612915,32,0
migrants from pakistan citizenship,66,66. Election of Vice President,-0.5654655319213867,33,0
migrants from pakistan citizenship,378,378. Provisions as to Public Service Commissions,-0.5715670386314392,34,0
migrants from pakistan citizenship,330,330. Reservation of seats for Scheduled Castes and Scheduled Tribes in the House of the People,-0.6993694492340088,35,0
migrants from pakistan citizenship,243C,243C. Composition of Panchayats,-0.914739852142334,36,0
migrants from pakistan citizenship,243D,243D. Reservation of seats,-0.9889716857910157,37,0
migrants from pakistan citizenship,320,320. Functions of Public Service Commissions,-1.385088021850586,38,0
migrants from pakistan citizenship,371F,"371F. Special provisions with respect to the State of Sikkim Notwithstanding anything in this Constitution,",-2.347710107421875,39,0
migrants from pakistan citizenship,366,"366. Definition In this Constitution, unless the context otherwise requires, the following expressions have l, the meanings hereby respectively assigned to them, that is to say",-2.7725744384765627,40,0
foreign citizenship disqualification,17,17. Abolition of Untouchability Untouchability is abolished and its practice in any form is forbidden The enforcement of any disability arising out of Untouchability shall be an offence punishable in accordance with law,1.4125971721649169,1,0
foreign citizenship disqualification,16,16. Equality of opportunity in matters of public employment,0.9521775161743163,2,0
foreign citizenship disqualification,22,22. Protection against arrest and detention in certain cases,0.5299675628662109,3,0
foreign citizenship disqualification,102,102. Disqualification s for membership,0.3710984375,4,0
foreign citizenship disqualification,29,29. Protection of interests of minorities,0.33090040130615234,5,0
foreign citizenship disqualification,191,191. Disqualifications for membership,0.30976875,6,0
foreign citizenship disqualification,23,23. Prohibition of traffic in human beings and forced labour,0.3039528594970703,7,0
foreign citizenship disqualification,18,"18. Abolition of titles No title, not being a military or academic distinction, shall be conferred by the State No citizen of India shall accept any title from any foreign State No person who is not a citizen of India shall, while he holds any office of profit or trust under the State, accept without the consent of the President any title from any foreign State No person holding any office of profit or trust under the State shall, without the consent of the President, accept any present, emolument, or office of any kind from or under any foreign State Right to Freedom",0.2806920532226562,8,0
foreign citizenship disqualification,15,"15. Prohibition of discrimination on grounds of religion, race, caste, sex or place of birth",0.08920162963867184,9,0
foreign citizenship disqualification,13,13. Laws inconsistent with or in derogation of the fundamental rights,0.051211166381835926,10,0
foreign citizenship disqualification,9,"9. Person voluntarily acquiring citizenship of a foreign State not to be citizens No person shall be a citizen of India by virtue of Article 5, or be deemed to be a citizen of India by virtue of Article 6 or Article 8, if he has voluntarily acquired the citizenship of any foreign State",-0.02412900390625,11,1
foreign citizenship disqualification,257,257. A Assistance to States by deployment of armed forces or other forces of the Union Omitted,-0.03750755319595337,12,0
foreign citizenship disqualification,157,157. Qualifications for appointment as Governor No person shall be eligible for appointment as Governor unless he is a citizen of India and has completed the age of thirty five years,-0.07156499176025391,13,0
foreign citizenship disqualification,10,"10. Continuance of the rights of citizenship Every person who is or is deemed to be a citizen of India under any of the foregoing provisions of this Part shall, subject to the provisions of any law that may be made by Parliament, continue to be such citizen",-0.09946213989257813,14,0
foreign citizenship disqualification,11,11. Parliament to regulate the right of citizenship by law Nothing in the foregoing provisions of this Part shall derogate from the power of Parliament to make any provision with respect to the acquisition and termination of citizenship and all other matters relating to citizenship PART III FUNDAMENTAL RIGHTS General,-0.12231337280273438,15,0
foreign citizenship disqualification,5,5. Citizenship at the commencement of the Constitution At the commencement of this Constitution every person who has his domicile in the territory of India and,-0.16311228637695313,16,0
foreign citizenship disqualification,103,103. Decision on questions as to disqualifications of members,-0.1885689697265625,17,0
foreign citizenship disqualification,192,192. Decision on questions as to disqualifications of members,-0.1925046630859375,18,0
foreign citizenship disqualification,350,350. B Special Officer for linguistic minorities,-0.22798651580810547,19,0
foreign citizenship disqualification,84,84. Qualification for membership of Parliament A person shall not be qualified to be chosen to fill a seat in Parliament unless he,-0.2566888427734375,20,0
foreign citizenship disqualification,104,"104. Penalty for sitting and voting before making oath or affirmation under Article 99 or when not qualified or when disqualified If a person sits or votes as a member of either House of Parliament before he has complied with the requirements of Article 99, or when he knows that he is not qualified or that he is disqualified for membership thereof, or that he is prohibited from so doing by the provisions of any law made by Parliament, he shall be liable in respect of each day on which he so sits or votes to a penalty of five hundred rupees to be recovered as a debt due to the Union Powers, Privileges and Immunities of Parliament and its Members",-0.25706350402832034,21,0
foreign citizenship disqualification,7,"7. Rights of citizenship of certain migrants to Pakistan Notwithstanding anything in Articles 5 and 6, a person who has after the first day of March, 1947 , migrated from the territory of India to the territory now included in Pakistan shall not be deemed to be a citizen of India: Provided that nothing in this article shall apply to a person who, after having so migrated to the territory now included in Pakistan, has returned to the territory of India under a permit for resettlement or permanent return issued by or under the authority of any law and every such person shall for the purposes of clause (b) of Article 6 be deemed to have migrated to the territory of India after the nineteenth day of July, 1948",-0.2745787963867188,22,0
foreign citizenship disqualification,255,"255. Requirements as to recommendations and previous sanctions to be regarded as matters of procedure only No Act of Parliament or of the legislature of a State and no provision in any such Act, shall be invalid by reason only that some recommendation or previous sanction required by this Constitution was not given, if assent to that Act was given",-0.28549257888793944,23,0
foreign citizenship disqualification,193,"193. Penalty for sitting and voting before making oath or affirmation under Article 188 or when not qualified or when disqualified If a person sits or votes as a member of the Legislative Assembly or the Legislative Council of a State before he has complied with the requirements of Article 188, or when he knows that he is not qualified or that he is disqualified for membership thereof, or that he is prohibited from so doing by the provisions of any law made by Parliament or the legislature of the State, he shall be liable in respect of each day on which he so sits or votes to a penalty of five hundred rupees to be recovered as a debt due to the State Powers, Privileges and Immunities of State Legislatures and their Members",-0.28917794494628907,24,0
foreign citizenship disqualification,4,"4. Laws made under Articles 2 and 3 to provide for the amendment of the First and the Fourth Schedules and supplemental, incidental and consequential matters",-0.289830029296875,25,0
foreign citizenship disqualification,58,58. Qualifications for election as President,-0.29573734130859375,26,0
foreign citizenship disqualification,8,"8. Rights of citizenship of certain persons of India origin residing outside India Notwithstanding anything in Article 5, any person who or either of whose parents or any of whose grand parents was born in India as defined in the Government of India Act, 1935 (as originally enacted), and who is ordinarily residing in any country outside India as so defined shall be deemed to be a citizen of India if he has been registered as a citizen of India by the diplomatic or consular representative of India in the country where he is for the time being residing on an application made by him therefor to such diplomatic or consular representative, whether before or after the commencement of this Constitution, in the form and manner prescribed by the Government of the Dominion of India or the Government of India",-0.3072578369140625,27,0
foreign citizenship disqualification,243F,243F. Disqualifications for membership,-0.3124185668945313,28,0
foreign citizenship disqualification,243V,243V. Disqualifications for membership,-0.31465072021484375,29,0
foreign citizenship disqualification,367,367. Interpretation,-0.3483663330078125,30,0
foreign citizenship disqualification,6,"6. Rights of citizenship of certain persons who have migrated to India from Pakistan Notwithstanding anything in Article 5, a person who has migrated to the territory of India from the territory now included in Pakistan shall be deemed to be a citizen of India at the commencement of this Constitution if",-0.468318310546875,31,0
foreign citizenship disqualification,310,310. Tenure of office of persons serving the Union or a State,-0.5103307922363282,32,0
foreign citizenship disqualification,66,66. Election of Vice President,-0.562862954711914,33,0
foreign citizenship disqualification,311,"311. Dismissal, removal or reduction in rank of persons employed in civil capacities under the Union or a State",-0.70629755859375,34,0
foreign citizenship disqualification,190,190. Vacation of seats,-0.7244310729980469,35,0
foreign citizenship disqualification,356,356. Provisions in case of failure of constitutional machinery in State,-0.878956982421875,36,0
foreign citizenship disqualification,344,344. Commission and Committee of Parliament on official language,-0.902066081237793,37,0
foreign citizenship disqualification,360,360. Provisions as to financial emergency,-1.0093633560180664,38,0
foreign citizenship disqualification,352,352. Proclamation of Emergency,-1.0123041137695314,39,0
foreign citizenship disqualification,312A,312A. Power of Parliament to vary or revoke conditions of service of officers of certain services,-1.1678452514648439,40,0
parliament power over citizenship,11,11. Parliament to regulate the right of citizenship by law Nothing in the foregoing provisions of this Part shall derogate from the power of Parliament to make any provision with respect to the acquisition and termination of citizenship and all other matters relating to citizenship PART III FUNDAMENTAL RIGHTS General,0.82641328125,1,1
parliament power over citizenship,10,"10. Continuance of the rights of citizenship Every person who is or is deemed to be a citizen of India under any of the foregoing provisions of this Part shall, subject to the provisions of any law that may be made by Parliament, continue to be such citizen",0.29807890625,2,0
parliament power over citizenship,33,"33. Power of Parliament to modify the rights conferred by this Part in their application etc Parliament may, by law, determine to what extent any of the rights conferred by this Part shall, in their application to,",0.26624599609375,3,0
parliament power over citizenship,248,248. Residuary powers of legislation,-0.01112958984375001,4,0
parliament power over citizenship,2,"2. Admission or establishment of new States: Parliament may by law admit into the Union, or establish, new States on such terms and conditions, as it thinks fit",-0.05402838134765625,5,0
parliament power over citizenship,302,"302. Power of Parliament to impose restrictions on trade, commerce and intercourse Parliament may by law impose such restrictions on the freedom of trade, commerce or intercourse between one State and another or within any part of the territory of India as may be required in the public interest",-0.05452343750000001,6,0
parliament power over citizenship,253,"253. Legislation for giving effect to international agreements Notwithstanding anything in the foregoing provisions of this Chapter, Parliament has power to make any law for the whole or any part of the territory of India for implementing any treaty, agreement or convention with any other country or countries or any decision made at any international conference, association or other body",-0.07708154296875,7,0
parliament power over citizenship,139,"139. Conferment on the Supreme Court of powers to issue certain writs Parliament may by law confer on the Supreme Court power to issue directions, orders or writs, including writs in the nature of habeas corpus, mandamus, prohibition, quo warranto and certiorari, or any of them, for any purposes other than those mentioned in clause ( 2 ) of Article 32",-0.11172001953125002,8,0
parliament power over citizenship,140,140. Ancillary powers of Supreme Court Parliament may by law make provision for conferring upon the Supreme Court such supplemental powers not inconsistent with any of the provisions of this Constitution as may appear to be necessary or desirable for the purpose of enabling the Court more effectively to exercise the jurisdiction conferred upon it by or under this Constitution,-0.12434453125,9,0
parliament power over citizenship,245,245. Extent of laws made by Parliament and by the Legislatures of States,-0.14973084716796875,10,0
parliament power over citizenship,321,"321. Power to extend functions of Public Service Commissions An Act made by Parliament or, as the case may be, the Legislature of a State may provide for the exercise of additional functions by the Union Public Service Commission or the State Public Service Commission as respects the services of the Union of the State and also as respects the services of any local authority or other body corporate constituted by law or of any public institution",-0.1671913330078125,11,0
parliament power over citizenship,327,"327. Power of Parliament to make provision with respect to elections to Legislatures Subject to the provisions of this constitution, Parliament may from time to time by law made provision with respect to all matters relating to, or in connection with, elections to either House of Parliament or to the House or either House of the Legislature of a State including the preparation of electoral rolls, the delimitation of constituencies and all other matters necessary for securing the due constitution of such House or Houses",-0.172338037109375,12,0
parliament power over citizenship,162,"162. Extent of executive power of State Subject to the provisions of this Constitution, the executive power of a State shall extend to the matters with respect to which the Legislature of the State has power to make laws Provided that in any matter with respect to which the Legislature of a State and Parliament have power to make laws, the executive power of the State shall be subject to, and limited by, the executive power expressly conferred by the Constitution or by any law made by Parliament upon the Union or authorities thereof Council of Ministers",-0.18716201171875002,13,0
parliament power over citizenship,122,122. Courts not to inquire into proceedings of Parliament,-0.19521533203125002,14,0
parliament power over citizenship,84,84. Qualification for membership of Parliament A person shall not be qualified to be chosen to fill a seat in Parliament unless he,-0.212056884765625,15,0
parliament power over citizenship,328,"328. Power of Legislature of a State to make provision with respect to elections to such Legislature Subject to the provisions of this Constitution and in so far as provision in that behalf is not made by Parliament, the Legislature of a State may from time to time bylaw make provision with respect to all matters relating to, or in connection with, the elections to the House or either House of the Legislature of the State including the preparation of electoral rolls and all other matters necessary for securing the due constitution of such House or Houses",-0.21288397216796875,16,0
parliament power over citizenship,246,246. Subject matter of laws made by Parliament and by the Legislatures of States,-0.22355029296875,17,0
parliament power over citizenship,251,"251. Inconsistency between laws made by Parliament under Articles 249 and 250 and laws made by the Legislatures of States Nothing in Articles 249 and 250 shall restrict the power of the Legislature of a State to make any law which under this Constitution it has power to make, but if any provision of a law made by the legislature of a State is repugnant to any provision of a law made by Parliament which Parliament has under either of the said articles power to make, the law made by Parliament, whether passed before or after the law made by the legislature of the State, shall prevail, and the law made by the Legislature of the State shall to the extent of the repugnancy, but so long only as the law made by Parliament continues to have effect, be inoperative",-0.2485048828125,18,0
parliament power over citizenship,230,230. Extension of jurisdiction of High Courts to Union territories,-0.25071363830566407,19,0
parliament power over citizenship,250,250. Power of Parliament to legislate with respect to any matter in the State List if a Proclamation of Emergency is in operation,-0.25491357421875,20,0
parliament power over citizenship,239,239. A Creation of local Legislatures or Council of Ministers or both for certain Union territories,-0.2558060546875,21,0
parliament power over citizenship,53,53. Executive power of the Union,-0.25693525390625,22,0
parliament power over citizenship,326,"326. Elections to the House of the People and to the Legislative Assemblies of States to be on the basis of adult suffrage The elections to the House of the People and to the Legislative Assembly of every State shall be on the basis of adult suffrage; but is to say, every person who is a citizen of India and who is not less than twenty one years of age on such date as may be fixed in that behalf by or under any law made by the appropriate legislature and is not otherwise disqualified under this constitution or any law made by the appropriate Legislature on the ground of non residence, unsoundness of mind, crime or corrupt or illegal practice, shall be entitled to be registered as a voter at any such election",-0.27655372314453125,23,0
parliament power over citizenship,303,303. Restrictions on the legislative powers of the Union and of the States with regard to trade and commerce,-0.30916201171875,24,0
parliament power over citizenship,252,252. Power of Parliament to legislate for two or more States by consent and adoption of such legislation by any other State,-0.336358984375,25,0
parliament power over citizenship,73,73. Extent of executive power of the Union,-0.34797197265625,26,0
parliament power over citizenship,98,98. Secretariat of Parliament,-0.3493536987304688,27,0
parliament power over citizenship,169,169. Abolition or creation of Legislative Councils in States,-0.35177117919921874,28,0
parliament power over citizenship,118,118. Rules of procedure,-0.4063052124023438,29,0
parliament power over citizenship,241,241. High Courts for Union territories,-0.427741796875,30,0
parliament power over citizenship,258,"258. Power of the Union to confer powers, etc, on States in certain cases",-0.43928837890625,31,0
parliament power over citizenship,105,"105. Powers, privileges, etc of the Houses of Parliament and of the members and committees thereof",-0.45627822265625007,32,0
parliament power over citizenship,100,"100. Voting in Houses, power of Houses to act notwithstanding vacancies and quorum",-0.4671063720703125,33,0
parliament power over citizenship,3,"3. Formation of new States and alteration of areas, boundaries or names of existing States: Parliament may by law",-0.47719038085937504,34,0
parliament power over citizenship,369,"369. Temporary power to Parliament to make laws with respect to certain matters in the State List as if they were matters in the Concurrent List Notwithstanding anything in this Constitution, Parliament shall, during a period of five years from the commencement of this constitution, have power to make laws with respect to the following matters as if they were enumerated in the Concurrent List, namely:",-0.48121123046875003,35,0
parliament power over citizenship,249,249. Power of Parliament to legislate with respect to a matter in the State List in the national interest,-0.49808759765625,36,0
parliament power over citizenship,357,357. Exercise of legislative powers under Proclamation issued under Article 356,-0.51542607421875,37,0
parliament power over citizenship,189,"189. Voting in Houses, power of Houses to act notwithstanding vacancies and quorum",-0.5534975708007813,38,0
parliament power over citizenship,368,368. Power of Parliament to amend the Constitution and procedure therefor,-0.7040244140625,39,0
parliament power over citizenship,312A,312A. Power of Parliament to vary or revoke conditions of service of officers of certain services,-1.08652353515625,40,0
national emergency proclamation,250,250. Power of Parliament to legislate with respect to any matter in the State List if a Proclamation of Emergency is in operation,0.1109921875,1,0
national emergency proclamation,354,"354. Application of provisions relating to distribution of revenues while a Proclamation of Emergency is in operation (l) The President may, while a Proclamation of Emergency is in operation, by order direct that all or any of the provisions of Articles 268 to 279 shall for such period, not extending in any case beyond the expiration of the financial year in which such Proclamation ceases to operate, as may be specific in the order, have effect subject to such exceptions or modifications as he thinks fit",0.0966328125,2,0
national emergency proclamation,353,"353. Effect of Proclamation of Emergency While a Proclamation of Emergency is in operation, then",0.011089843749999995,3,0
national emergency proclamation,358,358. Suspension of provisions of Article 19 during emergencies,-0.02459765624999999,4,0
national emergency proclamation,355,355. Duty of the Union to protect States against external aggression and internal disturbance It shall be the duty of the Union to protect every State against external aggression and internal disturbance and to ensure that the government of every State is carried on in accordance with the provisions of this Constitution,-0.12701717224121095,5,0
national emergency proclamation,394,"394. Commencement This article and Articles 5, 6, 7, 8, 9, 60, 324, 366, 367, 379, 380, 388, 391, 392 and 393 shall come into force at once, and the remaining provisions of this Constitution shall come into force on the twenty sixth day of January, 1950 , which day is referred to in this Constitution as the commencement of this Constitution",-0.1333038299560547,6,0
national emergency proclamation,41,"41. Right to work, to education and to public assistance in certain cases The State shall, within the limits of its economic capacity and development, make effective provision for securing the right to work, to education and to public assistance in cases of unemployment, old age, sickness and disablement, and in other cases of undeserved want",-0.13713079223632813,7,0
national emergency proclamation,352,352. Proclamation of Emergency,-0.1375406250000002,8,1
national emergency proclamation,49,"49. Protection of monuments and places and objects of national importance It shall be the obligation of the State to protect every monument or place or object of artistic or historic interests, declared by or under law made by Parliament to be of national importance, from spoliation, disfigurement, destruction, removal, disposal or export, as the case may be",-0.14356440925598146,9,0
national emergency proclamation,172,172. Duration of State Legislatures,-0.15068916015625,10,0
national emergency proclamation,347,"347. Special provision relating to language spoken by a section of the population of a State On a demand being made in that behalf the President may, if he is satisfied that a substantial proportion of the population of a State desire the use of any language spoken by them to be recognised throughout that State or any part thereof for such purpose as he may specify CHAPTER III LANGUAGE OF THE SUPREME COURT, HIGH COURTS, ETC",-0.17054274635314942,11,0
national emergency proclamation,87,87. Special address by the President,-0.18561038208007813,12,0
national emergency proclamation,373,"373. Power of President to make order in respect of persons under preventive detention in certain cases Until provision is made by Parliament under clause ( 7 ) of Article 22, or until the expiration of one year from the commencement of this Constitution, whichever is earlier, the said article shall have effect as if for any reference to Parliament in clauses ( 4 ) and ( 7 ) thereof there were substituted a reference to the Parliament in those clauses there were substituted a reference to an order made by the President",-0.20686295471191407,13,0
national emergency proclamation,53,53. Executive power of the Union,-0.27185072021484374,14,0
national emergency proclamation,60,"60. Oath or affirmation by the President Every President and every person acting as President or discharging the functions of the President shall, before entering upon his office, make and subscribe in the presence of the Chief Justice of India or, in his absence, the senior most Judge of the Supreme Court available, an oath or affirmation in the following form, that is to say swear in the name of God I, A B, do that I olemnly affirm will faithfully execute the office of President (or discharge the functions of thePresident) of India and will do the best of my ability preserve, protect and defend the Constitution and the law and that I will devote myself to the service and well being of the people of India",-0.28441499328613284,15,0
national emergency proclamation,341,341. Scheduled Castes,-0.3000824264526367,16,0
national emergency proclamation,339,339. Control of the Union over the administration of Scheduled Areas and the welfare of Scheduled Tribes,-0.31148692321777344,17,0
national emergency proclamation,334,"334. Reservation of seats and special representation to cease after forty years Notwithstanding anything in the foregoing provisions of this Part, the provisions of Constitution relating to",-0.3299865158081055,18,0
national emergency proclamation,342,342. Scheduled Tribes,-0.33206805496215824,19,0
national emergency proclamation,367,367. Interpretation,-0.3739972839355469,20,0
national emergency proclamation,363,363. A Recognition granted to Rulers of Indian States to cease and privy purses to be abolished Notwithstanding anything in this Constitution or in any law for the time being in force,-0.39091747398376464,21,0
national emergency proclamation,356,356. Provisions in case of failure of constitutional machinery in State,-0.41438789062500003,22,0
national emergency proclamation,343,343. Official language of the Union,-0.4151505809783936,23,0
national emergency proclamation,336,336. Special provision for Anglo Indian community in certain services,-0.417878816986084,24,0
national emergency proclamation,364,364. Special provisions as to major ports and aerodromes,-0.43367507476806644,25,0
national emergency proclamation,267,267. Contingency Fund,-0.4352095489501953,26,0
national emergency proclamation,51A,"51A. Fundamental duties It shall be the duty of every citizen of India (a) to abide by the Constitution and respect its ideals and institutions, the national Flag and the National Anthem;",-0.47693308105468757,27,0
national emergency proclamation,123,123. Power of President to promulgate Ordinances during recess of Parliament,-0.4810605102539063,28,0
national emergency proclamation,115,"115. Supplementary, additional or excess grants",-0.5670535446166992,29,0
national emergency proclamation,116,"116. Votes on account, votes of credit and exceptional grants",-0.5720704391479492,30,0
national emergency proclamation,359,359. Suspension of the enforcement of the rights conferred by Part III during emergencies,-0.5845296875000001,31,0
national emergency proclamation,357,357. Exercise of legislative powers under Proclamation issued under Article 356,-0.60942021484375,32,0
national emergency proclamation,257,257. Control of the Union over States in certain cases,-0.6975936019897462,33,0
national emergency proclamation,239B,239B. Power of administrator to promulgate Ordinances during recess of Legislature,-0.8174288940429688,34,0
national emergency proclamation,112,112. Annual financial statement,-0.8407202354431152,35,0
national emergency proclamation,360,360. Provisions as to financial emergency,-0.85561484375,36,0
national emergency proclamation,324,"324. Superintendence, direction and control of elections to be vested in an Election Commission",-0.9816774196624757,37,0
national emergency proclamation,370,370. Temporary provisions with respect to the State of Jammu and Kashmir,-1.0393133911132812,38,0
national emergency proclamation,213,213. Power of Governor to promulgate Ordinances during recess of Legislature,-1.1520643310546876,39,0
national emergency proclamation,371F,"371F. Special provisions with respect to the State of Sikkim Notwithstanding anything in this Constitution,",-2.3433918701171876,40,0
suspension of article 19 during emergency,22,22. Protection against arrest and detention in certain cases,0.02925039978027344,1,0
suspension of article 19 during emergency,19,19. Protection of certain rights regarding freedom of speech etc,-0.02179228515624998,2,0
suspension of article 19 during emergency,257,257. A Assistance to States by deployment of armed forces or other forces of the Union Omitted,-0.03696628341674805,3,0
suspension of article 19 during emergency,313,"313. Transitional provisions Until other provision is made in this behalf under this Constitution, all the laws in force immediately before the commencement of this Constitution and applicable to any public service or any post which continues to exist after the commencement of service or post under the Union or a State shall continue in force so far as consistent with the provisions of this Constitution",-0.16110586395263674,4,0
suspension of article 19 during emergency,136,136. Special leave to appeal by the Supreme Court,-0.20023843078613282,5,0
suspension of article 19 during emergency,373,"373. Power of President to make order in respect of persons under preventive detention in certain cases Until provision is made by Parliament under clause ( 7 ) of Article 22, or until the expiration of one year from the commencement of this Constitution, whichever is earlier, the said article shall have effect as if for any reference to Parliament in clauses ( 4 ) and ( 7 ) thereof there were substituted a reference to the Parliament in those clauses there were substituted a reference to an order made by the President",-0.20800831756591798,6,0
suspension of article 19 during emergency,365,"365. Effect of failure to comply with, or to give effect to, directions given by the Union Where any State has failed to comply with or to give effect to any directions given in the exercise of the executive power of the Union under any directions given in the exercise of the executive power of the Union under any of the provisions of this Constitution, it shall be lawful for the President to hold that a situation has arisen in which the government of the State cannot be carried on in accordance with the provisions of this Constitution",-0.21486935272216798,7,0
suspension of article 19 during emergency,34,"34. Restriction on rights conferred by this Part while martial law is in force in any area Notwithstanding anything in the foregoing provisions of this Part, Parliament may by law indemnify any person in the service of the Union or of a State or any other person in respect of any act done by him in connection with the maintenance or restoration of order in any area within the territory of India where martial law was in force or validate any sentence passed, punishment inflicted, forfeiture ordered or other act done under martial law in such area",-0.21893897094726564,8,0
suspension of article 19 during emergency,172,172. Duration of State Legislatures,-0.22079566650390625,9,0
suspension of article 19 during emergency,354,"354. Application of provisions relating to distribution of revenues while a Proclamation of Emergency is in operation (l) The President may, while a Proclamation of Emergency is in operation, by order direct that all or any of the provisions of Articles 268 to 279 shall for such period, not extending in any case beyond the expiration of the financial year in which such Proclamation ceases to operate, as may be specific in the order, have effect subject to such exceptions or modifications as he thinks fit",-0.23749652099609375,10,0
suspension of article 19 during emergency,250,250. Power of Parliament to legislate with respect to any matter in the State List if a Proclamation of Emergency is in operation,-0.2879488525390625,11,0
suspension of article 19 during emergency,349,"349. Special procedure for enactment of certain laws relating to language During the period of fifteen years from the commencement of this Constitution, no Bill or amendment making provision for the language to be used for any of the purposes mentioned in clause ( 1 ) of Article 348 shall be introduced or moved in either House of Parliament without the previous sanction of the President, and the President shall not give his sanction to the introduction of any such Bill or the moving of any such amendment except after he has taken into consideration the recommendations of the Commission constituted under clause ( 1 ) of Article 344 and the report of the Committee constituted under clause ( 4 ) of that article CHAPTER IV SPECIAL DIRECTIVES",-0.29811764602661134,12,0
suspension of article 19 during emergency,179,"179. Vacation and resignation of, and removal from, the offices of Speaker and Deputy Speaker A member holding office as Speaker or Deputy Speaker of an Assembly",-0.3073160827636719,13,0
suspension of article 19 during emergency,363,363. A Recognition granted to Rulers of Indian States to cease and privy purses to be abolished Notwithstanding anything in this Constitution or in any law for the time being in force,-0.39055388565063476,14,0
suspension of article 19 during emergency,392,392. Power of the President to remove difficulties,-0.39226758422851565,15,0
suspension of article 19 during emergency,181,181. The Speaker or the Deputy Speaker not to preside while a resolution for his removal from office is under consideration,-0.42833406372070315,16,0
suspension of article 19 during emergency,185,185. The Chairman or the Deputy Chairman not to preside while a resolution for his removal from office is under consideration,-0.43099060211181645,17,0
suspension of article 19 during emergency,359,359. Suspension of the enforcement of the rights conferred by Part III during emergencies,-0.4331625000000001,18,0
suspension of article 19 during emergency,267,267. Contingency Fund,-0.4368117218017578,19,0
suspension of article 19 during emergency,65,"65. The Vice President to act as President or to discharge his functions during casual vacancies in the office, or during the absence, of President",-0.44230000915527345,20,0
suspension of article 19 during emergency,13,13. Laws inconsistent with or in derogation of the fundamental rights,-0.4492208480834961,21,0
suspension of article 19 during emergency,123,123. Power of President to promulgate Ordinances during recess of Parliament,-0.47945452270507816,22,0
suspension of article 19 during emergency,353,"353. Effect of Proclamation of Emergency While a Proclamation of Emergency is in operation, then",-0.494311767578125,23,0
suspension of article 19 during emergency,310,310. Tenure of office of persons serving the Union or a State,-0.5098224838256836,24,0
suspension of article 19 during emergency,319,319. Prohibition as to the holding of offices by members of Commission on ceasing to be such members On ceasing to hold office,-0.5153275756835938,25,0
suspension of article 19 during emergency,115,"115. Supplementary, additional or excess grants",-0.5671987415313721,26,0
suspension of article 19 during emergency,311,"311. Dismissal, removal or reduction in rank of persons employed in civil capacities under the Union or a State",-0.707666081237793,27,0
suspension of article 19 during emergency,317,317. Removal and suspension of a member of a Public Service Commission,-0.7551449768066406,28,0
suspension of article 19 during emergency,239B,239B. Power of administrator to promulgate Ordinances during recess of Legislature,-0.8106234741210938,29,0
suspension of article 19 during emergency,356,356. Provisions in case of failure of constitutional machinery in State,-0.830159375,30,0
suspension of article 19 during emergency,360,360. Provisions as to financial emergency,-0.96126669921875,31,0
suspension of article 19 during emergency,352,352. Proclamation of Emergency,-0.9680765136718752,32,0
suspension of article 19 during emergency,370,370. Temporary provisions with respect to the State of Jammu and Kashmir,-1.0406447204589844,33,0
suspension of article 19 during emergency,213,213. Power of Governor to promulgate Ordinances during recess of Legislature,-1.150851257324219,34,0
suspension of article 19 during emergency,312A,312A. Power of Parliament to vary or revoke conditions of service of officers of certain services,-1.1678605102539064,35,0
suspension of article 19 during emergency,372,372. Continuance in force of existing laws and their adaptation,-1.181577944946289,36,0
suspension of article 19 during emergency,305,"305. Saving of existing laws and laws providing for State monopolies Nothing in Articles 301 and 303 shall affect the provisions of any existing law except in so far as the President may be order otherwise direct; and nothing in Article 301 shall affect the operation of any law made before the commencement of the Constitution (Fourth Amendment) Act, 1955 , in so far as it relates to, or prevent Parliament or the Legislature of a State from making any law relating to, any such matter as is referred to in sub clause (ii) of clause ( 6 ) of Article 19",-1.4041592041015625,37,0
suspension of article 19 during emergency,31C,"31C. Saving of laws giving effect to certain directive principles Notwithstanding anything contained in Article 13, no law giving effect to the policy of the State towards securing all or any of the principles laid down in Part IV shall be deemed to be void on the ground that it is inconsistent with, or takes away or abridges any of the rights conferred by Article 14 or Article 19 and no law containing a declaration that it is for giving effect to such policy shall be called in question in any court on the ground that it does not give effect to such policy: Provided that where such law is made by the Legislature of a State, the provisions of this Article shall not apply thereto unless such law, having been reserved for the consideration of the President, has received his assent Right to Constitutional Remedies",-1.4992578369140626,38,0
suspension of article 19 during emergency,358,358. Suspension of provisions of Article 19 during emergencies,-2.01932421875,39,1
suspension of article 19 during emergency,371D,371D. Special provisions with respect to the state of Andhra Pradesh,-2.8923063110351563,40,0
financial emergency,354,"354. Application of provisions relating to distribution of revenues while a Proclamation of Emergency is in operation (l) The President may, while a Proclamation of Emergency is in operation, by order direct that all or any of the provisions of Articles 268 to 279 shall for such period, not extending in any case beyond the expiration of the financial year in which such Proclamation ceases to operate, as may be specific in the order, have effect subject to such exceptions or modifications as he thinks fit",-0.014207031250000002,1,0
financial emergency,264,"264. Interpretation In this Part, Finance Commission means a Finance Commission constituted under Article 280",-0.04328242645263672,2,0
financial emergency,278,"278. Agreement with States in Part B of the First Schedule with regard to certain financial matters Rep by the Constitution (Seventh Amendment) Act, 1956 , Section 29 and Schedule",-0.07009891662597656,3,0
financial emergency,360,360. Provisions as to financial emergency,-0.07094687499999996,4,1
financial emergency,281,281. Recommendations of the Finance Commission The President shall cause every recommendation made by the Finance Commission under the provisions of this Constitution together with an explanatory memorandum as to the action taken thereon to be laid before each House of Parliament Miscellaneous Financial Provisions,-0.12303025817871094,5,0
financial emergency,292,"292. Borrowing by the Government of India The executive power of the Union extends to borrowing upon the security of the Consolidated Fund of India within such limits, if any, as may from time to time be fixed by Parliament by law and to the giving of guarantees within such limits, if any, as may be so fixed",-0.12305592880249024,6,0
financial emergency,41,"41. Right to work, to education and to public assistance in certain cases The State shall, within the limits of its economic capacity and development, make effective provision for securing the right to work, to education and to public assistance in cases of unemployment, old age, sickness and disablement, and in other cases of undeserved want",-0.13723164329528809,7,0
financial emergency,119,"119. Regulation by law of procedure in Parliament in relation to financial business Parliament may, for the purpose of the timely completion of financial business, regulate by law the procedure of, and the conduct of business in, each House of Parliament in relation to any financial matter or to any Bill for the appropriation of moneys out of the consolidated Fund of India, and, if and so far as any provision of any law so made is inconsistent with any rule made by a House of Parliament under clause ( 1 ) of Article 118 or with any rule or standing order having effect in relation to Parliament under clause ( 2 ) of that article, such provision shall prevail",-0.26202508544921876,8,0
financial emergency,250,250. Power of Parliament to legislate with respect to any matter in the State List if a Proclamation of Emergency is in operation,-0.29462457275390624,9,0
financial emergency,209,"209. Regulation by law of procedure in the Legislature of the State in relation to financial business The Legislature of a State may, for the purpose of the timely completion of financial business, regulate by law the procedure of, and the conduct of business in, the House or Houses of the Legislature of the State in relation to any financial matter or to any Bill for the appropriation of moneys out of the Consolidated Fund of the State, and, if and so far as any provision of any law so made is inconsistent with any rule made by the House or either House of the Legislature of the State under clause ( 1 ) of article 208 or with any rule or standing order having effect in relation to the Legislature of the State under clause ( 2 ) of that article, such provision shall prevail",-0.3101839385986328,10,0
financial emergency,267,267. Contingency Fund,-0.416912353515625,11,0
financial emergency,280,280. Finance Commission,-0.4196891143798828,12,0
financial emergency,196,196. Provisions as to introduction and passing of Bills,-0.4201038299560547,13,0
financial emergency,114,114. Appropriation Bills,-0.4276569549560547,14,0
financial emergency,340,340. Appointment of a Commission to investigate the conditions of backward classes,-0.4400633529663086,15,0
financial emergency,204,204. Appropriation Bills,-0.44178338317871096,16,0
financial emergency,243Y,243Y. Finance Commission,-0.46237248840332035,17,0
financial emergency,117,117. Special provisions as to financial Bills,-0.46771447753906253,18,0
financial emergency,207,207. Special provisions as to financial Bills,-0.47642781372070314,19,0
financial emergency,290,"290. Adjustment in respect of certain expenses and pensions Where under the provisions of this Constitution the expenses of any court or Commission, or the pension payable to or in respect of a person who has served before the commencement in connection with the affairs of the Union or of a State, are charged on the Consolidated Fund of India or the Consolidated Fund of a State, then, if",-0.491573641204834,20,0
financial emergency,353,"353. Effect of Proclamation of Emergency While a Proclamation of Emergency is in operation, then",-0.49868341064453126,21,0
financial emergency,266,266. Consolidated Funds and public accounts of India and of the States,-0.5139798400878907,22,0
financial emergency,283,"283. Custody, etc of Consolidated Funds, Contingency Funds and moneys credited to the public accounts",-0.5158758056640625,23,0
financial emergency,293,293. Borrowing by States,-0.5244455108642578,24,0
financial emergency,116,"116. Votes on account, votes of credit and exceptional grants",-0.5630191162109375,25,0
financial emergency,115,"115. Supplementary, additional or excess grants",-0.5633008361816406,26,0
financial emergency,109,109. Special procedure in respect of Money Bills,-0.5827610713958741,27,0
financial emergency,205,"205. Supplementary, additional or excess grants",-0.5836147277832031,28,0
financial emergency,206,"206. Votes on account, votes of credit and exceptional grants",-0.5843809509277345,29,0
financial emergency,358,358. Suspension of provisions of Article 19 during emergencies,-0.5971608276367187,30,0
financial emergency,198,198. Special procedure in respect of Money Bills,-0.611078816986084,31,0
financial emergency,197,197. Restriction on powers of Legislative Council as to Bills other than Money Bills,-0.6351136383056641,32,0
financial emergency,202,202. Annual financial statement,-0.6624512329101563,33,0
financial emergency,243I,243I. Constitution of finance Commissions to review financial position,-0.693419091796875,34,0
financial emergency,110,110. Definition of Money Bill,-0.7870519149780274,35,0
financial emergency,199,199. Definition of Money Bills,-0.799421940612793,36,0
financial emergency,112,112. Annual financial statement,-0.8382106414794922,37,0
financial emergency,352,352. Proclamation of Emergency,-0.9833963378906252,38,0
financial emergency,359,359. Suspension of the enforcement of the rights conferred by Part III during emergencies,-1.0444906250000001,39,0
financial emergency,275,275. Grants from the Union to certain States,-1.119648516845703,40,0
parliament power during emergency,250,250. Power of Parliament to legislate with respect to any matter in the State List if a Proclamation of Emergency is in operation,0.6832578125,1,0
parliament power during emergency,33,"33. Power of Parliament to modify the rights conferred by this Part in their application etc Parliament may, by law, determine to what extent any of the rights conferred by this Part shall, in their application to,",0.455027734375,2,0
parliament power during emergency,353,"353. Effect of Proclamation of Emergency While a Proclamation of Emergency is in operation, then",0.43296484375,3,1
parliament power during emergency,70,70. Discharge of Presidents functions in other contingencies Parliament may make such provision as if thinks fit for the discharge of the functions of the President in any contingency not provided for in this Chapter,0.34670546874999997,4,0
parliament power during emergency,34,"34. Restriction on rights conferred by this Part while martial law is in force in any area Notwithstanding anything in the foregoing provisions of this Part, Parliament may by law indemnify any person in the service of the Union or of a State or any other person in respect of any act done by him in connection with the maintenance or restoration of order in any area within the territory of India where martial law was in force or validate any sentence passed, punishment inflicted, forfeiture ordered or other act done under martial law in such area",0.30346474609374996,5,0
parliament power during emergency,354,"354. Application of provisions relating to distribution of revenues while a Proclamation of Emergency is in operation (l) The President may, while a Proclamation of Emergency is in operation, by order direct that all or any of the provisions of Articles 268 to 279 shall for such period, not extending in any case beyond the expiration of the financial year in which such Proclamation ceases to operate, as may be specific in the order, have effect subject to such exceptions or modifications as he thinks fit",0.143751953125,6,0
parliament power during emergency,123,123. Power of President to promulgate Ordinances during recess of Parliament,0.09106015624999997,7,0
parliament power during emergency,35,"35. Legislation to give effect to the provisions of this Part Notwithstanding anything in this Constitution,",0.04330117187499993,8,0
parliament power during emergency,248,248. Residuary powers of legislation,0.02176835937499999,9,0
parliament power during emergency,302,"302. Power of Parliament to impose restrictions on trade, commerce and intercourse Parliament may by law impose such restrictions on the freedom of trade, commerce or intercourse between one State and another or within any part of the territory of India as may be required in the public interest",0.013469726562499992,10,0
parliament power during emergency,253,"253. Legislation for giving effect to international agreements Notwithstanding anything in the foregoing provisions of this Chapter, Parliament has power to make any law for the whole or any part of the territory of India for implementing any treaty, agreement or convention with any other country or countries or any decision made at any international conference, association or other body",-0.0159853515625,11,0
parliament power during emergency,369,"369. Temporary power to Parliament to make laws with respect to certain matters in the State List as if they were matters in the Concurrent List Notwithstanding anything in this Constitution, Parliament shall, during a period of five years from the commencement of this constitution, have power to make laws with respect to the following matters as if they were enumerated in the Concurrent List, namely:",-0.06354765625000003,12,0
parliament power during emergency,140,140. Ancillary powers of Supreme Court Parliament may by law make provision for conferring upon the Supreme Court such supplemental powers not inconsistent with any of the provisions of this Constitution as may appear to be necessary or desirable for the purpose of enabling the Court more effectively to exercise the jurisdiction conferred upon it by or under this Constitution,-0.08827275390625,13,0
parliament power during emergency,307,"307. Appointment of authority for carrying out the purposes of Articles 301 to 304 Parliament may by law appoint such authority as it considers appropriate for carrying out the purposes of Articles 301, 302, 303 and 304, and confer on the authority so appointed such powers and such duties as it thinks necessary PART XIV SERVICES UNDER THE UNION AND THE STATES CHAPTER I SERVICES",-0.09407763671875,14,0
parliament power during emergency,373,"373. Power of President to make order in respect of persons under preventive detention in certain cases Until provision is made by Parliament under clause ( 7 ) of Article 22, or until the expiration of one year from the commencement of this Constitution, whichever is earlier, the said article shall have effect as if for any reference to Parliament in clauses ( 4 ) and ( 7 ) thereof there were substituted a reference to the Parliament in those clauses there were substituted a reference to an order made by the President",-0.09876015625000001,15,0
parliament power during emergency,292,"292. Borrowing by the Government of India The executive power of the Union extends to borrowing upon the security of the Consolidated Fund of India within such limits, if any, as may from time to time be fixed by Parliament by law and to the giving of guarantees within such limits, if any, as may be so fixed",-0.11350631103515625,16,0
parliament power during emergency,327,"327. Power of Parliament to make provision with respect to elections to Legislatures Subject to the provisions of this constitution, Parliament may from time to time by law made provision with respect to all matters relating to, or in connection with, elections to either House of Parliament or to the House or either House of the Legislature of a State including the preparation of electoral rolls, the delimitation of constituencies and all other matters necessary for securing the due constitution of such House or Houses",-0.12268593750000001,17,0
parliament power during emergency,85,"85. Sessions of Parliament, prorogation and dissolution",-0.13637509765625,18,0
parliament power during emergency,321,"321. Power to extend functions of Public Service Commissions An Act made by Parliament or, as the case may be, the Legislature of a State may provide for the exercise of additional functions by the Union Public Service Commission or the State Public Service Commission as respects the services of the Union of the State and also as respects the services of any local authority or other body corporate constituted by law or of any public institution",-0.15118486328125,19,0
parliament power during emergency,358,358. Suspension of provisions of Article 19 during emergencies,-0.173767578125,20,0
parliament power during emergency,122,122. Courts not to inquire into proceedings of Parliament,-0.18599902343750002,21,0
parliament power during emergency,162,"162. Extent of executive power of State Subject to the provisions of this Constitution, the executive power of a State shall extend to the matters with respect to which the Legislature of the State has power to make laws Provided that in any matter with respect to which the Legislature of a State and Parliament have power to make laws, the executive power of the State shall be subject to, and limited by, the executive power expressly conferred by the Constitution or by any law made by Parliament upon the Union or authorities thereof Council of Ministers",-0.19601210937500002,22,0
parliament power during emergency,249,249. Power of Parliament to legislate with respect to a matter in the State List in the national interest,-0.197489453125,23,0
parliament power during emergency,246,246. Subject matter of laws made by Parliament and by the Legislatures of States,-0.22965380859375,24,0
parliament power during emergency,53,53. Executive power of the Union,-0.242561474609375,25,0
parliament power during emergency,252,252. Power of Parliament to legislate for two or more States by consent and adoption of such legislation by any other State,-0.26677890625,26,0
parliament power during emergency,73,73. Extent of executive power of the Union,-0.33149248046875,27,0
parliament power during emergency,100,"100. Voting in Houses, power of Houses to act notwithstanding vacancies and quorum",-0.3328748046875,28,0
parliament power during emergency,352,352. Proclamation of Emergency,-0.3533609375000002,29,0
parliament power during emergency,258,"258. Power of the Union to confer powers, etc, on States in certain cases",-0.39680791015625,30,0
parliament power during emergency,267,267. Contingency Fund,-0.40205029296875,31,0
parliament power during emergency,105,"105. Powers, privileges, etc of the Houses of Parliament and of the members and committees thereof",-0.43509902343750007,32,0
parliament power during emergency,359,359. Suspension of the enforcement of the rights conferred by Part III during emergencies,-0.4375570312500001,33,0
parliament power during emergency,357,357. Exercise of legislative powers under Proclamation issued under Article 356,-0.457381640625,34,0
parliament power during emergency,116,"116. Votes on account, votes of credit and exceptional grants",-0.52537568359375,35,0
parliament power during emergency,356,356. Provisions in case of failure of constitutional machinery in State,-0.534016796875,36,0
parliament power during emergency,257,257. Control of the Union over States in certain cases,-0.6601952636718751,37,0
parliament power during emergency,368,368. Power of Parliament to amend the Constitution and procedure therefor,-0.69859228515625,38,0
parliament power during emergency,360,360. Provisions as to financial emergency,-0.80190390625,39,0
parliament power during emergency,312A,312A. Power of Parliament to vary or revoke conditions of service of officers of certain services,-1.0314087890625,40,0
president rule in state,59,59. Conditions of Presidents office,0.451440625,1,0
president rule in state,54,54. Election of President The President shall be elected by the members of an electoral college consisting of the elected members of both Houses of Parliament; and the elected members of the Legislative Assemblies of the States,0.44093828125,2,0
president rule in state,155,155. Appointment of Governor The Governor of a State shall be appointed by the President by warrant under his hand and seal,0.317255078125,3,0
president rule in state,31C,"31C. Saving of laws giving effect to certain directive principles Notwithstanding anything contained in Article 13, no law giving effect to the policy of the State towards securing all or any of the principles laid down in Part IV shall be deemed to be void on the ground that it is inconsistent with, or takes away or abridges any of the rights conferred by Article 14 or Article 19 and no law containing a declaration that it is for giving effect to such policy shall be called in question in any court on the ground that it does not give effect to such policy: Provided that where such law is made by the Legislature of a State, the provisions of this Article shall not apply thereto unless such law, having been reserved for the consideration of the President, has received his assent Right to Constitutional Remedies",0.22816220703125,4,0
president rule in state,72,"72. Power of President to grant pardons, etc, and to suspend, remit or commute sentences in certain cases",0.16407421875,5,0
president rule in state,160,160. Discharge of the functions of the Governor in certain contingencies The President may make such provision as he thinks fit for the discharge of the functions of the Governor of a State in any contingency not provided for in this Chapter,0.14871718750000001,6,0
president rule in state,56,56. Term of office of President,0.126223828125,7,0
president rule in state,53,53. Executive power of the Union,0.10347734375,8,0
president rule in state,77,77. Conduct of business of the Government of India,-0.005585937500000027,9,0
president rule in state,239,239. Administration of Union territories,-0.006387890625000003,10,0
president rule in state,299,299. Contracts,-0.020491796875000023,11,0
president rule in state,64,"64. The Vice President to be ex officio Chairman of the council of States The Vice President shall be ex officio chairman of the counsel of States and shall not hold any other office of profit: Provided that during any period when the Vice President acts as President or discharges the functions of the President under Article 65, he shall not perform the duties of the office of chairman of the council of States and shall not be entitled to any salary or allowance payable to the chairman of the council of States under Article 97",-0.04458710937500002,12,0
president rule in state,154,154. Executive power of State,-0.05302734375000001,13,0
president rule in state,361,361. Protection of President and Governors and Rajpramukhs,-0.06310468749999998,14,0
president rule in state,162,"162. Extent of executive power of State Subject to the provisions of this Constitution, the executive power of a State shall extend to the matters with respect to which the Legislature of the State has power to make laws Provided that in any matter with respect to which the Legislature of a State and Parliament have power to make laws, the executive power of the State shall be subject to, and limited by, the executive power expressly conferred by the Constitution or by any law made by Parliament upon the Union or authorities thereof Council of Ministers",-0.09847792968750002,15,0
president rule in state,371C,371C. Special provision with respect to the State of Manipur,-0.10018125,16,0
president rule in state,365,"365. Effect of failure to comply with, or to give effect to, directions given by the Union Where any State has failed to comply with or to give effect to any directions given in the exercise of the executive power of the Union under any directions given in the exercise of the executive power of the Union under any of the provisions of this Constitution, it shall be lawful for the President to hold that a situation has arisen in which the government of the State cannot be carried on in accordance with the provisions of this Constitution",-0.11984238281250001,17,0
president rule in state,65,"65. The Vice President to act as President or to discharge his functions during casual vacancies in the office, or during the absence, of President",-0.12091367187500002,18,0
president rule in state,67,67. Term of office of Vice President The Vice President shall hold office for a term of five years from the date on which he enters upon his office: Provided that,-0.12258496093749999,19,0
president rule in state,258,"258. A Power of the States to entrust functions to the Union Notwithstanding anything in this Constitution, the Governor of a State may, with the consent of the Governor of India, entrust either conditionally or unconditionally to that Government or to its officers functions in relation to any matter to which the executive power of the State extends",-0.1239968017578125,20,0
president rule in state,156,156. Term of office of Governor,-0.12989130859375,21,0
president rule in state,258,"258. Power of the Union to confer powers, etc, on States in certain cases",-0.185565234375,22,0
president rule in state,339,339. Control of the Union over the administration of Scheduled Areas and the welfare of Scheduled Tribes,-0.24907275390625,23,0
president rule in state,309,"309. Recruitment and conditions of service of persons serving the Union or a State Subject to the provisions of this Constitution, Acts of the appropriate Legislature may regulate the recruitment, and conditions of service of persons appointed, to public services and posts in connection with the affairs of the Union or of any State: Provided that it shall be competent for the President or such person as he may direct in the case of services and posts in connection with the affairs of the Union, and for the Governor of a State or such person as he may direct in the case of services and posts in connection with the affairs of the State, to make rules regulating the recruitment, and the conditions of service of persons appointed, to such services and posts until provision in that behalf is made by or under an Act of the appropriate Legislature under this article, and any rules so made shall have effect subject to the provisions of any such Act",-0.265633203125,24,0
president rule in state,392,392. Power of the President to remove difficulties,-0.29753720703125003,25,0
president rule in state,363,363. A Recognition granted to Rulers of Indian States to cease and privy purses to be abolished Notwithstanding anything in this Constitution or in any law for the time being in force,-0.301112109375,26,0
president rule in state,66,66. Election of Vice President,-0.309984765625,27,0
president rule in state,166,166. Conduct of business of the Government of a State,-0.3213177734375,28,0
president rule in state,310,310. Tenure of office of persons serving the Union or a State,-0.34270917968750003,29,0
president rule in state,296,"296. Property accruing by escheat or lapse or as bona vacantia Subject as hereinafter provided any property in the territory of India which, if this Constitution had not come into operation, would have accrued to His Majesty or, as the case may be, to the Ruler of an Indian State by escheat or lapse, or as bona vacantia for want of a rightful owner, shall, if it is property situate in a State, vest in such State, and shall, in any other case, vest in the Union: Provided that any property which at the date when it wouldhave so accrued to His Majesty or to the Ruler of an Indian State was in the possession or under the control of the Government of India or the Government of a State shall, according as the purposes for which it was then used or held were purposes of the Union or a State, vest in the Union or in that State Explanation In the article, the expressions Ruler and Indian State have the same meanings as in Article 363",-0.34813090820312503,30,0
president rule in state,288,288. Exemption from taxation by States in respect of water or electricity in certain cases,-0.3903396484375,31,0
president rule in state,240,240. Power of President to make regulations for certain Union territories,-0.40222949218750004,32,0
president rule in state,158,158. Conditions of Governor office,-0.43567856445312503,33,0
president rule in state,3,"3. Formation of new States and alteration of areas, boundaries or names of existing States: Parliament may by law",-0.45775068359375004,34,0
president rule in state,55,55. Manner of election of President,-0.54898203125,35,0
president rule in state,356,356. Provisions in case of failure of constitutional machinery in State,-0.635091015625,36,1
president rule in state,257,257. Control of the Union over States in certain cases,-0.6509179199218751,37,0
president rule in state,370,370. Temporary provisions with respect to the State of Jammu and Kashmir,-0.94732578125,38,0
president rule in state,213,213. Power of Governor to promulgate Ordinances during recess of Legislature,-1.0937299804687501,39,0
president rule in state,371D,371D. Special provisions with respect to the state of Andhra Pradesh,-2.7225904296875,40,0
reservation in public employment,16,16. Equality of opportunity in matters of public employment,1.7627234375,1,1
reservation in public employment,19,19. Protection of certain rights regarding freedom of speech etc,0.3781215026855469,2,0
reservation in public employment,29,29. Protection of interests of minorities,0.3298289482116699,3,0
reservation in public employment,23,23. Prohibition of traffic in human beings and forced labour,0.30485980377197264,4,0
reservation in public employment,24,"24. Prohibition of employment of children in factories, etc No child below the age of fourteen years shall be employed to work in any factory or mine or engaged in any other hazardous employment Provided that nothing in this sub clause shall authorise the detention of any person beyond the maximum period prescribed by any law made by Parliament under sub clause (b) of clause ( 7 ); or such person is detained in accordance with the provisions of any law made by Parliament under sub clauses (a) and (b) of clause ( 7 )",0.29502941284179685,5,0
reservation in public employment,33,"33. Power of Parliament to modify the rights conferred by this Part in their application etc Parliament may, by law, determine to what extent any of the rights conferred by this Part shall, in their application to,",0.200724755859375,6,0
reservation in public employment,15,"15. Prohibition of discrimination on grounds of religion, race, caste, sex or place of birth",0.089713752746582,7,0
reservation in public employment,329,329. A Special provision as to elections to Parliament in the case of Prime Minister and Speaker Omitted PART XVI SPECIAL PROVISIONS RELATING TO CERTAIN CLASSES,-0.06381188774108887,8,0
reservation in public employment,42,42. Provision for just and humane conditions of work and maternity relief The State shall make provision for securing just and humane conditions of work and for maternity relief,-0.07055848197937012,9,0
reservation in public employment,314,"314. Provision for protection of existing officers of certain services Rep by the Constitution (Twenty eight Amendment) Act, 1972 , Section 3 (w e f 29 08 1972 ) CHAPTER II PUBLIC SERVICE COMMISSION",-0.07537576599121094,10,0
reservation in public employment,41,"41. Right to work, to education and to public assistance in certain cases The State shall, within the limits of its economic capacity and development, make effective provision for securing the right to work, to education and to public assistance in cases of unemployment, old age, sickness and disablement, and in other cases of undeserved want",-0.13401990661621094,11,0
reservation in public employment,335,"335. Claims of Scheduled Castes and Scheduled Tribes to services and posts The claims of the members of the Scheduled Castes and the Scheduled Tribes shall be taken into consideration, consistently with the maintenance of efficiency of administration, in the making of appointments to services and posts in connection with the affairs of the Union or of a State",-0.14340341033935547,12,0
reservation in public employment,46,"46. Promotion of educational and economic interests of Scheduled Castes, Scheduled Tribes and other weaker sections The State shall promote with special care the educational and economic interests of the weaker sections of the people, and, in particular, of the Scheduled Castes and the Scheduled Tribes, and shall protect them from social injustice and all forms of exploitation",-0.15121400032043458,13,0
reservation in public employment,313,"313. Transitional provisions Until other provision is made in this behalf under this Constitution, all the laws in force immediately before the commencement of this Constitution and applicable to any public service or any post which continues to exist after the commencement of service or post under the Union or a State shall continue in force so far as consistent with the provisions of this Constitution",-0.15508341064453127,14,0
reservation in public employment,284,284. Custody of suitors deposits and other moneys received by public servants an courts All moneys received by or deposited with,-0.21941367187500002,15,0
reservation in public employment,334,"334. Reservation of seats and special representation to cease after forty years Notwithstanding anything in the foregoing provisions of this Part, the provisions of Constitution relating to",-0.3184174926757813,16,0
reservation in public employment,31A,"31A. Saving of laws providing for acquisition of estates, etc ( 1 ) Notwithstanding anything contained in Article 13, no law providing for",-0.3307440773010254,17,0
reservation in public employment,303,303. Restrictions on the legislative powers of the Union and of the States with regard to trade and commerce,-0.3452633529663086,18,0
reservation in public employment,338,"338. Special Officer for Scheduled Castes, Scheduled Tribes etc",-0.349641828918457,19,0
reservation in public employment,98,98. Secretariat of Parliament,-0.3522585906982422,20,0
reservation in public employment,336,336. Special provision for Anglo Indian community in certain services,-0.371311376953125,21,0
reservation in public employment,309,"309. Recruitment and conditions of service of persons serving the Union or a State Subject to the provisions of this Constitution, Acts of the appropriate Legislature may regulate the recruitment, and conditions of service of persons appointed, to public services and posts in connection with the affairs of the Union or of any State: Provided that it shall be competent for the President or such person as he may direct in the case of services and posts in connection with the affairs of the Union, and for the Governor of a State or such person as he may direct in the case of services and posts in connection with the affairs of the State, to make rules regulating the recruitment, and the conditions of service of persons appointed, to such services and posts until provision in that behalf is made by or under an Act of the appropriate Legislature under this article, and any rules so made shall have effect subject to the provisions of any such Act",-0.3758474365234375,22,0
reservation in public employment,187,187. Secretariat of State Legislature,-0.4074601539611817,23,0
reservation in public employment,102,102. Disqualification s for membership,-0.4240532730102539,24,0
reservation in public employment,158,158. Conditions of Governor office,-0.4561712373733521,25,0
reservation in public employment,191,191. Disqualifications for membership,-0.48243849105834963,26,0
reservation in public employment,164,164. Other provisions as to Ministers,-0.4855648590087891,27,0
reservation in public employment,312,312. All India Services,-0.5078923797607422,28,0
reservation in public employment,310,310. Tenure of office of persons serving the Union or a State,-0.5098377426147461,29,0
reservation in public employment,319,319. Prohibition as to the holding of offices by members of Commission on ceasing to be such members On ceasing to hold office,-0.5228616027832031,30,0
reservation in public employment,378,378. Provisions as to Public Service Commissions,-0.5695648590087891,31,0
reservation in public employment,332,332. Reservation of seats for Scheduled Castes and Scheduled Tribes in the Legislative Assemblies of the States,-0.5789820434570313,32,0
reservation in public employment,243T,243T. Reservation of seats,-0.659015966796875,33,0
reservation in public employment,330,330. Reservation of seats for Scheduled Castes and Scheduled Tribes in the House of the People,-0.6936872192382812,34,0
reservation in public employment,311,"311. Dismissal, removal or reduction in rank of persons employed in civil capacities under the Union or a State",-0.7060419738769531,35,0
reservation in public employment,316,316. Appointment and term of office of members,-0.9258256225585938,36,0
reservation in public employment,243D,243D. Reservation of seats,-0.9540252441406251,37,0
reservation in public employment,312A,312A. Power of Parliament to vary or revoke conditions of service of officers of certain services,-1.1687207244873048,38,0
reservation in public employment,320,320. Functions of Public Service Commissions,-1.3826942993164064,39,0
reservation in public employment,371D,371D. Special provisions with respect to the state of Andhra Pradesh,-2.552546484375,40,0
reservation for scheduled castes services,16,16. Equality of opportunity in matters of public employment,1.01107548828125,1,0
reservation for scheduled castes services,334,"334. Reservation of seats and special representation to cease after forty years Notwithstanding anything in the foregoing provisions of this Part, the provisions of Constitution relating to",0.43726640624999996,2,0
reservation for scheduled castes services,332,332. Reservation of seats for Scheduled Castes and Scheduled Tribes in the Legislative Assemblies of the States,0.38403828124999995,3,0
reservation for scheduled castes services,335,"335. Claims of Scheduled Castes and Scheduled Tribes to services and posts The claims of the members of the Scheduled Castes and the Scheduled Tribes shall be taken into consideration, consistently with the maintenance of efficiency of administration, in the making of appointments to services and posts in connection with the affairs of the Union or of a State",0.3507171875,4,1
reservation for scheduled castes services,29,29. Protection of interests of minorities,0.33050462646484374,5,0
reservation for scheduled castes services,23,23. Prohibition of traffic in human beings and forced labour,0.3085629211425781,6,0
reservation for scheduled castes services,330,330. Reservation of seats for Scheduled Castes and Scheduled Tribes in the House of the People,0.26866171875,7,0
reservation for scheduled castes services,243T,243T. Reservation of seats,0.26697890625,8,0
reservation for scheduled castes services,15,"15. Prohibition of discrimination on grounds of religion, race, caste, sex or place of birth",0.16142529296874997,9,0
reservation for scheduled castes services,341,341. Scheduled Castes,0.13368203125,10,0
reservation for scheduled castes services,338,"338. Special Officer for Scheduled Castes, Scheduled Tribes etc",0.08197304687500001,11,0
reservation for scheduled castes services,243D,243D. Reservation of seats,-0.04371640625000006,12,0
reservation for scheduled castes services,259,"259. Armed Forces in States in Part B of the First Schedule Rep by the Constitution (Seventh Amendment) Act, 1956 , S 29 and Schedule",-0.0515510971069336,13,0
reservation for scheduled castes services,329,329. A Special provision as to elections to Parliament in the case of Prime Minister and Speaker Omitted PART XVI SPECIAL PROVISIONS RELATING TO CERTAIN CLASSES,-0.06378172779083252,14,0
reservation for scheduled castes services,42,42. Provision for just and humane conditions of work and maternity relief The State shall make provision for securing just and humane conditions of work and for maternity relief,-0.07067566471099854,15,0
reservation for scheduled castes services,46,"46. Promotion of educational and economic interests of Scheduled Castes, Scheduled Tribes and other weaker sections The State shall promote with special care the educational and economic interests of the weaker sections of the people, and, in particular, of the Scheduled Castes and the Scheduled Tribes, and shall protect them from social injustice and all forms of exploitation",-0.07268154296875001,16,0
reservation for scheduled castes services,244,244. Administration of Scheduled Areas and Tribal Areas,-0.077788671875,17,0
reservation for scheduled castes services,314,"314. Provision for protection of existing officers of certain services Rep by the Constitution (Twenty eight Amendment) Act, 1972 , Section 3 (w e f 29 08 1972 ) CHAPTER II PUBLIC SERVICE COMMISSION",-0.07828161163330079,18,0
reservation for scheduled castes services,234,234. Recruitment of persons other than district judges to the judicial service Appointment of persons other than district judges to the judicial service of a State shall be made by the Governor of the State in accordance with rules made by him in that behalf after consultation with the State Public Service Commission and with the High Court exercising jurisdiction in relation to such State,-0.15665456466674804,19,0
reservation for scheduled castes services,313,"313. Transitional provisions Until other provision is made in this behalf under this Constitution, all the laws in force immediately before the commencement of this Constitution and applicable to any public service or any post which continues to exist after the commencement of service or post under the Union or a State shall continue in force so far as consistent with the provisions of this Constitution",-0.16132711639404299,20,0
reservation for scheduled castes services,277,"277. Savings Any taxes, duties, cesses or fees which, immediately before the commencement of this Constitution, were being lawfully levied by the Government of any State or by any municipality or other local authority or body for the purposes of the State, municipality, district or other local area may, notwithstanding that those taxes, duties, cesses or fees are mentioned in the Union List, continue to be levied and to be applied to the same purposes until provision to the contrary is made by Parliament by law",-0.20616587295532227,21,0
reservation for scheduled castes services,325,"325. No person to be ineligible for inclusion in, or to claim to be included in a special, electoral roll on grounds of religion, race, caste or sex There shall be one general electoral roll for every territorial constituency for election to either House of Parliament or to the House or either House of the Legislature of a State and no person shall be ineligible for inclusion in any such roll or claim to be included in any special electoral roll for any such constituency on grounds only of religion, race, caste, sex or any of them",-0.2117278045654297,22,0
reservation for scheduled castes services,243Z,"243Z. G Bar to interference by courts in electoral matters Notwithstanding anything in this Constitution,",-0.22601038208007815,23,0
reservation for scheduled castes services,371B,"371B. Special provision with respect to the State of Assam Notwithstanding anything in this Constitution, the President may, by order made with respect to the State of Assam, provide for the constitution and functions of a committee of the Legislative Assembly of the State consisting of members of that Assembly elected from the tribal areas specified in Part I of the table appended to paragraph 20 of the Sixth Schedule and such number of other members of that Assembly as may be specified in the order and for the modifications to be made in the rules of procedure of that Assembly for the constitution and proper functioning of such committee",-0.25654742126464847,24,0
reservation for scheduled castes services,342,342. Scheduled Tribes,-0.26389130859375004,25,0
reservation for scheduled castes services,339,339. Control of the Union over the administration of Scheduled Areas and the welfare of Scheduled Tribes,-0.274799072265625,26,0
reservation for scheduled castes services,243Z,243Z. C Part not to apply to certain areas,-0.30005241699218754,27,0
reservation for scheduled castes services,336,336. Special provision for Anglo Indian community in certain services,-0.374057958984375,28,0
reservation for scheduled castes services,309,"309. Recruitment and conditions of service of persons serving the Union or a State Subject to the provisions of this Constitution, Acts of the appropriate Legislature may regulate the recruitment, and conditions of service of persons appointed, to public services and posts in connection with the affairs of the Union or of any State: Provided that it shall be competent for the President or such person as he may direct in the case of services and posts in connection with the affairs of the Union, and for the Governor of a State or such person as he may direct in the case of services and posts in connection with the affairs of the State, to make rules regulating the recruitment, and the conditions of service of persons appointed, to such services and posts until provision in that behalf is made by or under an Act of the appropriate Legislature under this article, and any rules so made shall have effect subject to the provisions of any such Act",-0.3792215362548828,29,0
reservation for scheduled castes services,290,"290. Adjustment in respect of certain expenses and pensions Where under the provisions of this Constitution the expenses of any court or Commission, or the pension payable to or in respect of a person who has served before the commencement in connection with the affairs of the Union or of a State, are charged on the Consolidated Fund of India or the Consolidated Fund of a State, then, if",-0.4921086524963379,30,0
reservation for scheduled castes services,312,312. All India Services,-0.507274398803711,31,0
reservation for scheduled castes services,310,310. Tenure of office of persons serving the Union or a State,-0.5101305206298828,32,0
reservation for scheduled castes services,315,315. Public Service Commissions for the Union and for the States,-0.5281917413711548,33,0
reservation for scheduled castes services,378,378. Provisions as to Public Service Commissions,-0.5712750354766846,34,0
reservation for scheduled castes services,243M,243M. Part not to apply to certain areas,-0.5800154296875001,35,0
reservation for scheduled castes services,323,"323. A Administrative tribunals Parliament may, by law, provide for the adjudication or trial by administrative tribunals of disputes and complaints with respect to recruitment and conditions of service of persons appointed to public services and posts in connection with the affairs of the Union or of any State or of any local or other authority within the territory of India or under the control of the Government of India or of any corporation owned or controlled by the Government",-0.8013327056884766,36,0
reservation for scheduled castes services,312A,312A. Power of Parliament to vary or revoke conditions of service of officers of certain services,-1.1694989227294923,37,0
reservation for scheduled castes services,320,320. Functions of Public Service Commissions,-1.385118539428711,38,0
reservation for scheduled castes services,371A,371A. Special provision with respect to the State of Nagaland,-2.5413559326171877,39,0
reservation for scheduled castes services,371D,371D. Special provisions with respect to the state of Andhra Pradesh,-2.8808698486328126,40,0
reservation of seats in panchayats,16,16. Equality of opportunity in matters of public employment,0.9668707763671874,1,0
reservation of seats in panchayats,29,29. Protection of interests of minorities,0.33113405151367187,2,0
reservation of seats in panchayats,243T,243T. Reservation of seats,0.11561171874999998,3,0
reservation of seats in panchayats,334,"334. Reservation of seats and special representation to cease after forty years Notwithstanding anything in the foregoing provisions of this Part, the provisions of Constitution relating to",0.06544023437499996,4,0
reservation of seats in panchayats,243O,243O. Bar to interference by courts in electoral matters Notwithstanding anything in this Constitution,0.022935156249999977,5,0
reservation of seats in panchayats,243D,243D. Reservation of seats,0.0016937499999999384,6,1
reservation of seats in panchayats,332,332. Reservation of seats for Scheduled Castes and Scheduled Tribes in the Legislative Assemblies of the States,-0.04906718750000005,7,0
reservation of seats in panchayats,243J,"243J. Audit of accounts of Panchayats The Legislature of a State may, by law, make provisions with respect to the maintenance of accounts by the Panchayats and the auditing of such accounts",-0.07292780456542969,8,0
reservation of seats in panchayats,130,"130. Seat of Supreme Court The Supreme Court shall sit in Delhi or in such other place or places, as the Chief Justice of India may, with the approval of the President, from time to time, appoint",-0.0761536865234375,9,0
reservation of seats in panchayats,40,40. Organisation of village panchayats The State shall take steps to organize village panchayats and endow them with such powers and authority as may be necessary to enable them to function as units of self government,-0.08282508544921875,10,0
reservation of seats in panchayats,243B,243B. Constitution of Panchayats,-0.11323608398437501,11,0
reservation of seats in panchayats,243N,"243N. Continuance of existing laws and Panchayats Notwithstanding anything in this Part, any provision of any law relating to Panchayats in force in a State immediately before commencement of the Constitution (Seventy third Amendment) Act, 1992 , which is inconsistent with the provisions of this part, shall continue to be in force until amended or repealed by a competent Legislature other competent authority or until the expiration of one year from such commencement whichever is earlier: Provided that all the Panchayats existing immediately before such commencement shall continue till the expiration of their duration, unless sooner dissolved by a resolution passed to that effect by the Legislative Assembly of that State or, in the case of a State having a Legislative Council, by each house of the Legislature of that State",-0.1702361328125,12,0
reservation of seats in panchayats,243Z,"243Z. G Bar to interference by courts in electoral matters Notwithstanding anything in this Constitution,",-0.18131357421875002,13,0
reservation of seats in panchayats,84,84. Qualification for membership of Parliament A person shall not be qualified to be chosen to fill a seat in Parliament unless he,-0.2558648681640625,14,0
reservation of seats in panchayats,173,173. Qualification for membership of the State Legislature A person shall not be qualified to be chosen to fill a seat in the Legislature of a State unless he,-0.2674071044921875,15,0
reservation of seats in panchayats,243C,243C. Composition of Panchayats,-0.27018046875,16,0
reservation of seats in panchayats,243G,"243G. Powers, authority and responsibilities of Panchayats Subject to the provisions of this Constitution the Legislature of a State may, by law, endow the Panchayats with such powers and authority and may be necessary to enable them to function as institutions of self government and such law may contain provisions for the devolution of powers and responsibilities upon Panchayats, at the appropriate level, subject to such conditions as may be specified therein, with respect to",-0.27163388671875,17,0
reservation of seats in panchayats,326,"326. Elections to the House of the People and to the Legislative Assemblies of States to be on the basis of adult suffrage The elections to the House of the People and to the Legislative Assembly of every State shall be on the basis of adult suffrage; but is to say, every person who is a citizen of India and who is not less than twenty one years of age on such date as may be fixed in that behalf by or under any law made by the appropriate legislature and is not otherwise disqualified under this constitution or any law made by the appropriate Legislature on the ground of non residence, unsoundness of mind, crime or corrupt or illegal practice, shall be entitled to be registered as a voter at any such election",-0.27437171630859375,18,0
reservation of seats in panchayats,243F,243F. Disqualifications for membership,-0.30221806640625004,19,0
reservation of seats in panchayats,243P,"243P. Definitions In this Part, unless the context otherwise requires,",-0.3275292236328125,20,0
reservation of seats in panchayats,243,"243. Definitions In this Part, unless the context otherwise requires,",-0.3634791259765625,21,0
reservation of seats in panchayats,82,"82. Readjustment after each census Upon the completion of each census, the allocation of seats in the House of the People to the States and the division of each State into territorial constituencies shall be readjusted by such authority and in such manner as Parliament may by law determine: Provided that such readjustment shall not affect representation in the House of the People until the dissolution of the then existing House: Provided further that such readjustment shall take effect from such date as President may, by order, specify and until such readjustment takes effect, any election to the House may be held on the basis of the territorial constituencies existing before such readjustment: Provided also that until the relevant figures for the first census taken after the year 2000 have been published, it shall not be necessary to readjust the allocation of seats in the House of the People to the States and the division of each State into territorial constituencies under this article",-0.37305952148437505,22,0
reservation of seats in panchayats,371,371. Special provision with respect to the States of Maharashtra and Gujarat,-0.37724060974121093,23,0
reservation of seats in panchayats,336,336. Special provision for Anglo Indian community in certain services,-0.40481204833984374,24,0
reservation of seats in panchayats,243S,"243S. Constitution and composition of wards Committees, etc",-0.41319566650390627,25,0
reservation of seats in panchayats,243R,243R. Composition of Municipalities,-0.42430744628906253,26,0
reservation of seats in panchayats,243E,"243E. Duration of Panchayats, etc",-0.42900068359375004,27,0
reservation of seats in panchayats,243K,"243K. Elections to the Panchayats The superintendence, direction and control of the preparation of electoral rolls for, and the conduct of, all elections to the Panchayats shall be vested in a State Election Commission consisting of a State Election Commissioner to be appointed by the Governor",-0.447222021484375,28,0
reservation of seats in panchayats,330,330. Reservation of seats for Scheduled Castes and Scheduled Tribes in the House of the People,-0.4550931640625,29,0
reservation of seats in panchayats,243Q,243Q. Constitution of Municipalities,-0.47159133300781253,30,0
reservation of seats in panchayats,164,164. Other provisions as to Ministers,-0.48351445922851566,31,0
reservation of seats in panchayats,243M,243M. Part not to apply to certain areas,-0.5114119140625001,32,0
reservation of seats in panchayats,378,378. Provisions as to Public Service Commissions,-0.5685844818115234,33,0
reservation of seats in panchayats,81,81. Composition of the House of the People,-0.6017984619140625,34,0
reservation of seats in panchayats,243Z,243Z. D Committee for district planning,-0.6424894775390625,35,0
reservation of seats in panchayats,170,170. Composition of the Legislative Assemblies,-0.7786376953125,36,0
reservation of seats in panchayats,243Z,243Z. E Committee for Metropolitan Planning,-0.860512353515625,37,0
reservation of seats in panchayats,324,"324. Superintendence, direction and control of elections to be vested in an Election Commission",-0.9744240112304688,38,0
reservation of seats in panchayats,371F,"371F. Special provisions with respect to the State of Sikkim Notwithstanding anything in this Constitution,",-2.274254296875,39,0
reservation of seats in panchayats,371A,371A. Special provision with respect to the State of Nagaland,-2.4902237304687502,40,0
reservation in municipalities,243T,243T. Reservation of seats,0.289928125,1,1
reservation in municipalities,15,"15. Prohibition of discrimination on grounds of religion, race, caste, sex or place of birth",0.08861655044555661,2,0
reservation in municipalities,329,329. A Special provision as to elections to Parliament in the case of Prime Minister and Speaker Omitted PART XVI SPECIAL PROVISIONS RELATING TO CERTAIN CLASSES,-0.06383906745910645,3,0
reservation in municipalities,243Z,"243Z. Audit of accounts of Municipalities The Legislature of a State may, by law, make provisions with respect to the maintenance of accounts by the Municipalities and the auditing of such accounts",-0.07489947204589845,4,0
reservation in municipalities,243J,"243J. Audit of accounts of Panchayats The Legislature of a State may, by law, make provisions with respect to the maintenance of accounts by the Panchayats and the auditing of such accounts",-0.07536766109466553,5,0
reservation in municipalities,314,"314. Provision for protection of existing officers of certain services Rep by the Constitution (Twenty eight Amendment) Act, 1972 , Section 3 (w e f 29 08 1972 ) CHAPTER II PUBLIC SERVICE COMMISSION",-0.0786339942932129,6,0
reservation in municipalities,243B,243B. Constitution of Panchayats,-0.1391893768310547,7,0
reservation in municipalities,49,"49. Protection of monuments and places and objects of national importance It shall be the obligation of the State to protect every monument or place or object of artistic or historic interests, declared by or under law made by Parliament to be of national importance, from spoliation, disfigurement, destruction, removal, disposal or export, as the case may be",-0.1438161792755127,8,0
reservation in municipalities,243Z,243Z. A Elections to the Municipalities,-0.17673245849609376,9,0
reservation in municipalities,277,"277. Savings Any taxes, duties, cesses or fees which, immediately before the commencement of this Constitution, were being lawfully levied by the Government of any State or by any municipality or other local authority or body for the purposes of the State, municipality, district or other local area may, notwithstanding that those taxes, duties, cesses or fees are mentioned in the Union List, continue to be levied and to be applied to the same purposes until provision to the contrary is made by Parliament by law",-0.184457861328125,10,0
reservation in municipalities,243O,243O. Bar to interference by courts in electoral matters Notwithstanding anything in this Constitution,-0.20722841796875002,11,0
reservation in municipalities,327,"327. Power of Parliament to make provision with respect to elections to Legislatures Subject to the provisions of this constitution, Parliament may from time to time by law made provision with respect to all matters relating to, or in connection with, elections to either House of Parliament or to the House or either House of the Legislature of a State including the preparation of electoral rolls, the delimitation of constituencies and all other matters necessary for securing the due constitution of such House or Houses",-0.20897868118286134,12,0
reservation in municipalities,243Z,"243Z. G Bar to interference by courts in electoral matters Notwithstanding anything in this Constitution,",-0.21630197753906252,13,0
reservation in municipalities,334,"334. Reservation of seats and special representation to cease after forty years Notwithstanding anything in the foregoing provisions of this Part, the provisions of Constitution relating to",-0.25749677734375004,14,0
reservation in municipalities,239,239. A Creation of local Legislatures or Council of Ministers or both for certain Union territories,-0.26783856353759766,15,0
reservation in municipalities,243X,"243X. Power to impose taxes by, and funds, of, the Municipalities The Legislature of a State may, by law",-0.290745556640625,16,0
reservation in municipalities,243Z,"243Z. F Continuance of existing laws and Municipalities Notwithstanding anything in this Part, any provision of any law relating to Municipalities in force in a State immediately before the commencement of the Constitution (Seventy fourth Amendment) Act, 1992 , which is inconsistent with the provisions of this Part, shall continue to be in force until amended or repealed by a competent Legislature or other competent authority or until the expiration of one year from such commencement, whichever is earlier: Provided that all the Municipalities existing immediately before such commencement shall continue till the expiration of their duration, unless sooner dissolved by a resolution passed to that effect by the Legislative Assembly of that State or, in the case of a State having a Legislative Council, by each House of the Legislature of that State",-0.29262583007812504,17,0
reservation in municipalities,243G,"243G. Powers, authority and responsibilities of Panchayats Subject to the provisions of this Constitution the Legislature of a State may, by law, endow the Panchayats with such powers and authority and may be necessary to enable them to function as institutions of self government and such law may contain provisions for the devolution of powers and responsibilities upon Panchayats, at the appropriate level, subject to such conditions as may be specified therein, with respect to",-0.2931211227416992,18,0
reservation in municipalities,203,203. Procedure in Legislature with respect to estimates,-0.30021188774108887,19,0
reservation in municipalities,243V,243V. Disqualifications for membership,-0.31343001708984375,20,0
reservation in municipalities,31A,"31A. Saving of laws providing for acquisition of estates, etc ( 1 ) Notwithstanding anything contained in Article 13, no law providing for",-0.3301952377319336,21,0
reservation in municipalities,243P,"243P. Definitions In this Part, unless the context otherwise requires,",-0.33371666259765626,22,0
reservation in municipalities,243W,"243W. Powers, authority and responsibilities of Municipalities, etc Subject to the provisions of this Constitution, the Legislature of a State may, by law, endow",-0.36149978027343754,23,0
reservation in municipalities,243,"243. Definitions In this Part, unless the context otherwise requires,",-0.38686226654052736,24,0
reservation in municipalities,243R,243R. Composition of Municipalities,-0.40317402343750003,25,0
reservation in municipalities,336,336. Special provision for Anglo Indian community in certain services,-0.4042245849609375,26,0
reservation in municipalities,243S,"243S. Constitution and composition of wards Committees, etc",-0.41466051025390627,27,0
reservation in municipalities,243Y,243Y. Finance Commission,-0.45652646484375003,28,0
reservation in municipalities,243E,"243E. Duration of Panchayats, etc",-0.4597099502563477,29,0
reservation in municipalities,243Q,243Q. Constitution of Municipalities,-0.46687636718750003,30,0
reservation in municipalities,207,207. Special provisions as to financial Bills,-0.48068692321777345,31,0
reservation in municipalities,332,332. Reservation of seats for Scheduled Castes and Scheduled Tribes in the Legislative Assemblies of the States,-0.48729960937500005,32,0
reservation in municipalities,243U,"243U. Duration of Municipalities, etc",-0.507083447265625,33,0
reservation in municipalities,206,"206. Votes on account, votes of credit and exceptional grants",-0.5896485710144044,34,0
reservation in municipalities,243Z,243Z. D Committee for district planning,-0.6645899261474609,35,0
reservation in municipalities,330,330. Reservation of seats for Scheduled Castes and Scheduled Tribes in the House of the People,-0.6717527099609375,36,0
reservation in municipalities,243D,243D. Reservation of seats,-0.6872710937500001,37,0
reservation in municipalities,243Z,243Z. E Committee for Metropolitan Planning,-0.8786188140869141,38,0
reservation in municipalities,243C,243C. Composition of Panchayats,-0.9127852966308594,39,0
reservation in municipalities,371A,371A. Special provision with respect to the State of Nagaland,-2.5485428222656252,40,0
uniform civil code,14,"14. Equality before law The State shall not deny to any person equality before the law or the equal protection of the laws within the territory of India Prohibition of discrimination on grounds of religion, race, caste, sex or place of birth",1.4080670104980468,1,0
uniform civil code,16,16. Equality of opportunity in matters of public employment,0.9573912536621093,2,0
uniform civil code,44,44. Uniform civil code for the citizens The State shall endeavour to secure for the citizens a uniform civil code throughout the territory of India,0.931434375,3,1
uniform civil code,19,19. Protection of certain rights regarding freedom of speech etc,0.400967724609375,4,0
uniform civil code,15,"15. Prohibition of discrimination on grounds of religion, race, caste, sex or place of birth",0.10132855224609372,5,0
uniform civil code,393,393. Short title This Constitution may be called the Constitution of India,-0.02940437755584717,6,0
uniform civil code,257,257. A Assistance to States by deployment of armed forces or other forces of the Union Omitted,-0.035330255126953126,7,0
uniform civil code,1,1. The territories of the States; the Union territories specified in the First Schedule; and such other territories as may be acquired,-0.05285327301025391,8,0
uniform civil code,150,"150. Form of accounts of the Union and of the States The accounts of the Union and of the States shall be kept in such form as the President may, on the advice of the Comptroller and Auditor General of India, prescribe",-0.0861633560180664,9,0
uniform civil code,350,"350. Language to be used in representations for redress of grievances Every person shall be entitled to submit a representation for the redress of any grievance to any officer or authority of the Union or a State in any of the languages used in the Union or in the State, as the case may be",-0.11358529663085938,10,0
uniform civil code,271,"271. Surcharge on certain duties and taxes for purposes of the Union Notwithstanding anything in Articles 269 and 270, Parliament may at any time increase any of the duties or taxes referred in those articles by a surcharge for purposes of the Union and the whole proceeds of any such surcharge shall form part the Consolidated Fund of India",-0.13301064147949218,11,0
uniform civil code,313,"313. Transitional provisions Until other provision is made in this behalf under this Constitution, all the laws in force immediately before the commencement of this Constitution and applicable to any public service or any post which continues to exist after the commencement of service or post under the Union or a State shall continue in force so far as consistent with the provisions of this Constitution",-0.1601836608886719,12,0
uniform civil code,277,"277. Savings Any taxes, duties, cesses or fees which, immediately before the commencement of this Constitution, were being lawfully levied by the Government of any State or by any municipality or other local authority or body for the purposes of the State, municipality, district or other local area may, notwithstanding that those taxes, duties, cesses or fees are mentioned in the Union List, continue to be levied and to be applied to the same purposes until provision to the contrary is made by Parliament by law",-0.20326431884765625,13,0
uniform civil code,325,"325. No person to be ineligible for inclusion in, or to claim to be included in a special, electoral roll on grounds of religion, race, caste or sex There shall be one general electoral roll for every territorial constituency for election to either House of Parliament or to the House or either House of the Legislature of a State and no person shall be ineligible for inclusion in any such roll or claim to be included in any special electoral roll for any such constituency on grounds only of religion, race, caste, sex or any of them",-0.21020001831054688,14,0
uniform civil code,268,268. Duties levied by the Union but collected and appropriated by the States,-0.2430142028808594,15,0
uniform civil code,272,"272. Taxes which are levied and collected by the Union and may be distributed between the Union and the States Union duties of excise other than such duties of excise on medicinal and toilet preparations as are mentioned in the Union List shall be levied and collected by the Government of India, but, if Parliament by law so provides, there shall be paid out of the Consolidated Fund of India to the States to which the law imposing the duty extends sums equivalent to the whole or any part of the net proceeds of that duty, and those sums shall be distributed among those States in accordance with such principles of distribution as may be formulated by such law",-0.2597558837890625,16,0
uniform civil code,341,341. Scheduled Castes,-0.2987186721801758,17,0
uniform civil code,339,339. Control of the Union over the administration of Scheduled Areas and the welfare of Scheduled Tribes,-0.3109347457885742,18,0
uniform civil code,342,342. Scheduled Tribes,-0.3310995986938477,19,0
uniform civil code,338,"338. Special Officer for Scheduled Castes, Scheduled Tribes etc",-0.3485899261474609,20,0
uniform civil code,309,"309. Recruitment and conditions of service of persons serving the Union or a State Subject to the provisions of this Constitution, Acts of the appropriate Legislature may regulate the recruitment, and conditions of service of persons appointed, to public services and posts in connection with the affairs of the Union or of any State: Provided that it shall be competent for the President or such person as he may direct in the case of services and posts in connection with the affairs of the Union, and for the Governor of a State or such person as he may direct in the case of services and posts in connection with the affairs of the State, to make rules regulating the recruitment, and the conditions of service of persons appointed, to such services and posts until provision in that behalf is made by or under an Act of the appropriate Legislature under this article, and any rules so made shall have effect subject to the provisions of any such Act",-0.37229976806640624,21,0
uniform civil code,300,300. Suits and proceedings,-0.4115376129150391,22,0
uniform civil code,343,343. Official language of the Union,-0.4119645935058594,23,0
uniform civil code,336,336. Special provision for Anglo Indian community in certain services,-0.41590709533691406,24,0
uniform civil code,231,231. Establishment of a common High Court for two or more States,-0.4775488037109375,25,0
uniform civil code,290,"290. Adjustment in respect of certain expenses and pensions Where under the provisions of this Constitution the expenses of any court or Commission, or the pension payable to or in respect of a person who has served before the commencement in connection with the affairs of the Union or of a State, are charged on the Consolidated Fund of India or the Consolidated Fund of a State, then, if",-0.48854524841308594,26,0
uniform civil code,51A,"51A. Fundamental duties It shall be the duty of every citizen of India (a) to abide by the Constitution and respect its ideals and institutions, the national Flag and the National Anthem;",-0.49637277832031257,27,0
uniform civil code,312,312. All India Services,-0.5058992004394531,28,0
uniform civil code,310,310. Tenure of office of persons serving the Union or a State,-0.5084673126220703,29,0
uniform civil code,266,266. Consolidated Funds and public accounts of India and of the States,-0.5140356300354004,30,0
uniform civil code,319,319. Prohibition as to the holding of offices by members of Commission on ceasing to be such members On ceasing to hold office,-0.52012646484375,31,0
uniform civil code,283,"283. Custody, etc of Consolidated Funds, Contingency Funds and moneys credited to the public accounts",-0.5260209930419922,32,0
uniform civil code,315,315. Public Service Commissions for the Union and for the States,-0.5263324340820312,33,0
uniform civil code,270,270. Taxes levied and collected by the Union and distributed between the Union and the States,-0.6246556091308594,34,0
uniform civil code,295,"295. Succession to property, assets, rights, liabilities and obligations in other cases",-0.6454302581787109,35,0
uniform civil code,311,"311. Dismissal, removal or reduction in rank of persons employed in civil capacities under the Union or a State",-0.65539423828125,36,0
uniform civil code,243T,243T. Reservation of seats,-0.6898883117675781,37,0
uniform civil code,275,275. Grants from the Union to certain States,-1.1208024627685547,38,0
uniform civil code,269,269. Taxes levied and collected by the union but assigned to the States,-1.2701592041015626,39,0
uniform civil code,320,320. Functions of Public Service Commissions,-1.3704948974609377,40,0
equal pay for equal work,14,"14. Equality before law The State shall not deny to any person equality before the law or the equal protection of the laws within the territory of India Prohibition of discrimination on grounds of religion, race, caste, sex or place of birth",1.4318745361328125,1,0
equal pay for equal work,16,16. Equality of opportunity in matters of public employment,1.05135869140625,2,0
equal pay for equal work,19,19. Protection of certain rights regarding freedom of speech etc,0.406582958984375,3,0
equal pay for equal work,39,"39. Certain principles of policy to be followed by the State: The State shall, in particular, direct its policy towards securing",0.39180468749999997,4,1
equal pay for equal work,23,23. Prohibition of traffic in human beings and forced labour,0.31467025146484373,5,0
equal pay for equal work,15,"15. Prohibition of discrimination on grounds of religion, race, caste, sex or place of birth",0.10626477050781247,6,0
equal pay for equal work,42,42. Provision for just and humane conditions of work and maternity relief The State shall make provision for securing just and humane conditions of work and for maternity relief,-0.016509228515625002,7,0
equal pay for equal work,44,44. Uniform civil code for the citizens The State shall endeavour to secure for the citizens a uniform civil code throughout the territory of India,-0.05551363830566407,8,0
equal pay for equal work,106,"106. Salaries and allowances of members Members of either House of Parliament shall be entitled to receive such salaries and allowances as may from time to time be determined by Parliament by law and, until provision in that in that respect is so made, allowances at such rates and upon such conditions as were immediately before the commencement of this Constitution applicable in the case of members of the Constituent Assembly of the Dominion of India Legislative Procedure",-0.08181845703125001,9,0
equal pay for equal work,43,"43. A Participation of workers in management of industries The State shall take steps, by suitable legislation or in any other way, to secure the participation of workers in the management of undertakings, establishments or other organisations engaged in any industry",-0.0831031005859375,10,0
equal pay for equal work,41,"41. Right to work, to education and to public assistance in certain cases The State shall, within the limits of its economic capacity and development, make effective provision for securing the right to work, to education and to public assistance in cases of unemployment, old age, sickness and disablement, and in other cases of undeserved want",-0.0858421875,11,0
equal pay for equal work,43,"43. Living wage, etc, for workers The State shall endeavour to secure, by suitable legislation or economic organisation or in any other way, to all workers, agricultural, industrial or otherwise, work, a living wage, conditions of work ensuring a decent standard of life and full enjoyment of leisure and social and cultural opportunities and, in particular, the State shall endeavour to promote cottage industries on an individual or co operative basis in rural areas",-0.09961455078125,12,0
equal pay for equal work,45,"45. Provision for free and compulsory education for children The State shall endeavour to provide, within a period of ten years from the commencement of this Constitution, for free and compulsory education for all children until they complete the age of fourteen years",-0.10203871459960938,13,0
equal pay for equal work,322,"322. Expenses of Public Service Commission The expenses of the Union or a State Public Service Commission, including any salaries, allowances and pensions payable to or in respect of the members or staff of the Commission, shall be charged on the Consolidated Fund of India or, as the case may be, the Consolidated Fund of the State",-0.12432374267578125,14,0
equal pay for equal work,335,"335. Claims of Scheduled Castes and Scheduled Tribes to services and posts The claims of the members of the Scheduled Castes and the Scheduled Tribes shall be taken into consideration, consistently with the maintenance of efficiency of administration, in the making of appointments to services and posts in connection with the affairs of the Union or of a State",-0.13133084716796875,15,0
equal pay for equal work,46,"46. Promotion of educational and economic interests of Scheduled Castes, Scheduled Tribes and other weaker sections The State shall promote with special care the educational and economic interests of the weaker sections of the people, and, in particular, of the Scheduled Castes and the Scheduled Tribes, and shall protect them from social injustice and all forms of exploitation",-0.134296533203125,16,0
equal pay for equal work,39A,39. A Equal justice and free legal aid,-0.1381177734375,17,0
equal pay for equal work,195,"195. Salaries and allowances of members Members of the Legislative Assembly and the Legislative Council of a State shall be entitled to receive such salaries and allowances as may from time to time be determined, by the Legislature of the State by law and, until provision in that respect is so made, salaries and allowances at such rates and upon such conditions as were immediately before the commencement of the Constitution applicable in the case of members of the Legislative Assembly of the corresponding Province Legislative Procedure",-0.15017685546875,18,0
equal pay for equal work,97,"97. Salaries and allowances of the Chairman and Deputy Chairman and the Speaker and Deputy Speaker There shall be paid to the Chairman and the Deputy Chairman of the council of States, and to the Speaker and the Deputy Speaker of the House of the People, such salaries and allowances as may be respectively fixed by Parliament by law and, until provision in that behalf is so made, such salaries and allowances as are specified in the Second Schedule",-0.15837829589843752,19,0
equal pay for equal work,186,"186. Salaries and allowances of the Speaker and Deputy Speaker and the Chairman and Deputy Chairman There shall be paid to the Speaker and the Deputy Speaker of the Legislative Assembly, and to the Chairman and the Deputy Chairman of the Legislative Council, such salaries and allowances as may be respectively fixed by the Legislature of the State by law and, until provision in that behalf is so made, such salaries and allowances as are specified in the Second Schedule",-0.1734954345703125,20,0
equal pay for equal work,38,38. State to secure a social order for the promotion of welfare of the people,-0.190808935546875,21,0
equal pay for equal work,272,"272. Taxes which are levied and collected by the Union and may be distributed between the Union and the States Union duties of excise other than such duties of excise on medicinal and toilet preparations as are mentioned in the Union List shall be levied and collected by the Government of India, but, if Parliament by law so provides, there shall be paid out of the Consolidated Fund of India to the States to which the law imposing the duty extends sums equivalent to the whole or any part of the net proceeds of that duty, and those sums shall be distributed among those States in accordance with such principles of distribution as may be formulated by such law",-0.2553918701171875,22,0
equal pay for equal work,221,"221. Salaries etc, of Judges",-0.2670975708007813,23,0
equal pay for equal work,125,"125. Salaries, etc, of Judges",-0.29249947204589843,24,0
equal pay for equal work,273,273. Grants in lieu of export duty on jute and jute products,-0.2965586120605469,25,0
equal pay for equal work,340,340. Appointment of a Commission to investigate the conditions of backward classes,-0.415650244140625,26,0
equal pay for equal work,323,323. Reports of Public Service Commissions,-0.4425090454101563,27,0
equal pay for equal work,243Y,243Y. Finance Commission,-0.46296758117675785,28,0
equal pay for equal work,290,"290. Adjustment in respect of certain expenses and pensions Where under the provisions of this Constitution the expenses of any court or Commission, or the pension payable to or in respect of a person who has served before the commencement in connection with the affairs of the Union or of a State, are charged on the Consolidated Fund of India or the Consolidated Fund of a State, then, if",-0.466246435546875,29,0
equal pay for equal work,51A,"51A. Fundamental duties It shall be the duty of every citizen of India (a) to abide by the Constitution and respect its ideals and institutions, the national Flag and the National Anthem;",-0.48103769531250007,30,0
equal pay for equal work,276,"276. Taxes on professions, trades, callings and employments",-0.58580947265625,31,0
equal pay for equal work,270,270. Taxes levied and collected by the Union and distributed between the Union and the States,-0.6145733642578125,32,0
equal pay for equal work,243T,243T. Reservation of seats,-0.6936000122070313,33,0
equal pay for equal work,148,148. Comptroller and Auditor General of India,-0.7270071044921875,34,0
equal pay for equal work,374,"374. Provisions as to Judges of the Federal Court and proceedings pending in the Federal Court or before His Majesty in Council ( 1 ) The Judges of the Federal Court holding office immediately before the commencement of this Constitution shall, unless they have elected otherwise, become on such commencement the Judges of the Supreme Court and shall thereupon be entitled to such salaries and allowances and to such rights in respect of leave of absence and pension as are provided for under Article 125 in respect of the Judges of the Supreme Court",-0.7891338867187501,35,0
equal pay for equal work,243D,243D. Reservation of seats,-0.9840316528320313,36,0
equal pay for equal work,275,275. Grants from the Union to certain States,-1.1006932861328125,37,0
equal pay for equal work,269,269. Taxes levied and collected by the union but assigned to the States,-1.245516259765625,38,0
equal pay for equal work,320,320. Functions of Public Service Commissions,-1.3500023437500002,39,0
equal pay for equal work,371D,371D. Special provisions with respect to the state of Andhra Pradesh,-2.659968359375,40,0
free legal aid,14,"14. Equality before law The State shall not deny to any person equality before the law or the equal protection of the laws within the territory of India Prohibition of discrimination on grounds of religion, race, caste, sex or place of birth",1.4036984072685241,1,0
free legal aid,32,32. Remedies for enforcement of rights conferred by this Part,1.1559377334594727,2,0
free legal aid,39A,39. A Equal justice and free legal aid,0.82953359375,3,1
free legal aid,22,22. Protection against arrest and detention in certain cases,0.5298626586914063,4,0
free legal aid,19,19. Protection of certain rights regarding freedom of speech etc,0.3757697418212891,5,0
free legal aid,34,"34. Restriction on rights conferred by this Part while martial law is in force in any area Notwithstanding anything in the foregoing provisions of this Part, Parliament may by law indemnify any person in the service of the Union or of a State or any other person in respect of any act done by him in connection with the maintenance or restoration of order in any area within the territory of India where martial law was in force or validate any sentence passed, punishment inflicted, forfeiture ordered or other act done under martial law in such area",0.2801702972412109,6,0
free legal aid,28,28. Freedom as to attendance at religious instruction or religious worship in certain educational institutions,0.13583241882324215,7,0
free legal aid,25,"25. Freedom of conscience and free profession, practice and propagation of religion",0.06946947937011716,8,0
free legal aid,214,214. High Courts for States There shall be a High Court for each State,-0.027960243701934815,9,0
free legal aid,257,257. A Assistance to States by deployment of armed forces or other forces of the Union Omitted,-0.037162740325927736,10,0
free legal aid,144,"144. Civil and judicial authorities to act in aid of the Supreme Court All authorities, civil and judicial, in the territory of India shall act in aid of the Supreme Court",-0.06767330017089844,11,0
free legal aid,228A,"228A. Special provisions as to disposal of question relating to constitutional validity of State Laws Rep by the Constitution (Forty third Amendment) Act, 1977 , sec 10, (w e f 13 4 1978 )",-0.07508675117492676,12,0
free legal aid,45,"45. Provision for free and compulsory education for children The State shall endeavour to provide, within a period of ten years from the commencement of this Constitution, for free and compulsory education for all children until they complete the age of fourteen years",-0.10405287475585938,13,0
free legal aid,282,"282. Expenditure defrayable by the Union or a State out of its revenues The Union or a State may make any grants for any public purpose, notwithstanding that the purpose is not one with respect to which Parliament or the Legislature of the State, as the case may be, may make laws",-0.11153436851501465,14,0
free legal aid,350,"350. Language to be used in representations for redress of grievances Every person shall be entitled to submit a representation for the redress of any grievance to any officer or authority of the Union or a State in any of the languages used in the Union or in the State, as the case may be",-0.11560637092590333,15,0
free legal aid,41,"41. Right to work, to education and to public assistance in certain cases The State shall, within the limits of its economic capacity and development, make effective provision for securing the right to work, to education and to public assistance in cases of unemployment, old age, sickness and disablement, and in other cases of undeserved want",-0.13483243713378906,16,0
free legal aid,136,136. Special leave to appeal by the Supreme Court,-0.20267661838531495,17,0
free legal aid,277,"277. Savings Any taxes, duties, cesses or fees which, immediately before the commencement of this Constitution, were being lawfully levied by the Government of any State or by any municipality or other local authority or body for the purposes of the State, municipality, district or other local area may, notwithstanding that those taxes, duties, cesses or fees are mentioned in the Union List, continue to be levied and to be applied to the same purposes until provision to the contrary is made by Parliament by law",-0.20606192245483398,18,0
free legal aid,222,222. Transfer of a Judge from one High Court to another,-0.2390992681503296,19,0
free legal aid,261,"261. Public acts, records and judicial proceedings Full faith and credit shall be given throughout the territory of India to public acts, records and judicial proceedings of the Union and of every State",-0.25026231327056886,20,0
free legal aid,165,165. Advocate General for the State,-0.2909952377319336,21,0
free legal aid,134A,"134A. Certificate for appeal to the Supreme Court Every High Court, passing or making a judgment, decree, final order, or sentence, referred to in clause ( 1 ) of Article 132 or clause ( 1 ) of Article 133, or clause ( 1 ) of Article 134",-0.3032818832397461,22,0
free legal aid,31A,"31A. Saving of laws providing for acquisition of estates, etc ( 1 ) Notwithstanding anything contained in Article 13, no law providing for",-0.3299510971069336,23,0
free legal aid,131,"131. Original jurisdiction of the Supreme Court Subject to the provisions of this Constitution, the Supreme Court shall, to the exclusion of any other court, have original jurisdiction in any dispute",-0.37047241287231447,24,0
free legal aid,133,133. Appellate jurisdiction of Supreme Court in appeals from High Courts in regard to civil matters,-0.3762273849487305,25,0
free legal aid,225,"225. Jurisdiction of existing High Courts Subject to the provisions of this Constitution and to the provisions of any law of the appropriate Legislature made by virtue of powers conferred on that Legislature by this Constitution, the jurisdiction of, and the law administered in, any existing High Court, and the respective powers of the Judges thereof in relation to the administration of justice in the Court, including any power to make rules of Court and to regulate the sittings of the Court and of members thereof sitting alone or in Division Courts, shall be the same as immediately before the commencement of this Constitution: Provided that any restriction to which the exercise of original jurisdiction by any of the High Courts with respect to any matter concerning the revenue or concerning any act ordered or done in the collection thereof was subject immediately before the commencement of this Constitution shall no longer apply to the exercise of such jurisdiction",-0.39171747398376466,26,0
free legal aid,337,"337. Special provision with respect to educational grants for the benefit of Anglo Indian community During the first three financial years after the commencement of this Constitution, the same grants, if any, shall be made by the Union and by each State for the benefit of the Anglo Indian community in respect of education as were made in the financial year ending on the thirty first day of March, 1948 During every succeeding period of three years the grants may be less by ten per cent than those for the immediately preceding period of three years: Provided that at the end of ten years from the commencement of this Constitution such grants, to the extent to which they are a special concession to the Anglo Indian community, shall cease: Provided further that no educational institution shall be entitled to receive any grant under this article unless at least forty per cent of annual admissions therein are made available to members of communities other than the Anglo Indian community",-0.3958109069824219,27,0
free legal aid,134,134. Appellate jurisdiction of Supreme Court in regard to criminal matters,-0.44373058700561524,28,0
free legal aid,227,227. Power of superintendence over all courts by the High Court,-0.46966979026794436,29,0
free legal aid,290,"290. Adjustment in respect of certain expenses and pensions Where under the provisions of this Constitution the expenses of any court or Commission, or the pension payable to or in respect of a person who has served before the commencement in connection with the affairs of the Union or of a State, are charged on the Consolidated Fund of India or the Consolidated Fund of a State, then, if",-0.49173338165283204,30,0
free legal aid,363,"363. Bar to interference by courts in disputes arising out of certain treaties, agreements, etc",-0.4919121955871582,31,0
free legal aid,233,"233. A Validation of appointments of, and judgments, etc, delivered by, certain district judges Notwithstanding any judgment, decree or order of any court,",-0.5721834495544433,32,0
free legal aid,323B,323B. Tribunals for other matters,-0.5869733032226563,33,0
free legal aid,323,"323. A Administrative tribunals Parliament may, by law, provide for the adjudication or trial by administrative tribunals of disputes and complaints with respect to recruitment and conditions of service of persons appointed to public services and posts in connection with the affairs of the Union or of any State or of any local or other authority within the territory of India or under the control of the Government of India or of any corporation owned or controlled by the Government",-0.7991945678710938,34,0
free legal aid,374,"374. Provisions as to Judges of the Federal Court and proceedings pending in the Federal Court or before His Majesty in Council ( 1 ) The Judges of the Federal Court holding office immediately before the commencement of this Constitution shall, unless they have elected otherwise, become on such commencement the Judges of the Supreme Court and shall thereupon be entitled to such salaries and allowances and to such rights in respect of leave of absence and pension as are provided for under Article 125 in respect of the Judges of the Supreme Court",-0.8724878829956055,35,0
free legal aid,226,226. Power of High Courts to issue certain writs,-0.8762725341796875,36,0
free legal aid,217,217. Appointment and conditions of the office of a Judge of a High Court,-1.0927253479003907,37,0
free legal aid,275,275. Grants from the Union to certain States,-1.1194501525878906,38,0
free legal aid,145,"145. Rules of Court, etc",-1.204357229614258,39,0
free legal aid,371D,371D. Special provisions with respect to the state of Andhra Pradesh,-2.883204443359375,40,0
protection of environment,21,21. Protection of life and personal liberty No person shall be deprived of his life or personal liberty except according to procedure established by law,1.4517732421875,1,0
protection of environment,14,"14. Equality before law The State shall not deny to any person equality before the law or the equal protection of the laws within the territory of India Prohibition of discrimination on grounds of religion, race, caste, sex or place of birth",1.4039800392150878,2,0
protection of environment,20,20. Protection in respect of conviction for offences,1.2913040832519531,3,0
protection of environment,32,32. Remedies for enforcement of rights conferred by this Part,1.1556935928344727,4,0
protection of environment,48A,48A. Protection and improvement of environment and safeguarding of forests and wild life The State shall endeavour to protect and improve the environment and to safeguard the forests and wild life of the country,0.87263125,5,1
protection of environment,22,22. Protection against arrest and detention in certain cases,0.5294602081298828,6,0
protection of environment,19,19. Protection of certain rights regarding freedom of speech etc,0.37857545166015627,7,0
protection of environment,29,29. Protection of interests of minorities,0.33305475158691406,8,0
protection of environment,23,23. Prohibition of traffic in human beings and forced labour,0.30551879272460936,9,0
protection of environment,34,"34. Restriction on rights conferred by this Part while martial law is in force in any area Notwithstanding anything in the foregoing provisions of this Part, Parliament may by law indemnify any person in the service of the Union or of a State or any other person in respect of any act done by him in connection with the maintenance or restoration of order in any area within the territory of India where martial law was in force or validate any sentence passed, punishment inflicted, forfeiture ordered or other act done under martial law in such area",0.2809942718505859,10,0
protection of environment,33,"33. Power of Parliament to modify the rights conferred by this Part in their application etc Parliament may, by law, determine to what extent any of the rights conferred by this Part shall, in their application to,",0.19341007385253906,11,0
protection of environment,25,"25. Freedom of conscience and free profession, practice and propagation of religion",0.06911995773315427,12,0
protection of environment,44,44. Uniform civil code for the citizens The State shall endeavour to secure for the citizens a uniform civil code throughout the territory of India,-0.05872400407791138,13,0
protection of environment,42,42. Provision for just and humane conditions of work and maternity relief The State shall make provision for securing just and humane conditions of work and for maternity relief,-0.07071583824157715,14,0
protection of environment,314,"314. Provision for protection of existing officers of certain services Rep by the Constitution (Twenty eight Amendment) Act, 1972 , Section 3 (w e f 29 08 1972 ) CHAPTER II PUBLIC SERVICE COMMISSION",-0.07811853332519532,15,0
protection of environment,49,"49. Protection of monuments and places and objects of national importance It shall be the obligation of the State to protect every monument or place or object of artistic or historic interests, declared by or under law made by Parliament to be of national importance, from spoliation, disfigurement, destruction, removal, disposal or export, as the case may be",-0.10603613281250002,16,0
protection of environment,43,"43. A Participation of workers in management of industries The State shall take steps, by suitable legislation or in any other way, to secure the participation of workers in the management of undertakings, establishments or other organisations engaged in any industry",-0.10663775615692139,17,0
protection of environment,355,355. Duty of the Union to protect States against external aggression and internal disturbance It shall be the duty of the Union to protect every State against external aggression and internal disturbance and to ensure that the government of every State is carried on in accordance with the provisions of this Constitution,-0.11923709716796876,18,0
protection of environment,48,"48. Organisation of agriculture and animal husbandry The State shall endeavour to organise agriculture and animal husbandry on modern and scientific lines and shall, in particular, take steps for preserving and improving the breeds, and prohibiting the slaughter, of cows and calves and other milch and draught cattle",-0.12576812438964843,19,0
protection of environment,41,"41. Right to work, to education and to public assistance in certain cases The State shall, within the limits of its economic capacity and development, make effective provision for securing the right to work, to education and to public assistance in cases of unemployment, old age, sickness and disablement, and in other cases of undeserved want",-0.13734679946899414,20,0
protection of environment,46,"46. Promotion of educational and economic interests of Scheduled Castes, Scheduled Tribes and other weaker sections The State shall promote with special care the educational and economic interests of the weaker sections of the people, and, in particular, of the Scheduled Castes and the Scheduled Tribes, and shall protect them from social injustice and all forms of exploitation",-0.15077030334472658,21,0
protection of environment,39A,39. A Equal justice and free legal aid,-0.15237586011886597,22,0
protection of environment,51,51. Promotion of international peace and security The State shall endeavour to,-0.15810953979492187,23,0
protection of environment,47,"47. Duty of the State to raise the level of nutrition and the standard of living and to improve public health The State shall regard the raising of the level of nutrition and the standard of living of its people and the improvement of public health as among its primary duties and, in particular, the State shall endeavour to bring about prohibition of the consumption except for medicinal purposes of intoxicating drinks and of drugs which are injurious to health",-0.18474073944091798,24,0
protection of environment,43,"43. Living wage, etc, for workers The State shall endeavour to secure, by suitable legislation or economic organisation or in any other way, to all workers, agricultural, industrial or otherwise, work, a living wage, conditions of work ensuring a decent standard of life and full enjoyment of leisure and social and cultural opportunities and, in particular, the State shall endeavour to promote cottage industries on an individual or co operative basis in rural areas",-0.18707757205963135,25,0
protection of environment,262,262. Adjudication of disputes relating to waters of inter State rivers or river valleys,-0.21581963500976564,26,0
protection of environment,38,38. State to secure a social order for the promotion of welfare of the people,-0.24008242645263672,27,0
protection of environment,297,297. Things of value within territorial waters or continental shelf and resources of the exclusive economic zone to vest in the Union,-0.2876024627685547,28,0
protection of environment,51A,"51A. Fundamental duties It shall be the duty of every citizen of India (a) to abide by the Constitution and respect its ideals and institutions, the national Flag and the National Anthem;",-0.31782968750000007,29,0
protection of environment,31A,"31A. Saving of laws providing for acquisition of estates, etc ( 1 ) Notwithstanding anything contained in Article 13, no law providing for",-0.3300569549560547,30,0
protection of environment,39,"39. Certain principles of policy to be followed by the State: The State shall, in particular, direct its policy towards securing",-0.4059648590087891,31,0
protection of environment,361,361. A Protection of publication of proceedings of Parliament and State Legislature,-0.43071689758300785,32,0
protection of environment,364,364. Special provisions as to major ports and aerodromes,-0.4339154006958008,33,0
protection of environment,310,310. Tenure of office of persons serving the Union or a State,-0.5106666048049927,34,0
protection of environment,369,"369. Temporary power to Parliament to make laws with respect to certain matters in the State List as if they were matters in the Concurrent List Notwithstanding anything in this Constitution, Parliament shall, during a period of five years from the commencement of this constitution, have power to make laws with respect to the following matters as if they were enumerated in the Concurrent List, namely:",-0.5284371826171875,35,0
protection of environment,240,240. Power of President to make regulations for certain Union territories,-0.5402385635375977,36,0
protection of environment,358,358. Suspension of provisions of Article 19 during emergencies,-0.6109013671875,37,0
protection of environment,257,257. Control of the Union over States in certain cases,-0.6941346252441407,38,0
protection of environment,352,352. Proclamation of Emergency,-0.9980600341796877,39,0
protection of environment,359,359. Suspension of the enforcement of the rights conferred by Part III during emergencies,-1.0770261779785157,40,0
separation of judiciary from executive,50,50. Separation of judiciary from executive The State shall take steps to separate the judiciary from the executive in the public services of the State,0.934140625,1,1
separation of judiciary from executive,375,"375. Courts, authorities and officers to continue to function subject to the provisions of the Constitution All courts of civil, criminal and revenue jurisdiction, all authorities and all officers, judicial, executive and ministerial, throughout the territory of India, shall continue to exercise their respective functions subject to the provisions of this Constitution",-0.03941845703125002,2,0
separation of judiciary from executive,395,"395. Repeals The Indian Independence Act, 1947 , and the Government of India Act, 1935 , together with all enactment s amending or supplementing the latter Act, but not including the Abolition of Privy Council Jurisdiction Act, 1949 , are hereby repealed FIRST SCHEDULE Articles 1 and 4 I THE STATES Name Territories",-0.12382889404296876,3,0
separation of judiciary from executive,121,121. Restriction on discussion in Parliament No discussions shall take place in Parliament with respect to the conduct of any Judge of the Supreme Court or of a High Court in the discharge of his duties expect upon a motion for presenting an address to the President praying for the removal of the Judge as hereinafter provided,-0.12941717224121094,4,0
separation of judiciary from executive,260,"260. Jurisdiction of the Union in relation to territories outside India The Government of India may by agreement with the Government of any territory not being part of the territory of India undertake any executive, legislative or judicial functions vested in the Government of such territory, but every such agreement shall be subject to, and governed by, any law relating to the exercise of foreign jurisdiction for the time being in force",-0.13080673828125,5,0
separation of judiciary from executive,256,"256. Obligation of States and the Union The executive power of every State shall be so exercised as to ensure compliance with the laws made by Parliament and any existing laws which apply in that State, and the executive power of the Union shall extend to the giving of such directions to a State as may appear to the Government of India to be necessary for that purpose",-0.14278149414062502,6,0
separation of judiciary from executive,154,154. Executive power of State,-0.192095947265625,7,0
separation of judiciary from executive,138,138. Enlargement of the jurisdiction of the Supreme Court,-0.19841199951171876,8,0
separation of judiciary from executive,136,136. Special leave to appeal by the Supreme Court,-0.20219060211181641,9,0
separation of judiciary from executive,162,"162. Extent of executive power of State Subject to the provisions of this Constitution, the executive power of a State shall extend to the matters with respect to which the Legislature of the State has power to make laws Provided that in any matter with respect to which the Legislature of a State and Parliament have power to make laws, the executive power of the State shall be subject to, and limited by, the executive power expressly conferred by the Constitution or by any law made by Parliament upon the Union or authorities thereof Council of Ministers",-0.21602401123046877,10,0
separation of judiciary from executive,262,262. Adjudication of disputes relating to waters of inter State rivers or river valleys,-0.21841172180175783,11,0
separation of judiciary from executive,236,236. Interpretation In this Chapter,-0.22256335601806643,12,0
separation of judiciary from executive,222,222. Transfer of a Judge from one High Court to another,-0.23827445907592776,13,0
separation of judiciary from executive,235,"235. Control over subordinate courts The control over district courts and courts subordinate thereto including the posting and promotion of, and the grant of leave to, persons belonging to the judicial service of a State and holding any post inferior to the post of district judge shall be vested in the High Court, but nothing in this article shall be construed as taking away from any such person any right of appeal which he may under the law regulating the conditions of his service or as authorising the High Court to deal with him otherwise than in accordance with the conditions of his service prescribed under such law",-0.24882071533203126,14,0
separation of judiciary from executive,230,230. Extension of jurisdiction of High Courts to Union territories,-0.25043516540527344,15,0
separation of judiciary from executive,53,53. Executive power of the Union,-0.2653733642578125,16,0
separation of judiciary from executive,298,"298. Power to carry on trade, etc The executive power of the Union and of each State shall extend to the carrying on of any trade or business and to the acquisition, holding and disposal of property and the making of contracts for any purpose: Provided that (a) the said executive power of the Union shall, in so far as such trade or business or such purpose is not one with respect to which Parliament may make laws, be subject in each State to legislation by the State; and",-0.2724863861083984,17,0
separation of judiciary from executive,224,"224. A Appointment of retired Judges at sittings of High Courts Notwithstanding anything in this Chapter, the Chief Justice of a High Court for any State may at any time, with the previous consent of the President, request any person who has held the office of Judge of that Court or of any other High Court to sit and act as a Judge of the High Court for that State, and every such person so requested shall, while so sitting and acting, be entitled to such allowances as the President may by order determine and have all the jurisdiction, powers and privileges of, but shall not otherwise be deemed to be, a Judge of that High Court: Provided that nothing in this article shall be deemed to require any such person as aforesaid to sit and act as a Judge of that High Court unless he consents so to do",-0.3202449615478516,18,0
separation of judiciary from executive,124,124. Establishment and constitution of Supreme Court,-0.34473869934082035,19,0
separation of judiciary from executive,128,"128. Attendance of retired Judges at sittings of the Supreme Court Notwithstanding anything in this chapter, the Chief Justice of India may at any time, with the previous consent of the president, request any person who has held the office of a Judge of the Supreme Court or of the Federal Court or who has held the office of a Judge of a High Court and is duly qualified for appointment as a Judge of the Supreme Court to sit and act as a Judge of the Supreme Court, and every such person so requested shall, while so sitting and acting, be entitled to such allowances as the President may by order determine and have all the jurisdiction, powers and privileges of, but shall not otherwise be deemed to be, a Judge of that Court: Provided that nothing in this article shall be deemed to require any such person as aforesaid to sit and act as a Judge of that Court unless he consents so to do",-0.35622970275878907,20,0
separation of judiciary from executive,142,"142. Enforcement of decrees and orders of Supreme Court and unless as to discovery, etc ( 1 ) The Supreme Court in the exercise of its jurisdiction may pass such decree or make such order as is necessary for doing complete justice in any cause or matter pending before it, and any decree so passed or orders so made shall be enforceable throughout the territory of India in such manner as may be prescribed by or under any law made by Parliament and, until provision in that behalf is so made, in such manner as the President may by order prescribe",-0.36053270568847656,21,0
separation of judiciary from executive,131,"131. Original jurisdiction of the Supreme Court Subject to the provisions of this Constitution, the Supreme Court shall, to the exclusion of any other court, have original jurisdiction in any dispute",-0.3684940155029297,22,0
separation of judiciary from executive,225,"225. Jurisdiction of existing High Courts Subject to the provisions of this Constitution and to the provisions of any law of the appropriate Legislature made by virtue of powers conferred on that Legislature by this Constitution, the jurisdiction of, and the law administered in, any existing High Court, and the respective powers of the Judges thereof in relation to the administration of justice in the Court, including any power to make rules of Court and to regulate the sittings of the Court and of members thereof sitting alone or in Division Courts, shall be the same as immediately before the commencement of this Constitution: Provided that any restriction to which the exercise of original jurisdiction by any of the High Courts with respect to any matter concerning the revenue or concerning any act ordered or done in the collection thereof was subject immediately before the commencement of this Constitution shall no longer apply to the exercise of such jurisdiction",-0.38485125732421877,23,0
separation of judiciary from executive,363,363. A Recognition granted to Rulers of Indian States to cease and privy purses to be abolished Notwithstanding anything in this Constitution or in any law for the time being in force,-0.39050667877197265,24,0
separation of judiciary from executive,73,73. Extent of executive power of the Union,-0.4017592041015625,25,0
separation of judiciary from executive,123,123. Power of President to promulgate Ordinances during recess of Parliament,-0.46690798339843753,26,0
separation of judiciary from executive,363,"363. Bar to interference by courts in disputes arising out of certain treaties, agreements, etc",-0.48025400390625,27,0
separation of judiciary from executive,231,231. Establishment of a common High Court for two or more States,-0.4809171813964844,28,0
separation of judiciary from executive,146,146. Officers and servants and the expenses of the Supreme Court,-0.514621940612793,29,0
separation of judiciary from executive,376,376. Provisions as to Judges of High Courts,-0.5584855773925782,30,0
separation of judiciary from executive,257,257. Control of the Union over States in certain cases,-0.6809472167968751,31,0
separation of judiciary from executive,361,361. Protection of President and Governors and Rajpramukhs,-0.6977253540039062,32,0
separation of judiciary from executive,323,"323. A Administrative tribunals Parliament may, by law, provide for the adjudication or trial by administrative tribunals of disputes and complaints with respect to recruitment and conditions of service of persons appointed to public services and posts in connection with the affairs of the Union or of any State or of any local or other authority within the territory of India or under the control of the Government of India or of any corporation owned or controlled by the Government",-0.7818376953125,33,0
separation of judiciary from executive,2A,2A. The age of a Judge of the Supreme Court shall be determined by such authority and in such manner as Parliament may by law provide,-0.8143542602539063,34,0
separation of judiciary from executive,374,"374. Provisions as to Judges of the Federal Court and proceedings pending in the Federal Court or before His Majesty in Council ( 1 ) The Judges of the Federal Court holding office immediately before the commencement of this Constitution shall, unless they have elected otherwise, become on such commencement the Judges of the Supreme Court and shall thereupon be entitled to such salaries and allowances and to such rights in respect of leave of absence and pension as are provided for under Article 125 in respect of the Judges of the Supreme Court",-0.8500164550781251,35,0
separation of judiciary from executive,356,356. Provisions in case of failure of constitutional machinery in State,-0.86195869140625,36,0
separation of judiciary from executive,324,"324. Superintendence, direction and control of elections to be vested in an Election Commission",-0.9804455108642579,37,0
separation of judiciary from executive,360,360. Provisions as to financial emergency,-0.9989330200195312,38,0
separation of judiciary from executive,217,217. Appointment and conditions of the office of a Judge of a High Court,-1.0881820434570313,39,0
separation of judiciary from executive,371D,371D. Special provisions with respect to the state of Andhra Pradesh,-2.859827978515625,40,0
freedom restrictions,21,21. Protection of life and personal liberty No person shall be deprived of his life or personal liberty except according to procedure established by law,1.4589906494140625,1,0
freedom restrictions,17,17. Abolition of Untouchability Untouchability is abolished and its practice in any form is forbidden The enforcement of any disability arising out of Untouchability shall be an offence punishable in accordance with law,1.4138896392822264,2,0
freedom restrictions,32,32. Remedies for enforcement of rights conferred by this Part,1.1612888000488282,3,0
freedom restrictions,19,19. Protection of certain rights regarding freedom of speech etc,0.635739453125,4,1
freedom restrictions,22,22. Protection against arrest and detention in certain cases,0.5335133239746094,5,0
freedom restrictions,27,"27. Freedom as to payment of taxes for promotion of any particular religion No person shall be compelled to pay any taxes, the proceeds of which are specifically appropriated in payment of expenses for the promotion or maintenance of any particular religion or religions denomination",0.402760693359375,6,0
freedom restrictions,29,29. Protection of interests of minorities,0.33648988647460937,7,0
freedom restrictions,23,23. Prohibition of traffic in human beings and forced labour,0.30672423706054686,8,0
freedom restrictions,24,"24. Prohibition of employment of children in factories, etc No child below the age of fourteen years shall be employed to work in any factory or mine or engaged in any other hazardous employment Provided that nothing in this sub clause shall authorise the detention of any person beyond the maximum period prescribed by any law made by Parliament under sub clause (b) of clause ( 7 ); or such person is detained in accordance with the provisions of any law made by Parliament under sub clauses (a) and (b) of clause ( 7 )",0.2931125274658203,9,0
freedom restrictions,34,"34. Restriction on rights conferred by this Part while martial law is in force in any area Notwithstanding anything in the foregoing provisions of this Part, Parliament may by law indemnify any person in the service of the Union or of a State or any other person in respect of any act done by him in connection with the maintenance or restoration of order in any area within the territory of India where martial law was in force or validate any sentence passed, punishment inflicted, forfeiture ordered or other act done under martial law in such area",0.29217324218749996,10,0
freedom restrictions,18,"18. Abolition of titles No title, not being a military or academic distinction, shall be conferred by the State No citizen of India shall accept any title from any foreign State No person who is not a citizen of India shall, while he holds any office of profit or trust under the State, accept without the consent of the President any title from any foreign State No person holding any office of profit or trust under the State shall, without the consent of the President, accept any present, emolument, or office of any kind from or under any foreign State Right to Freedom",0.2873830322265625,11,0
freedom restrictions,302,"302. Power of Parliament to impose restrictions on trade, commerce and intercourse Parliament may by law impose such restrictions on the freedom of trade, commerce or intercourse between one State and another or within any part of the territory of India as may be required in the public interest",0.2403984375,12,0
freedom restrictions,33,"33. Power of Parliament to modify the rights conferred by this Part in their application etc Parliament may, by law, determine to what extent any of the rights conferred by this Part shall, in their application to,",0.20271602783203124,13,0
freedom restrictions,30,30. Right of minorities to establish and administer educational institutions,0.17199505958557126,14,0
freedom restrictions,28,28. Freedom as to attendance at religious instruction or religious worship in certain educational institutions,0.15853940429687496,15,0
freedom restrictions,25,"25. Freedom of conscience and free profession, practice and propagation of religion",0.13648798828124997,16,0
freedom restrictions,304,"304. Restrictions on trade, commerce and intercourse among States Notwithstanding anything in Article 301 or Article 303, the Legislature of a State may by law",0.10409960937500001,17,0
freedom restrictions,15,"15. Prohibition of discrimination on grounds of religion, race, caste, sex or place of birth",0.09845227050781247,18,0
freedom restrictions,301,"301. Freedom of trade, commerce and intercourse Subject to the other provisions of this Part, trade, commerce and intercourse throughout the territory of India shall be free",-0.046952685546875,19,0
freedom restrictions,291,"291. Privy purse sums of Rulers Rep by the Constitution (Twenty sixth Amendment) Act, 1971 , Section 2 CHAPTER II BORROWING",-0.04892414970397949,20,0
freedom restrictions,306,"306. Power of certain States in Part B of the First Schedule to impose restrictions on trade and commerce Rep by the Constitution (Seventh Amendment) Act, 1956 , Section 29 and Schedule",-0.06714880371093751,21,0
freedom restrictions,300,"300. A Persons not to be deprived of property save by authority of law No person shall be deprived of his property save by authority of law PART XIII TRADE, COMMERCE AND INTERCOURSE WITHIN THE TERRITORY OF INDIA",-0.0834072250366211,22,0
freedom restrictions,121,121. Restriction on discussion in Parliament No discussions shall take place in Parliament with respect to the conduct of any Judge of the Supreme Court or of a High Court in the discharge of his duties expect upon a motion for presenting an address to the President praying for the removal of the Judge as hereinafter provided,-0.122834912109375,23,0
freedom restrictions,41,"41. Right to work, to education and to public assistance in certain cases The State shall, within the limits of its economic capacity and development, make effective provision for securing the right to work, to education and to public assistance in cases of unemployment, old age, sickness and disablement, and in other cases of undeserved want",-0.13720947036743164,24,0
freedom restrictions,375,"375. Courts, authorities and officers to continue to function subject to the provisions of the Constitution All courts of civil, criminal and revenue jurisdiction, all authorities and all officers, judicial, executive and ministerial, throughout the territory of India, shall continue to exercise their respective functions subject to the provisions of this Constitution",-0.14637684631347658,25,0
freedom restrictions,161,"161. Power of Governor to grant pardons, etc, and to suspend, remit or commute sentences in certain cases The Governor of a State shall have the power to grant pardons, reprieves, respites or remissions of punishment or to suspend, remit or commute the sentence of any person convicted of any offence against any law relating to a matter to which the executive power of the State extends",-0.1531320236206055,26,0
freedom restrictions,136,136. Special leave to appeal by the Supreme Court,-0.20081254272460938,27,0
freedom restrictions,373,"373. Power of President to make order in respect of persons under preventive detention in certain cases Until provision is made by Parliament under clause ( 7 ) of Article 22, or until the expiration of one year from the commencement of this Constitution, whichever is earlier, the said article shall have effect as if for any reference to Parliament in clauses ( 4 ) and ( 7 ) thereof there were substituted a reference to the Parliament in those clauses there were substituted a reference to an order made by the President",-0.2060885711669922,28,0
freedom restrictions,72,"72. Power of President to grant pardons, etc, and to suspend, remit or commute sentences in certain cases",-0.3098008270263672,29,0
freedom restrictions,303,303. Restrictions on the legislative powers of the Union and of the States with regard to trade and commerce,-0.3392370849609375,30,0
freedom restrictions,364,364. Special provisions as to major ports and aerodromes,-0.43428876419067386,31,0
freedom restrictions,191,191. Disqualifications for membership,-0.48195068664550783,32,0
freedom restrictions,105,"105. Powers, privileges, etc of the Houses of Parliament and of the members and committees thereof",-0.5148567138671876,33,0
freedom restrictions,240,240. Power of President to make regulations for certain Union territories,-0.5405837936401368,34,0
freedom restrictions,369,"369. Temporary power to Parliament to make laws with respect to certain matters in the State List as if they were matters in the Concurrent List Notwithstanding anything in this Constitution, Parliament shall, during a period of five years from the commencement of this constitution, have power to make laws with respect to the following matters as if they were enumerated in the Concurrent List, namely:",-0.5541730377197266,35,0
freedom restrictions,194,"194. Powers, privileges, etc, of the House of Legislatures and of the members and committees thereof",-0.55874990234375,36,0
freedom restrictions,358,358. Suspension of provisions of Article 19 during emergencies,-0.6108794326782226,37,0
freedom restrictions,197,197. Restriction on powers of Legislative Council as to Bills other than Money Bills,-0.636427801513672,38,0
freedom restrictions,360,360. Provisions as to financial emergency,-1.0090906051635742,39,0
freedom restrictions,359,359. Suspension of the enforcement of the rights conferred by Part III during emergencies,-1.0773847595214845,40,0
state cannot discriminate,14,"14. Equality before law The State shall not deny to any person equality before the law or the equal protection of the laws within the territory of India Prohibition of discrimination on grounds of religion, race, caste, sex or place of birth",2.10037734375,1,0
state cannot discriminate,16,16. Equality of opportunity in matters of public employment,1.57668828125,2,0
state cannot discriminate,15,"15. Prohibition of discrimination on grounds of religion, race, caste, sex or place of birth",1.06846875,3,1
state cannot discriminate,30,30. Right of minorities to establish and administer educational institutions,0.9811703125,4,0
state cannot discriminate,23,23. Prohibition of traffic in human beings and forced labour,0.7147328125,5,0
state cannot discriminate,29,29. Protection of interests of minorities,0.42154619140625,6,0
state cannot discriminate,19,19. Protection of certain rights regarding freedom of speech etc,0.409146435546875,7,0
state cannot discriminate,18,"18. Abolition of titles No title, not being a military or academic distinction, shall be conferred by the State No citizen of India shall accept any title from any foreign State No person who is not a citizen of India shall, while he holds any office of profit or trust under the State, accept without the consent of the President any title from any foreign State No person holding any office of profit or trust under the State shall, without the consent of the President, accept any present, emolument, or office of any kind from or under any foreign State Right to Freedom",0.2810124877929687,8,0
state cannot discriminate,303,303. Restrictions on the legislative powers of the Union and of the States with regard to trade and commerce,0.18174374999999998,9,0
state cannot discriminate,304,"304. Restrictions on trade, commerce and intercourse among States Notwithstanding anything in Article 301 or Article 303, the Legislature of a State may by law",0.15756640625,10,0
state cannot discriminate,214,214. High Courts for States There shall be a High Court for each State,-0.027521493911743165,11,0
state cannot discriminate,50,50. Separation of judiciary from executive The State shall take steps to separate the judiciary from the executive in the public services of the State,-0.059572753906250005,12,0
state cannot discriminate,300,"300. A Persons not to be deprived of property save by authority of law No person shall be deprived of his property save by authority of law PART XIII TRADE, COMMERCE AND INTERCOURSE WITHIN THE TERRITORY OF INDIA",-0.08403164329528809,13,0
state cannot discriminate,282,"282. Expenditure defrayable by the Union or a State out of its revenues The Union or a State may make any grants for any public purpose, notwithstanding that the purpose is not one with respect to which Parliament or the Legislature of the State, as the case may be, may make laws",-0.11147643280029297,14,0
state cannot discriminate,41,"41. Right to work, to education and to public assistance in certain cases The State shall, within the limits of its economic capacity and development, make effective provision for securing the right to work, to education and to public assistance in cases of unemployment, old age, sickness and disablement, and in other cases of undeserved want",-0.133113916015625,15,0
state cannot discriminate,39A,39. A Equal justice and free legal aid,-0.137843115234375,16,0
state cannot discriminate,46,"46. Promotion of educational and economic interests of Scheduled Castes, Scheduled Tribes and other weaker sections The State shall promote with special care the educational and economic interests of the weaker sections of the people, and, in particular, of the Scheduled Castes and the Scheduled Tribes, and shall protect them from social injustice and all forms of exploitation",-0.145527001953125,17,0
state cannot discriminate,325,"325. No person to be ineligible for inclusion in, or to claim to be included in a special, electoral roll on grounds of religion, race, caste or sex There shall be one general electoral roll for every territorial constituency for election to either House of Parliament or to the House or either House of the Legislature of a State and no person shall be ineligible for inclusion in any such roll or claim to be included in any special electoral roll for any such constituency on grounds only of religion, race, caste, sex or any of them",-0.175490087890625,18,0
state cannot discriminate,43,"43. Living wage, etc, for workers The State shall endeavour to secure, by suitable legislation or economic organisation or in any other way, to all workers, agricultural, industrial or otherwise, work, a living wage, conditions of work ensuring a decent standard of life and full enjoyment of leisure and social and cultural opportunities and, in particular, the State shall endeavour to promote cottage industries on an individual or co operative basis in rural areas",-0.18340437622070313,19,0
state cannot discriminate,262,262. Adjudication of disputes relating to waters of inter State rivers or river valleys,-0.21919397315979006,20,0
state cannot discriminate,38,38. State to secure a social order for the promotion of welfare of the people,-0.2226845458984375,21,0
state cannot discriminate,243O,243O. Bar to interference by courts in electoral matters Notwithstanding anything in this Constitution,-0.22286295471191409,22,0
state cannot discriminate,285,285. Exemption of property of the Union from State taxation,-0.22706015396118165,23,0
state cannot discriminate,243Z,"243Z. G Bar to interference by courts in electoral matters Notwithstanding anything in this Constitution,",-0.22893053283691409,24,0
state cannot discriminate,329,329. Bar to interference by courts in electoral matters Notwithstanding anything in this Constitution,-0.2498929229736328,25,0
state cannot discriminate,341,341. Scheduled Castes,-0.285782080078125,26,0
state cannot discriminate,289,289. Exemption of property and income of a State from Union taxation,-0.31327330017089844,27,0
state cannot discriminate,342,342. Scheduled Tribes,-0.3282452514648438,28,0
state cannot discriminate,31A,"31A. Saving of laws providing for acquisition of estates, etc ( 1 ) Notwithstanding anything contained in Article 13, no law providing for",-0.3297107711791992,29,0
state cannot discriminate,309,"309. Recruitment and conditions of service of persons serving the Union or a State Subject to the provisions of this Constitution, Acts of the appropriate Legislature may regulate the recruitment, and conditions of service of persons appointed, to public services and posts in connection with the affairs of the Union or of any State: Provided that it shall be competent for the President or such person as he may direct in the case of services and posts in connection with the affairs of the Union, and for the Governor of a State or such person as he may direct in the case of services and posts in connection with the affairs of the State, to make rules regulating the recruitment, and the conditions of service of persons appointed, to such services and posts until provision in that behalf is made by or under an Act of the appropriate Legislature under this article, and any rules so made shall have effect subject to the provisions of any such Act",-0.3779207244873047,30,0
state cannot discriminate,39,"39. Certain principles of policy to be followed by the State: The State shall, in particular, direct its policy towards securing",-0.38244152832031253,31,0
state cannot discriminate,274,274. Prior recommendation of President required to Bills affecting taxation in which States are interested,-0.40462970275878907,32,0
state cannot discriminate,286,286. Restrictions as to imposition of tax on the sale or purchase of goods,-0.4168264373779297,33,0
state cannot discriminate,287,"287. Exemption from taxes on electricity Save in so far as Parliament may by law otherwise provide, no law of a State shall impose, or authorise the imposition of, a tax on the consumption or sale of electricity (whether produced by a Government or other persons) which is",-0.44528760528564454,34,0
state cannot discriminate,363,"363. Bar to interference by courts in disputes arising out of certain treaties, agreements, etc",-0.49036485900878907,35,0
state cannot discriminate,288,288. Exemption from taxation by States in respect of water or electricity in certain cases,-0.5459058639526367,36,0
state cannot discriminate,311,"311. Dismissal, removal or reduction in rank of persons employed in civil capacities under the Union or a State",-0.7013117492675781,37,0
state cannot discriminate,370,370. Temporary provisions with respect to the State of Jammu and Kashmir,-1.0362997802734375,38,0
state cannot discriminate,320,320. Functions of Public Service Commissions,-1.3824616027832033,39,0
state cannot discriminate,371D,371D. Special provisions with respect to the state of Andhra Pradesh,-2.868372900390625,40,0
right to life,21,21. Protection of life and personal liberty No person shall be deprived of his life or personal liberty except according to procedure established by law,1.769278125,1,1
right to life,14,"14. Equality before law The State shall not deny to any person equality before the law or the equal protection of the laws within the territory of India Prohibition of discrimination on grounds of religion, race, caste, sex or place of birth",1.4101116882324218,2,0
right to life,32,32. Remedies for enforcement of rights conferred by this Part,1.1678691528320313,3,0
right to life,16,16. Equality of opportunity in matters of public employment,0.9525351440429687,4,0
right to life,22,22. Protection against arrest and detention in certain cases,0.5369122192382813,5,0
right to life,19,19. Protection of certain rights regarding freedom of speech etc,0.3953830078125,6,0
right to life,26,"26. Freedom to manage religious affairs Subject to public order, morality and health, every religious denomination or any section thereof shall have the right",0.33865298919677733,7,0
right to life,29,29. Protection of interests of minorities,0.33787462158203124,8,0
right to life,23,23. Prohibition of traffic in human beings and forced labour,0.31384627685546873,9,0
right to life,34,"34. Restriction on rights conferred by this Part while martial law is in force in any area Notwithstanding anything in the foregoing provisions of this Part, Parliament may by law indemnify any person in the service of the Union or of a State or any other person in respect of any act done by him in connection with the maintenance or restoration of order in any area within the territory of India where martial law was in force or validate any sentence passed, punishment inflicted, forfeiture ordered or other act done under martial law in such area",0.2938288208007812,10,0
right to life,30,30. Right of minorities to establish and administer educational institutions,0.17290939483642576,11,0
right to life,15,"15. Prohibition of discrimination on grounds of religion, race, caste, sex or place of birth",0.12861889648437497,12,0
right to life,25,"25. Freedom of conscience and free profession, practice and propagation of religion",0.07401850585937497,13,0
right to life,42,42. Provision for just and humane conditions of work and maternity relief The State shall make provision for securing just and humane conditions of work and for maternity relief,-0.0657188232421875,14,0
right to life,314,"314. Provision for protection of existing officers of certain services Rep by the Constitution (Twenty eight Amendment) Act, 1972 , Section 3 (w e f 29 08 1972 ) CHAPTER II PUBLIC SERVICE COMMISSION",-0.0773822967529297,15,0
right to life,48A,48A. Protection and improvement of environment and safeguarding of forests and wild life The State shall endeavour to protect and improve the environment and to safeguard the forests and wild life of the country,-0.07867032470703125,16,0
right to life,45,"45. Provision for free and compulsory education for children The State shall endeavour to provide, within a period of ten years from the commencement of this Constitution, for free and compulsory education for all children until they complete the age of fourteen years",-0.09904417724609375,17,0
right to life,41,"41. Right to work, to education and to public assistance in certain cases The State shall, within the limits of its economic capacity and development, make effective provision for securing the right to work, to education and to public assistance in cases of unemployment, old age, sickness and disablement, and in other cases of undeserved want",-0.10323720703125,18,0
right to life,11,11. Parliament to regulate the right of citizenship by law Nothing in the foregoing provisions of this Part shall derogate from the power of Parliament to make any provision with respect to the acquisition and termination of citizenship and all other matters relating to citizenship PART III FUNDAMENTAL RIGHTS General,-0.12248121948242188,19,0
right to life,43,"43. Living wage, etc, for workers The State shall endeavour to secure, by suitable legislation or economic organisation or in any other way, to all workers, agricultural, industrial or otherwise, work, a living wage, conditions of work ensuring a decent standard of life and full enjoyment of leisure and social and cultural opportunities and, in particular, the State shall endeavour to promote cottage industries on an individual or co operative basis in rural areas",-0.1470388671875,20,0
right to life,46,"46. Promotion of educational and economic interests of Scheduled Castes, Scheduled Tribes and other weaker sections The State shall promote with special care the educational and economic interests of the weaker sections of the people, and, in particular, of the Scheduled Castes and the Scheduled Tribes, and shall protect them from social injustice and all forms of exploitation",-0.14888584289550783,21,0
right to life,39A,39. A Equal justice and free legal aid,-0.15036485900878907,22,0
right to life,88,"88. Rights of Ministers and Attorney General in respects Houses Every Minister and the Attorney General of India shall have the right to speak in, and otherwise to take part in the proceedings of either House, any joint sitting of the Houses, and any committee of Parliament of which he may be named a member, but shall not by virtue of this article be entitled to vote Officers of Parliament",-0.15591355972290039,23,0
right to life,47,"47. Duty of the State to raise the level of nutrition and the standard of living and to improve public health The State shall regard the raising of the level of nutrition and the standard of living of its people and the improvement of public health as among its primary duties and, in particular, the State shall endeavour to bring about prohibition of the consumption except for medicinal purposes of intoxicating drinks and of drugs which are injurious to health",-0.15859194335937501,24,0
right to life,350,350. A Facilities for instruction in mother tongue at primary stage It shall be the endeavour of every State and of every local authority within the State to provide adequate facilities for instruction in the mother tongue at the primary stage of education to children belonging to linguistic minority groups; and the President may issue such directions to any State as he considers necessary or proper for securing the provision of such facilities,-0.17736131591796875,25,0
right to life,325,"325. No person to be ineligible for inclusion in, or to claim to be included in a special, electoral roll on grounds of religion, race, caste or sex There shall be one general electoral roll for every territorial constituency for election to either House of Parliament or to the House or either House of the Legislature of a State and no person shall be ineligible for inclusion in any such roll or claim to be included in any special electoral roll for any such constituency on grounds only of religion, race, caste, sex or any of them",-0.20738858642578126,26,0
right to life,177,"177. Rights of Ministers and Advocate General as respects the Houses Every Minister and the Advocate General for a State shall have the right to speak in, and otherwise to take part in the proceedings of, the legislative Assembly of the State or, in the case of a State having a Legislative Council, both Houses, and to speak in, and otherwise to take part in the proceedings of, any committee of the Legislature of which he may be named a member, but shall not, by virtue of this article, be entitled to vote Officers of the State Legislature",-0.21590014190673829,27,0
right to life,38,38. State to secure a social order for the promotion of welfare of the people,-0.2216774658203125,28,0
right to life,72,"72. Power of President to grant pardons, etc, and to suspend, remit or commute sentences in certain cases",-0.2815587158203125,29,0
right to life,326,"326. Elections to the House of the People and to the Legislative Assemblies of States to be on the basis of adult suffrage The elections to the House of the People and to the Legislative Assembly of every State shall be on the basis of adult suffrage; but is to say, every person who is a citizen of India and who is not less than twenty one years of age on such date as may be fixed in that behalf by or under any law made by the appropriate legislature and is not otherwise disqualified under this constitution or any law made by the appropriate Legislature on the ground of non residence, unsoundness of mind, crime or corrupt or illegal practice, shall be entitled to be registered as a voter at any such election",-0.28407439880371094,30,0
right to life,339,339. Control of the Union over the administration of Scheduled Areas and the welfare of Scheduled Tribes,-0.3106438751220703,31,0
right to life,131,"131. Original jurisdiction of the Supreme Court Subject to the provisions of this Constitution, the Supreme Court shall, to the exclusion of any other court, have original jurisdiction in any dispute",-0.36875722961425783,32,0
right to life,39,"39. Certain principles of policy to be followed by the State: The State shall, in particular, direct its policy towards securing",-0.37613964843750003,33,0
right to life,6,"6. Rights of citizenship of certain persons who have migrated to India from Pakistan Notwithstanding anything in Article 5, a person who has migrated to the territory of India from the territory now included in Pakistan shall be deemed to be a citizen of India at the commencement of this Constitution if",-0.4787572296142578,34,0
right to life,51A,"51A. Fundamental duties It shall be the duty of every citizen of India (a) to abide by the Constitution and respect its ideals and institutions, the national Flag and the National Anthem;",-0.48509653320312507,35,0
right to life,312,312. All India Services,-0.5090673065185547,36,0
right to life,323B,323B. Tribunals for other matters,-0.5852891143798828,37,0
right to life,359,359. Suspension of the enforcement of the rights conferred by Part III during emergencies,-1.0731542602539064,38,0
right to life,312A,312A. Power of Parliament to vary or revoke conditions of service of officers of certain services,-1.1513886474609376,39,0
right to life,371D,371D. Special provisions with respect to the state of Andhra Pradesh,-2.852808935546875,40,0
public order restriction speech,16,16. Equality of opportunity in matters of public employment,0.9512514388084411,1,0
public order restriction speech,19,19. Protection of certain rights regarding freedom of speech etc,0.933346875,2,1
public order restriction speech,22,22. Protection against arrest and detention in certain cases,0.527660147857666,3,0
public order restriction speech,23,23. Prohibition of traffic in human beings and forced labour,0.3037634359359741,4,0
public order restriction speech,15,"15. Prohibition of discrimination on grounds of religion, race, caste, sex or place of birth",0.0886313323974609,5,0
public order restriction speech,329,329. A Special provision as to elections to Parliament in the case of Prime Minister and Speaker Omitted PART XVI SPECIAL PROVISIONS RELATING TO CERTAIN CLASSES,-0.06394480609893799,6,0
public order restriction speech,306,"306. Power of certain States in Part B of the First Schedule to impose restrictions on trade and commerce Rep by the Constitution (Seventh Amendment) Act, 1956 , Section 29 and Schedule",-0.0736471405029297,7,0
public order restriction speech,314,"314. Provision for protection of existing officers of certain services Rep by the Constitution (Twenty eight Amendment) Act, 1972 , Section 3 (w e f 29 08 1972 ) CHAPTER II PUBLIC SERVICE COMMISSION",-0.07897660179138184,8,0
public order restriction speech,211,211. Restriction on discussion in the Legislature No discussion shall take place in the Legislature of a State with respect to the conduct of any Judge of the Supreme Court or of a High Court in the discharge of his duties,-0.0884945858001709,9,0
public order restriction speech,302,"302. Power of Parliament to impose restrictions on trade, commerce and intercourse Parliament may by law impose such restrictions on the freedom of trade, commerce or intercourse between one State and another or within any part of the territory of India as may be required in the public interest",-0.1169757537841797,10,0
public order restriction speech,121,121. Restriction on discussion in Parliament No discussions shall take place in Parliament with respect to the conduct of any Judge of the Supreme Court or of a High Court in the discharge of his duties expect upon a motion for presenting an address to the President praying for the removal of the Judge as hereinafter provided,-0.12963079528808594,11,0
public order restriction speech,347,"347. Special provision relating to language spoken by a section of the population of a State On a demand being made in that behalf the President may, if he is satisfied that a substantial proportion of the population of a State desire the use of any language spoken by them to be recognised throughout that State or any part thereof for such purpose as he may specify CHAPTER III LANGUAGE OF THE SUPREME COURT, HIGH COURTS, ETC",-0.17054679946899415,12,0
public order restriction speech,87,87. Special address by the President,-0.19070014190673829,13,0
public order restriction speech,220,"220. Restriction on practice after being a permanent Judge No person who, after the commencement of this Constitution, has held office as a permanent Judge of a High Court shall plead or act in any court or before any authority in India except the Supreme Court and the other High Courts Explanation In this article, the expression High Court does not include a High Court for a State specified in Part B of the First Schedule as it existed before the commencement of the Constitution (seventh Amendment) Act, 1956",-0.20540437755584717,14,0
public order restriction speech,373,"373. Power of President to make order in respect of persons under preventive detention in certain cases Until provision is made by Parliament under clause ( 7 ) of Article 22, or until the expiration of one year from the commencement of this Constitution, whichever is earlier, the said article shall have effect as if for any reference to Parliament in clauses ( 4 ) and ( 7 ) thereof there were substituted a reference to the Parliament in those clauses there were substituted a reference to an order made by the President",-0.20891478500366212,15,0
public order restriction speech,176,176. Special address by the Governor,-0.22667534637451173,16,0
public order restriction speech,38,38. State to secure a social order for the promotion of welfare of the people,-0.23994700469970703,17,0
public order restriction speech,354,"354. Application of provisions relating to distribution of revenues while a Proclamation of Emergency is in operation (l) The President may, while a Proclamation of Emergency is in operation, by order direct that all or any of the provisions of Articles 268 to 279 shall for such period, not extending in any case beyond the expiration of the financial year in which such Proclamation ceases to operate, as may be specific in the order, have effect subject to such exceptions or modifications as he thinks fit",-0.25174679946899414,18,0
public order restriction speech,120,120. Language to be used in Parliament,-0.26742541122436525,19,0
public order restriction speech,72,"72. Power of President to grant pardons, etc, and to suspend, remit or commute sentences in certain cases",-0.3117584819793701,20,0
public order restriction speech,342,342. Scheduled Tribes,-0.3326118877410889,21,0
public order restriction speech,303,303. Restrictions on the legislative powers of the Union and of the States with regard to trade and commerce,-0.3453851848602295,22,0
public order restriction speech,181,181. The Speaker or the Deputy Speaker not to preside while a resolution for his removal from office is under consideration,-0.42897302551269534,23,0
public order restriction speech,364,364. Special provisions as to major ports and aerodromes,-0.4350232126235962,24,0
public order restriction speech,123,123. Power of President to promulgate Ordinances during recess of Parliament,-0.485139852142334,25,0
public order restriction speech,353,"353. Effect of Proclamation of Emergency While a Proclamation of Emergency is in operation, then",-0.5057658729553223,26,0
public order restriction speech,319,319. Prohibition as to the holding of offices by members of Commission on ceasing to be such members On ceasing to hold office,-0.527748706817627,27,0
public order restriction speech,358,358. Suspension of provisions of Article 19 during emergencies,-0.6116109008789062,28,0
public order restriction speech,257,257. Control of the Union over States in certain cases,-0.6986557567596436,29,0
public order restriction speech,311,"311. Dismissal, removal or reduction in rank of persons employed in civil capacities under the Union or a State",-0.7085241497039795,30,0
public order restriction speech,317,317. Removal and suspension of a member of a Public Service Commission,-0.7589833967208862,31,0
public order restriction speech,239B,239B. Power of administrator to promulgate Ordinances during recess of Legislature,-0.8196774196624756,32,0
public order restriction speech,356,356. Provisions in case of failure of constitutional machinery in State,-0.8840095489501953,33,0
public order restriction speech,226,226. Power of High Courts to issue certain writs,-0.8884898174285889,34,0
public order restriction speech,360,360. Provisions as to financial emergency,-1.0100359348297119,35,0
public order restriction speech,352,352. Proclamation of Emergency,-1.0144708618164064,36,0
public order restriction speech,370,370. Temporary provisions with respect to the State of Jammu and Kashmir,-1.0473013671875,37,0
public order restriction speech,359,359. Suspension of the enforcement of the rights conferred by Part III during emergencies,-1.080928136444092,38,0
public order restriction speech,213,213. Power of Governor to promulgate Ordinances during recess of Legislature,-1.1565733032226564,39,0
public order restriction speech,371D,371D. Special provisions with respect to the state of Andhra Pradesh,-2.8986921142578126,40,0
preventive detention,21,21. Protection of life and personal liberty No person shall be deprived of his life or personal liberty except according to procedure established by law,1.4414163391113282,1,0
preventive detention,22,22. Protection against arrest and detention in certain cases,1.4402859375000001,2,1
preventive detention,14,"14. Equality before law The State shall not deny to any person equality before the law or the equal protection of the laws within the territory of India Prohibition of discrimination on grounds of religion, race, caste, sex or place of birth",1.4036348091125488,3,0
preventive detention,20,20. Protection in respect of conviction for offences,1.2908141330718994,4,0
preventive detention,373,"373. Power of President to make order in respect of persons under preventive detention in certain cases Until provision is made by Parliament under clause ( 7 ) of Article 22, or until the expiration of one year from the commencement of this Constitution, whichever is earlier, the said article shall have effect as if for any reference to Parliament in clauses ( 4 ) and ( 7 ) thereof there were substituted a reference to the Parliament in those clauses there were substituted a reference to an order made by the President",0.69665,5,0
preventive detention,19,19. Protection of certain rights regarding freedom of speech etc,0.3741828277587891,6,0
preventive detention,23,23. Prohibition of traffic in human beings and forced labour,0.3038913475036621,7,0
preventive detention,24,"24. Prohibition of employment of children in factories, etc No child below the age of fourteen years shall be employed to work in any factory or mine or engaged in any other hazardous employment Provided that nothing in this sub clause shall authorise the detention of any person beyond the maximum period prescribed by any law made by Parliament under sub clause (b) of clause ( 7 ); or such person is detained in accordance with the provisions of any law made by Parliament under sub clauses (a) and (b) of clause ( 7 )",0.2946403137207031,8,0
preventive detention,34,"34. Restriction on rights conferred by this Part while martial law is in force in any area Notwithstanding anything in the foregoing provisions of this Part, Parliament may by law indemnify any person in the service of the Union or of a State or any other person in respect of any act done by him in connection with the maintenance or restoration of order in any area within the territory of India where martial law was in force or validate any sentence passed, punishment inflicted, forfeiture ordered or other act done under martial law in such area",0.28062043151855465,9,0
preventive detention,15,"15. Prohibition of discrimination on grounds of religion, race, caste, sex or place of birth",0.08817809867858883,10,0
preventive detention,42,42. Provision for just and humane conditions of work and maternity relief The State shall make provision for securing just and humane conditions of work and for maternity relief,-0.07069026784896851,11,0
preventive detention,314,"314. Provision for protection of existing officers of certain services Rep by the Constitution (Twenty eight Amendment) Act, 1972 , Section 3 (w e f 29 08 1972 ) CHAPTER II PUBLIC SERVICE COMMISSION",-0.07798883361816407,12,0
preventive detention,45,"45. Provision for free and compulsory education for children The State shall endeavour to provide, within a period of ten years from the commencement of this Constitution, for free and compulsory education for all children until they complete the age of fourteen years",-0.10713795156478882,13,0
preventive detention,41,"41. Right to work, to education and to public assistance in certain cases The State shall, within the limits of its economic capacity and development, make effective provision for securing the right to work, to education and to public assistance in cases of unemployment, old age, sickness and disablement, and in other cases of undeserved want",-0.13751971254348755,14,0
preventive detention,46,"46. Promotion of educational and economic interests of Scheduled Castes, Scheduled Tribes and other weaker sections The State shall promote with special care the educational and economic interests of the weaker sections of the people, and, in particular, of the Scheduled Castes and the Scheduled Tribes, and shall protect them from social injustice and all forms of exploitation",-0.15145003471374513,15,0
preventive detention,161,"161. Power of Governor to grant pardons, etc, and to suspend, remit or commute sentences in certain cases The Governor of a State shall have the power to grant pardons, reprieves, respites or remissions of punishment or to suspend, remit or commute the sentence of any person convicted of any offence against any law relating to a matter to which the executive power of the State extends",-0.15411764602661135,16,0
preventive detention,51,51. Promotion of international peace and security The State shall endeavour to,-0.15872632865905761,17,0
preventive detention,350,350. A Facilities for instruction in mother tongue at primary stage It shall be the endeavour of every State and of every local authority within the State to provide adequate facilities for instruction in the mother tongue at the primary stage of education to children belonging to linguistic minority groups; and the President may issue such directions to any State as he considers necessary or proper for securing the provision of such facilities,-0.179144806098938,18,0
preventive detention,43,"43. Living wage, etc, for workers The State shall endeavour to secure, by suitable legislation or economic organisation or in any other way, to all workers, agricultural, industrial or otherwise, work, a living wage, conditions of work ensuring a decent standard of life and full enjoyment of leisure and social and cultural opportunities and, in particular, the State shall endeavour to promote cottage industries on an individual or co operative basis in rural areas",-0.18717138977050782,19,0
preventive detention,277,"277. Savings Any taxes, duties, cesses or fees which, immediately before the commencement of this Constitution, were being lawfully levied by the Government of any State or by any municipality or other local authority or body for the purposes of the State, municipality, district or other local area may, notwithstanding that those taxes, duties, cesses or fees are mentioned in the Union List, continue to be levied and to be applied to the same purposes until provision to the contrary is made by Parliament by law",-0.20631315603256226,20,0
preventive detention,38,38. State to secure a social order for the promotion of welfare of the people,-0.24034564056396485,21,0
preventive detention,104,"104. Penalty for sitting and voting before making oath or affirmation under Article 99 or when not qualified or when disqualified If a person sits or votes as a member of either House of Parliament before he has complied with the requirements of Article 99, or when he knows that he is not qualified or that he is disqualified for membership thereof, or that he is prohibited from so doing by the provisions of any law made by Parliament, he shall be liable in respect of each day on which he so sits or votes to a penalty of five hundred rupees to be recovered as a debt due to the Union Powers, Privileges and Immunities of Parliament and its Members",-0.26060735778808597,22,0
preventive detention,255,"255. Requirements as to recommendations and previous sanctions to be regarded as matters of procedure only No Act of Parliament or of the legislature of a State and no provision in any such Act, shall be invalid by reason only that some recommendation or previous sanction required by this Constitution was not given, if assent to that Act was given",-0.2859777606964111,23,0
preventive detention,193,"193. Penalty for sitting and voting before making oath or affirmation under Article 188 or when not qualified or when disqualified If a person sits or votes as a member of the Legislative Assembly or the Legislative Council of a State before he has complied with the requirements of Article 188, or when he knows that he is not qualified or that he is disqualified for membership thereof, or that he is prohibited from so doing by the provisions of any law made by Parliament or the legislature of the State, he shall be liable in respect of each day on which he so sits or votes to a penalty of five hundred rupees to be recovered as a debt due to the State Powers, Privileges and Immunities of State Legislatures and their Members",-0.2925367858886719,24,0
preventive detention,273,273. Grants in lieu of export duty on jute and jute products,-0.3031542236328125,25,0
preventive detention,72,"72. Power of President to grant pardons, etc, and to suspend, remit or commute sentences in certain cases",-0.3111769790649414,26,0
preventive detention,39,"39. Certain principles of policy to be followed by the State: The State shall, in particular, direct its policy towards securing",-0.4078849630355835,27,0
preventive detention,267,267. Contingency Fund,-0.43701866912841797,28,0
preventive detention,191,191. Disqualifications for membership,-0.4830927712440491,29,0
preventive detention,310,310. Tenure of office of persons serving the Union or a State,-0.5106992681503296,30,0
preventive detention,61,61. Procedure for impeachment of the President,-0.5142794794082642,31,0
preventive detention,283,"283. Custody, etc of Consolidated Funds, Contingency Funds and moneys credited to the public accounts",-0.5276794326782227,32,0
preventive detention,233,"233. A Validation of appointments of, and judgments, etc, delivered by, certain district judges Notwithstanding any judgment, decree or order of any court,",-0.5727125003814697,33,0
preventive detention,358,358. Suspension of provisions of Article 19 during emergencies,-0.6116922016143799,34,0
preventive detention,243T,243T. Reservation of seats,-0.6963111294746399,35,0
preventive detention,243D,243D. Reservation of seats,-0.9942339414596558,36,0
preventive detention,360,360. Provisions as to financial emergency,-1.01001256980896,37,0
preventive detention,352,352. Proclamation of Emergency,-1.0156419738769533,38,0
preventive detention,359,359. Suspension of the enforcement of the rights conferred by Part III during emergencies,-1.0804622665405275,39,0
preventive detention,371D,371D. Special provisions with respect to the state of Andhra Pradesh,-2.891749365234375,40,0
can government stop free speech,32,32. Remedies for enforcement of rights conferred by this Part,1.1673732421875,1,0
can government stop free speech,19,19. Protection of certain rights regarding freedom of speech etc,0.561032421875,2,1
can government stop free speech,25,"25. Freedom of conscience and free profession, practice and propagation of religion",0.08727839355468747,3,0
can government stop free speech,211,211. Restriction on discussion in the Legislature No discussion shall take place in the Legislature of a State with respect to the conduct of any Judge of the Supreme Court or of a High Court in the discharge of his duties,-0.08543734436035157,4,0
can government stop free speech,302,"302. Power of Parliament to impose restrictions on trade, commerce and intercourse Parliament may by law impose such restrictions on the freedom of trade, commerce or intercourse between one State and another or within any part of the territory of India as may be required in the public interest",-0.11464878845214845,5,0
can government stop free speech,121,121. Restriction on discussion in Parliament No discussions shall take place in Parliament with respect to the conduct of any Judge of the Supreme Court or of a High Court in the discharge of his duties expect upon a motion for presenting an address to the President praying for the removal of the Judge as hereinafter provided,-0.12543653564453125,6,0
can government stop free speech,139,"139. Conferment on the Supreme Court of powers to issue certain writs Parliament may by law confer on the Supreme Court power to issue directions, orders or writs, including writs in the nature of habeas corpus, mandamus, prohibition, quo warranto and certiorari, or any of them, for any purposes other than those mentioned in clause ( 2 ) of Article 32",-0.13356297607421877,7,0
can government stop free speech,161,"161. Power of Governor to grant pardons, etc, and to suspend, remit or commute sentences in certain cases The Governor of a State shall have the power to grant pardons, reprieves, respites or remissions of punishment or to suspend, remit or commute the sentence of any person convicted of any offence against any law relating to a matter to which the executive power of the State extends",-0.1520209930419922,8,0
can government stop free speech,347,"347. Special provision relating to language spoken by a section of the population of a State On a demand being made in that behalf the President may, if he is satisfied that a substantial proportion of the population of a State desire the use of any language spoken by them to be recognised throughout that State or any part thereof for such purpose as he may specify CHAPTER III LANGUAGE OF THE SUPREME COURT, HIGH COURTS, ETC",-0.16511228637695313,9,0
can government stop free speech,136,136. Special leave to appeal by the Supreme Court,-0.20091744689941407,10,0
can government stop free speech,220,"220. Restriction on practice after being a permanent Judge No person who, after the commencement of this Constitution, has held office as a permanent Judge of a High Court shall plead or act in any court or before any authority in India except the Supreme Court and the other High Courts Explanation In this article, the expression High Court does not include a High Court for a State specified in Part B of the First Schedule as it existed before the commencement of the Constitution (seventh Amendment) Act, 1956",-0.20525119361877442,11,0
can government stop free speech,177,"177. Rights of Ministers and Advocate General as respects the Houses Every Minister and the Advocate General for a State shall have the right to speak in, and otherwise to take part in the proceedings of, the legislative Assembly of the State or, in the case of a State having a Legislative Council, both Houses, and to speak in, and otherwise to take part in the proceedings of, any committee of the Legislature of which he may be named a member, but shall not, by virtue of this article, be entitled to vote Officers of the State Legislature",-0.21346350402832032,12,0
can government stop free speech,305,"305. Saving of existing laws and laws providing for State monopolies Nothing in Articles 301 and 303 shall affect the provisions of any existing law except in so far as the President may be order otherwise direct; and nothing in Article 301 shall affect the operation of any law made before the commencement of the Constitution (Fourth Amendment) Act, 1955 , in so far as it relates to, or prevent Parliament or the Legislature of a State from making any law relating to, any such matter as is referred to in sub clause (ii) of clause ( 6 ) of Article 19",-0.2189888397216797,13,0
can government stop free speech,120,120. Language to be used in Parliament,-0.2562659912109375,14,0
can government stop free speech,349,"349. Special procedure for enactment of certain laws relating to language During the period of fifteen years from the commencement of this Constitution, no Bill or amendment making provision for the language to be used for any of the purposes mentioned in clause ( 1 ) of Article 348 shall be introduced or moved in either House of Parliament without the previous sanction of the President, and the President shall not give his sanction to the introduction of any such Bill or the moving of any such amendment except after he has taken into consideration the recommendations of the Commission constituted under clause ( 1 ) of Article 344 and the report of the Committee constituted under clause ( 4 ) of that article CHAPTER IV SPECIAL DIRECTIVES",-0.29245997314453126,15,0
can government stop free speech,304,"304. Restrictions on trade, commerce and intercourse among States Notwithstanding anything in Article 301 or Article 303, the Legislature of a State may by law",-0.29709591674804686,16,0
can government stop free speech,251,"251. Inconsistency between laws made by Parliament under Articles 249 and 250 and laws made by the Legislatures of States Nothing in Articles 249 and 250 shall restrict the power of the Legislature of a State to make any law which under this Constitution it has power to make, but if any provision of a law made by the legislature of a State is repugnant to any provision of a law made by Parliament which Parliament has under either of the said articles power to make, the law made by Parliament, whether passed before or after the law made by the legislature of the State, shall prevail, and the law made by the Legislature of the State shall to the extent of the repugnancy, but so long only as the law made by Parliament continues to have effect, be inoperative",-0.3038351593017578,17,0
can government stop free speech,250,250. Power of Parliament to legislate with respect to any matter in the State List if a Proclamation of Emergency is in operation,-0.3040955123901367,18,0
can government stop free speech,72,"72. Power of President to grant pardons, etc, and to suspend, remit or commute sentences in certain cases",-0.3091885681152344,19,0
can government stop free speech,303,303. Restrictions on the legislative powers of the Union and of the States with regard to trade and commerce,-0.34441649017333986,20,0
can government stop free speech,169,169. Abolition or creation of Legislative Councils in States,-0.36277658081054687,21,0
can government stop free speech,361,361. A Protection of publication of proceedings of Parliament and State Legislature,-0.4296735778808594,22,0
can government stop free speech,105,"105. Powers, privileges, etc of the Houses of Parliament and of the members and committees thereof",-0.48246230468750007,23,0
can government stop free speech,363,"363. Bar to interference by courts in disputes arising out of certain treaties, agreements, etc",-0.48715860595703125,24,0
can government stop free speech,310,310. Tenure of office of persons serving the Union or a State,-0.5104633529663086,25,0
can government stop free speech,194,"194. Powers, privileges, etc, of the House of Legislatures and of the members and committees thereof",-0.52713369140625,26,0
can government stop free speech,319,319. Prohibition as to the holding of offices by members of Commission on ceasing to be such members On ceasing to hold office,-0.5276359348297119,27,0
can government stop free speech,240,240. Power of President to make regulations for certain Union territories,-0.5398923797607422,28,0
can government stop free speech,369,"369. Temporary power to Parliament to make laws with respect to certain matters in the State List as if they were matters in the Concurrent List Notwithstanding anything in this Constitution, Parliament shall, during a period of five years from the commencement of this constitution, have power to make laws with respect to the following matters as if they were enumerated in the Concurrent List, namely:",-0.5549664947509766,29,0
can government stop free speech,249,249. Power of Parliament to legislate with respect to a matter in the State List in the national interest,-0.5870787628173828,30,0
can government stop free speech,358,358. Suspension of provisions of Article 19 during emergencies,-0.6097664947509766,31,0
can government stop free speech,257,257. Control of the Union over States in certain cases,-0.6973618591308595,32,0
can government stop free speech,317,317. Removal and suspension of a member of a Public Service Commission,-0.7585882179260254,33,0
can government stop free speech,356,356. Provisions in case of failure of constitutional machinery in State,-0.860036083984375,34,0
can government stop free speech,226,226. Power of High Courts to issue certain writs,-0.878790234375,35,0
can government stop free speech,352,352. Proclamation of Emergency,-1.003896520996094,36,0
can government stop free speech,360,360. Provisions as to financial emergency,-1.0087768463134765,37,0
can government stop free speech,370,370. Temporary provisions with respect to the State of Jammu and Kashmir,-1.0340643676757812,38,0
can government stop free speech,359,359. Suspension of the enforcement of the rights conferred by Part III during emergencies,-1.0724370971679689,39,0
can government stop free speech,312A,312A. Power of Parliament to vary or revoke conditions of service of officers of certain services,-1.167181494140625,40,0
can state deny job based on caste,14,"14. Equality before law The State shall not deny to any person equality before the law or the equal protection of the laws within the territory of India Prohibition of discrimination on grounds of religion, race, caste, sex or place of birth",2.1096546875,1,0
can state deny job based on caste,16,16. Equality of opportunity in matters of public employment,1.7060828125,2,1
can state deny job based on caste,15,"15. Prohibition of discrimination on grounds of religion, race, caste, sex or place of birth",0.7881953125,3,0
can state deny job based on caste,29,29. Protection of interests of minorities,0.6646492187499999,4,0
can state deny job based on caste,23,23. Prohibition of traffic in human beings and forced labour,0.52967421875,5,0
can state deny job based on caste,19,19. Protection of certain rights regarding freedom of speech etc,0.39031708984375,6,0
can state deny job based on caste,24,"24. Prohibition of employment of children in factories, etc No child below the age of fourteen years shall be employed to work in any factory or mine or engaged in any other hazardous employment Provided that nothing in this sub clause shall authorise the detention of any person beyond the maximum period prescribed by any law made by Parliament under sub clause (b) of clause ( 7 ); or such person is detained in accordance with the provisions of any law made by Parliament under sub clauses (a) and (b) of clause ( 7 )",0.2923643699645996,7,0
can state deny job based on caste,18,"18. Abolition of titles No title, not being a military or academic distinction, shall be conferred by the State No citizen of India shall accept any title from any foreign State No person who is not a citizen of India shall, while he holds any office of profit or trust under the State, accept without the consent of the President any title from any foreign State No person holding any office of profit or trust under the State shall, without the consent of the President, accept any present, emolument, or office of any kind from or under any foreign State Right to Freedom",0.27234931030273435,8,0
can state deny job based on caste,30,30. Right of minorities to establish and administer educational institutions,0.17547001037597654,9,0
can state deny job based on caste,325,"325. No person to be ineligible for inclusion in, or to claim to be included in a special, electoral roll on grounds of religion, race, caste or sex There shall be one general electoral roll for every territorial constituency for election to either House of Parliament or to the House or either House of the Legislature of a State and no person shall be ineligible for inclusion in any such roll or claim to be included in any special electoral roll for any such constituency on grounds only of religion, race, caste, sex or any of them",-0.05985898437500001,10,0
can state deny job based on caste,335,"335. Claims of Scheduled Castes and Scheduled Tribes to services and posts The claims of the members of the Scheduled Castes and the Scheduled Tribes shall be taken into consideration, consistently with the maintenance of efficiency of administration, in the making of appointments to services and posts in connection with the affairs of the Union or of a State",-0.10387265625,11,0
can state deny job based on caste,41,"41. Right to work, to education and to public assistance in certain cases The State shall, within the limits of its economic capacity and development, make effective provision for securing the right to work, to education and to public assistance in cases of unemployment, old age, sickness and disablement, and in other cases of undeserved want",-0.13293462524414063,12,0
can state deny job based on caste,46,"46. Promotion of educational and economic interests of Scheduled Castes, Scheduled Tribes and other weaker sections The State shall promote with special care the educational and economic interests of the weaker sections of the people, and, in particular, of the Scheduled Castes and the Scheduled Tribes, and shall protect them from social injustice and all forms of exploitation",-0.14196407470703126,13,0
can state deny job based on caste,43,"43. Living wage, etc, for workers The State shall endeavour to secure, by suitable legislation or economic organisation or in any other way, to all workers, agricultural, industrial or otherwise, work, a living wage, conditions of work ensuring a decent standard of life and full enjoyment of leisure and social and cultural opportunities and, in particular, the State shall endeavour to promote cottage industries on an individual or co operative basis in rural areas",-0.18518965454101563,14,0
can state deny job based on caste,341,341. Scheduled Castes,-0.19047568359375,15,0
can state deny job based on caste,173,173. Qualification for membership of the State Legislature A person shall not be qualified to be chosen to fill a seat in the Legislature of a State unless he,-0.271295711517334,16,0
can state deny job based on caste,243F,243F. Disqualifications for membership,-0.31973897094726567,17,0
can state deny job based on caste,243Z,243Z. C Part not to apply to certain areas,-0.32120491333007817,18,0
can state deny job based on caste,342,342. Scheduled Tribes,-0.33000954895019535,19,0
can state deny job based on caste,303,303. Restrictions on the legislative powers of the Union and of the States with regard to trade and commerce,-0.34168612060546877,20,0
can state deny job based on caste,309,"309. Recruitment and conditions of service of persons serving the Union or a State Subject to the provisions of this Constitution, Acts of the appropriate Legislature may regulate the recruitment, and conditions of service of persons appointed, to public services and posts in connection with the affairs of the Union or of any State: Provided that it shall be competent for the President or such person as he may direct in the case of services and posts in connection with the affairs of the Union, and for the Governor of a State or such person as he may direct in the case of services and posts in connection with the affairs of the State, to make rules regulating the recruitment, and the conditions of service of persons appointed, to such services and posts until provision in that behalf is made by or under an Act of the appropriate Legislature under this article, and any rules so made shall have effect subject to the provisions of any such Act",-0.374855615234375,21,0
can state deny job based on caste,187,187. Secretariat of State Legislature,-0.40724414672851567,22,0
can state deny job based on caste,336,336. Special provision for Anglo Indian community in certain services,-0.4162504180908203,23,0
can state deny job based on caste,102,102. Disqualification s for membership,-0.42307957153320314,24,0
can state deny job based on caste,164,164. Other provisions as to Ministers,-0.4741188598632813,25,0
can state deny job based on caste,191,191. Disqualifications for membership,-0.4805583221435547,26,0
can state deny job based on caste,312,312. All India Services,-0.5080278015136719,27,0
can state deny job based on caste,310,310. Tenure of office of persons serving the Union or a State,-0.5086923797607422,28,0
can state deny job based on caste,319,319. Prohibition as to the holding of offices by members of Commission on ceasing to be such members On ceasing to hold office,-0.5265389709472656,29,0
can state deny job based on caste,233,"233. A Validation of appointments of, and judgments, etc, delivered by, certain district judges Notwithstanding any judgment, decree or order of any court,",-0.571304638671875,30,0
can state deny job based on caste,332,332. Reservation of seats for Scheduled Castes and Scheduled Tribes in the Legislative Assemblies of the States,-0.5782419921875,31,0
can state deny job based on caste,243M,243M. Part not to apply to certain areas,-0.6127607910156251,32,0
can state deny job based on caste,276,"276. Taxes on professions, trades, callings and employments",-0.63270306930542,33,0
can state deny job based on caste,243T,243T. Reservation of seats,-0.682392431640625,34,0
can state deny job based on caste,311,"311. Dismissal, removal or reduction in rank of persons employed in civil capacities under the Union or a State",-0.703093212890625,35,0
can state deny job based on caste,243D,243D. Reservation of seats,-0.9648132080078126,36,0
can state deny job based on caste,370,370. Temporary provisions with respect to the State of Jammu and Kashmir,-1.0421820434570312,37,0
can state deny job based on caste,312A,312A. Power of Parliament to vary or revoke conditions of service of officers of certain services,-1.1679825805664064,38,0
can state deny job based on caste,320,320. Functions of Public Service Commissions,-1.3750725341796877,39,0
can state deny job based on caste,371D,371D. Special provisions with respect to the state of Andhra Pradesh,-2.86229990234375,40,0
detained without lawyer,21,21. Protection of life and personal liberty No person shall be deprived of his life or personal liberty except according to procedure established by law,1.441469744873047,1,0
detained without lawyer,20,20. Protection in respect of conviction for offences,1.2907769397735596,2,0
detained without lawyer,32,32. Remedies for enforcement of rights conferred by this Part,1.158137860107422,3,0
detained without lawyer,22,22. Protection against arrest and detention in certain cases,1.0652859375000001,4,1
detained without lawyer,19,19. Protection of certain rights regarding freedom of speech etc,0.3781215026855469,5,0
detained without lawyer,24,"24. Prohibition of employment of children in factories, etc No child below the age of fourteen years shall be employed to work in any factory or mine or engaged in any other hazardous employment Provided that nothing in this sub clause shall authorise the detention of any person beyond the maximum period prescribed by any law made by Parliament under sub clause (b) of clause ( 7 ); or such person is detained in accordance with the provisions of any law made by Parliament under sub clauses (a) and (b) of clause ( 7 )",0.2941806427001953,6,0
detained without lawyer,34,"34. Restriction on rights conferred by this Part while martial law is in force in any area Notwithstanding anything in the foregoing provisions of this Part, Parliament may by law indemnify any person in the service of the Union or of a State or any other person in respect of any act done by him in connection with the maintenance or restoration of order in any area within the territory of India where martial law was in force or validate any sentence passed, punishment inflicted, forfeiture ordered or other act done under martial law in such area",0.281410073852539,7,0
detained without lawyer,31C,"31C. Saving of laws giving effect to certain directive principles Notwithstanding anything contained in Article 13, no law giving effect to the policy of the State towards securing all or any of the principles laid down in Part IV shall be deemed to be void on the ground that it is inconsistent with, or takes away or abridges any of the rights conferred by Article 14 or Article 19 and no law containing a declaration that it is for giving effect to such policy shall be called in question in any court on the ground that it does not give effect to such policy: Provided that where such law is made by the Legislature of a State, the provisions of this Article shall not apply thereto unless such law, having been reserved for the consideration of the President, has received his assent Right to Constitutional Remedies",0.18488398971557618,8,0
detained without lawyer,257,257. A Assistance to States by deployment of armed forces or other forces of the Union Omitted,-0.0375731183052063,9,0
detained without lawyer,265,265. Taxes not to be imposed save by authority of law No tax shall be levied or collected except by authority of law,-0.04635803833007813,10,0
detained without lawyer,300,"300. A Persons not to be deprived of property save by authority of law No person shall be deprived of his property save by authority of law PART XIII TRADE, COMMERCE AND INTERCOURSE WITHIN THE TERRITORY OF INDIA",-0.08383637847900391,11,0
detained without lawyer,126,"126. Appointment of acting Chief Justice When the office of Chief Justice of India is vacant or when the Chief Justice is, by reason or absence or otherwise, unable to perform the duties of his office, the duties of the office shall be performed by such one of the other Judges of the Court as the President may appoint for the purpose",-0.13229959869384766,12,0
detained without lawyer,223,"223. Appointment of acting Chief Justice When the office of Chief Justice of High Court is vacant or when any such Chief Justice is, by reason of absence or otherwise, unable to perform the duties of his office, the duties of the office shall be performed by such one of the other Judges of the Court as the President may appoint for the purposes",-0.1361569580078125,13,0
detained without lawyer,39A,39. A Equal justice and free legal aid,-0.1516680549621582,14,0
detained without lawyer,220,"220. Restriction on practice after being a permanent Judge No person who, after the commencement of this Constitution, has held office as a permanent Judge of a High Court shall plead or act in any court or before any authority in India except the Supreme Court and the other High Courts Explanation In this article, the expression High Court does not include a High Court for a State specified in Part B of the First Schedule as it existed before the commencement of the Constitution (seventh Amendment) Act, 1956",-0.2052800422668457,15,0
detained without lawyer,122,122. Courts not to inquire into proceedings of Parliament,-0.2115858669281006,16,0
detained without lawyer,212,212. Courts not to inquire into proceedings of the Legislature,-0.22712721595764163,17,0
detained without lawyer,284,284. Custody of suitors deposits and other moneys received by public servants an courts All moneys received by or deposited with,-0.2301086524963379,18,0
detained without lawyer,180,"180. Power of the Deputy Speaker or other person to perform the duties of the office of, or to act as, Speaker",-0.2594377561569214,19,0
detained without lawyer,95,"95. Power of the Deputy Speaker or other person to perform the duties of the office of, or to act as, Speaker",-0.26578339672088624,20,0
detained without lawyer,165,165. Advocate General for the State,-0.2913519119262695,21,0
detained without lawyer,349,"349. Special procedure for enactment of certain laws relating to language During the period of fifteen years from the commencement of this Constitution, no Bill or amendment making provision for the language to be used for any of the purposes mentioned in clause ( 1 ) of Article 348 shall be introduced or moved in either House of Parliament without the previous sanction of the President, and the President shall not give his sanction to the introduction of any such Bill or the moving of any such amendment except after he has taken into consideration the recommendations of the Commission constituted under clause ( 1 ) of Article 344 and the report of the Committee constituted under clause ( 4 ) of that article CHAPTER IV SPECIAL DIRECTIVES",-0.298564084815979,22,0
detained without lawyer,299,299. Contracts,-0.3261900724411011,23,0
detained without lawyer,31A,"31A. Saving of laws providing for acquisition of estates, etc ( 1 ) Notwithstanding anything contained in Article 13, no law providing for",-0.33099775466918946,24,0
detained without lawyer,76,76. Attorney General for India,-0.33481649017333986,25,0
detained without lawyer,59,59. Conditions of Presidents office,-0.35488504905700685,26,0
detained without lawyer,296,"296. Property accruing by escheat or lapse or as bona vacantia Subject as hereinafter provided any property in the territory of India which, if this Constitution had not come into operation, would have accrued to His Majesty or, as the case may be, to the Ruler of an Indian State by escheat or lapse, or as bona vacantia for want of a rightful owner, shall, if it is property situate in a State, vest in such State, and shall, in any other case, vest in the Union: Provided that any property which at the date when it wouldhave so accrued to His Majesty or to the Ruler of an Indian State was in the possession or under the control of the Government of India or the Government of a State shall, according as the purposes for which it was then used or held were purposes of the Union or a State, vest in the Union or in that State Explanation In the article, the expressions Ruler and Indian State have the same meanings as in Article 363",-0.37505003471374515,27,0
detained without lawyer,300,300. Suits and proceedings,-0.4136566772460938,28,0
detained without lawyer,361,361. A Protection of publication of proceedings of Parliament and State Legislature,-0.43145682964324955,29,0
detained without lawyer,158,158. Conditions of Governor office,-0.4561367858886719,30,0
detained without lawyer,363,"363. Bar to interference by courts in disputes arising out of certain treaties, agreements, etc",-0.4919694160461426,31,0
detained without lawyer,310,310. Tenure of office of persons serving the Union or a State,-0.5101281364440918,32,0
detained without lawyer,101,101. Vacation of seats,-0.689110221862793,33,0
detained without lawyer,361,361. Protection of President and Governors and Rajpramukhs,-0.6992931945800781,34,0
detained without lawyer,311,"311. Dismissal, removal or reduction in rank of persons employed in civil capacities under the Union or a State",-0.7067095458984375,35,0
detained without lawyer,356,356. Provisions in case of failure of constitutional machinery in State,-0.876790234375,36,0
detained without lawyer,359,359. Suspension of the enforcement of the rights conferred by Part III during emergencies,-1.0789678588867189,37,0
detained without lawyer,217,217. Appointment and conditions of the office of a Judge of a High Court,-1.0929275268554688,38,0
detained without lawyer,213,213. Power of Governor to promulgate Ordinances during recess of Legislature,-1.1545038299560548,39,0
detained without lawyer,371A,371A. Special provision with respect to the State of Nagaland,-2.5367020019531252,40,0
court writ powers,32,32. Remedies for enforcement of rights conferred by this Part,2.1010890625,1,1
court writ powers,139,"139. Conferment on the Supreme Court of powers to issue certain writs Parliament may by law confer on the Supreme Court power to issue directions, orders or writs, including writs in the nature of habeas corpus, mandamus, prohibition, quo warranto and certiorari, or any of them, for any purposes other than those mentioned in clause ( 2 ) of Article 32",0.83926875,2,0
court writ powers,226,226. Power of High Courts to issue certain writs,0.09264531249999997,3,0
court writ powers,215,215. High Courts to be courts of record Every High Court shall be a court of record and shall have all the powers of such a court including the power to punish for contempt of itself,-0.005966503906250004,4,0
court writ powers,129,129. Supreme Court to be a court of record The Supreme Court shall be a court of record and shall have all the powers of such a court including the power to punish for contempt of itself,-0.007932714843750008,5,0
court writ powers,137,"137. Review of judgments or orders by the Supreme Court Subject to the provisions of any law made by Parliament or any rules made under Article 145, the Supreme Court shall have power to review any judgment pronounced or order made by it",-0.01630878906250001,6,0
court writ powers,140,140. Ancillary powers of Supreme Court Parliament may by law make provision for conferring upon the Supreme Court such supplemental powers not inconsistent with any of the provisions of this Constitution as may appear to be necessary or desirable for the purpose of enabling the Court more effectively to exercise the jurisdiction conferred upon it by or under this Constitution,-0.02229375,7,0
court writ powers,135,"135. Jurisdiction and powers of the Federal Court under existing law to be exercisable by the Supreme Court Until Parliament by law otherwise provides, the Supreme Court shall also have jurisdiction and powers with respect to any matter to which the provisions of Article 133 or Article 134 do not apply if jurisdiction and powers in relation to that matter were exercisable by the Federal Court immediately before the commencement of this Constitution under any existing law",-0.07934326171875,8,0
court writ powers,248,248. Residuary powers of legislation,-0.10727521972656251,9,0
court writ powers,138,138. Enlargement of the jurisdiction of the Supreme Court,-0.12578779296875,10,0
court writ powers,126,"126. Appointment of acting Chief Justice When the office of Chief Justice of India is vacant or when the Chief Justice is, by reason or absence or otherwise, unable to perform the duties of his office, the duties of the office shall be performed by such one of the other Judges of the Court as the President may appoint for the purpose",-0.1317569580078125,11,0
court writ powers,223,"223. Appointment of acting Chief Justice When the office of Chief Justice of High Court is vacant or when any such Chief Justice is, by reason of absence or otherwise, unable to perform the duties of his office, the duties of the office shall be performed by such one of the other Judges of the Court as the President may appoint for the purposes",-0.13626758422851562,12,0
court writ powers,375,"375. Courts, authorities and officers to continue to function subject to the provisions of the Constitution All courts of civil, criminal and revenue jurisdiction, all authorities and all officers, judicial, executive and ministerial, throughout the territory of India, shall continue to exercise their respective functions subject to the provisions of this Constitution",-0.13726544189453127,13,0
court writ powers,161,"161. Power of Governor to grant pardons, etc, and to suspend, remit or commute sentences in certain cases The Governor of a State shall have the power to grant pardons, reprieves, respites or remissions of punishment or to suspend, remit or commute the sentence of any person convicted of any offence against any law relating to a matter to which the executive power of the State extends",-0.14116627197265627,14,0
court writ powers,136,136. Special leave to appeal by the Supreme Court,-0.19833298950195313,15,0
court writ powers,220,"220. Restriction on practice after being a permanent Judge No person who, after the commencement of this Constitution, has held office as a permanent Judge of a High Court shall plead or act in any court or before any authority in India except the Supreme Court and the other High Courts Explanation In this article, the expression High Court does not include a High Court for a State specified in Part B of the First Schedule as it existed before the commencement of the Constitution (seventh Amendment) Act, 1956",-0.20082781372070313,16,0
court writ powers,235,"235. Control over subordinate courts The control over district courts and courts subordinate thereto including the posting and promotion of, and the grant of leave to, persons belonging to the judicial service of a State and holding any post inferior to the post of district judge shall be vested in the High Court, but nothing in this article shall be construed as taking away from any such person any right of appeal which he may under the law regulating the conditions of his service or as authorising the High Court to deal with him otherwise than in accordance with the conditions of his service prescribed under such law",-0.242495947265625,17,0
court writ powers,230,230. Extension of jurisdiction of High Courts to Union territories,-0.24558477783203125,18,0
court writ powers,261,"261. Public acts, records and judicial proceedings Full faith and credit shall be given throughout the territory of India to public acts, records and judicial proceedings of the Union and of every State",-0.24582617797851564,19,0
court writ powers,298,"298. Power to carry on trade, etc The executive power of the Union and of each State shall extend to the carrying on of any trade or business and to the acquisition, holding and disposal of property and the making of contracts for any purpose: Provided that (a) the said executive power of the Union shall, in so far as such trade or business or such purpose is not one with respect to which Parliament may make laws, be subject in each State to legislation by the State; and",-0.27156513671875,20,0
court writ powers,142,"142. Enforcement of decrees and orders of Supreme Court and unless as to discovery, etc ( 1 ) The Supreme Court in the exercise of its jurisdiction may pass such decree or make such order as is necessary for doing complete justice in any cause or matter pending before it, and any decree so passed or orders so made shall be enforceable throughout the territory of India in such manner as may be prescribed by or under any law made by Parliament and, until provision in that behalf is so made, in such manner as the President may by order prescribe",-0.27792734375,21,0
court writ powers,72,"72. Power of President to grant pardons, etc, and to suspend, remit or commute sentences in certain cases",-0.28813525390625,22,0
court writ powers,134A,"134A. Certificate for appeal to the Supreme Court Every High Court, passing or making a judgment, decree, final order, or sentence, referred to in clause ( 1 ) of Article 132 or clause ( 1 ) of Article 133, or clause ( 1 ) of Article 134",-0.29935369873046874,23,0
court writ powers,224,"224. A Appointment of retired Judges at sittings of High Courts Notwithstanding anything in this Chapter, the Chief Justice of a High Court for any State may at any time, with the previous consent of the President, request any person who has held the office of Judge of that Court or of any other High Court to sit and act as a Judge of the High Court for that State, and every such person so requested shall, while so sitting and acting, be entitled to such allowances as the President may by order determine and have all the jurisdiction, powers and privileges of, but shall not otherwise be deemed to be, a Judge of that High Court: Provided that nothing in this article shall be deemed to require any such person as aforesaid to sit and act as a Judge of that High Court unless he consents so to do",-0.3106300170898438,24,0
court writ powers,227,227. Power of superintendence over all courts by the High Court,-0.31228515625000003,25,0
court writ powers,128,"128. Attendance of retired Judges at sittings of the Supreme Court Notwithstanding anything in this chapter, the Chief Justice of India may at any time, with the previous consent of the president, request any person who has held the office of a Judge of the Supreme Court or of the Federal Court or who has held the office of a Judge of a High Court and is duly qualified for appointment as a Judge of the Supreme Court to sit and act as a Judge of the Supreme Court, and every such person so requested shall, while so sitting and acting, be entitled to such allowances as the President may by order determine and have all the jurisdiction, powers and privileges of, but shall not otherwise be deemed to be, a Judge of that Court: Provided that nothing in this article shall be deemed to require any such person as aforesaid to sit and act as a Judge of that Court unless he consents so to do",-0.34916297607421876,26,0
court writ powers,225,"225. Jurisdiction of existing High Courts Subject to the provisions of this Constitution and to the provisions of any law of the appropriate Legislature made by virtue of powers conferred on that Legislature by this Constitution, the jurisdiction of, and the law administered in, any existing High Court, and the respective powers of the Judges thereof in relation to the administration of justice in the Court, including any power to make rules of Court and to regulate the sittings of the Court and of members thereof sitting alone or in Division Courts, shall be the same as immediately before the commencement of this Constitution: Provided that any restriction to which the exercise of original jurisdiction by any of the High Courts with respect to any matter concerning the revenue or concerning any act ordered or done in the collection thereof was subject immediately before the commencement of this Constitution shall no longer apply to the exercise of such jurisdiction",-0.355287353515625,27,0
court writ powers,131,"131. Original jurisdiction of the Supreme Court Subject to the provisions of this Constitution, the Supreme Court shall, to the exclusion of any other court, have original jurisdiction in any dispute",-0.3637618835449219,28,0
court writ powers,73,73. Extent of executive power of the Union,-0.41619592590332033,29,0
court writ powers,241,241. High Courts for Union territories,-0.431190283203125,30,0
court writ powers,258,"258. Power of the Union to confer powers, etc, on States in certain cases",-0.45003819580078125,31,0
court writ powers,369,"369. Temporary power to Parliament to make laws with respect to certain matters in the State List as if they were matters in the Concurrent List Notwithstanding anything in this Constitution, Parliament shall, during a period of five years from the commencement of this constitution, have power to make laws with respect to the following matters as if they were enumerated in the Concurrent List, namely:",-0.52295927734375,32,0
court writ powers,116,"116. Votes on account, votes of credit and exceptional grants",-0.5706675842285156,33,0
court writ powers,206,"206. Votes on account, votes of credit and exceptional grants",-0.5883711242675782,34,0
court writ powers,257,257. Control of the Union over States in certain cases,-0.695219906616211,35,0
court writ powers,323,"323. A Administrative tribunals Parliament may, by law, provide for the adjudication or trial by administrative tribunals of disputes and complaints with respect to recruitment and conditions of service of persons appointed to public services and posts in connection with the affairs of the Union or of any State or of any local or other authority within the territory of India or under the control of the Government of India or of any corporation owned or controlled by the Government",-0.781746142578125,36,0
court writ powers,374,"374. Provisions as to Judges of the Federal Court and proceedings pending in the Federal Court or before His Majesty in Council ( 1 ) The Judges of the Federal Court holding office immediately before the commencement of this Constitution shall, unless they have elected otherwise, become on such commencement the Judges of the Supreme Court and shall thereupon be entitled to such salaries and allowances and to such rights in respect of leave of absence and pension as are provided for under Article 125 in respect of the Judges of the Supreme Court",-0.8582409423828126,37,0
court writ powers,356,356. Provisions in case of failure of constitutional machinery in State,-0.8763095825195313,38,0
court writ powers,359,359. Suspension of the enforcement of the rights conferred by Part III during emergencies,-1.0713079467773439,39,0
court writ powers,145,"145. Rules of Court, etc",-1.1599217285156251,40,0
Article 21,21,21. Protection of life and personal liberty No person shall be deprived of his life or personal liberty except according to procedure established by law,1.92699296875,1,1
Article 21,16,16. Equality of opportunity in matters of public employment,0.47399663085937493,2,0
Article 21,22,22. Protection against arrest and detention in certain cases,0.04245115966796875,3,0
Article 21,257,257. A Assistance to States by deployment of armed forces or other forces of the Union Omitted,-0.024172265625,4,0
Article 21,19,19. Protection of certain rights regarding freedom of speech etc,-0.02685820312499998,5,0
Article 21,362,"362. Rights and privileges of Rulers of Indian States Rep by the Constitution (Twenty sixth Amendment) Act, 1971 ,",-0.03578096923828125,6,0
Article 21,291,"291. Privy purse sums of Rulers Rep by the Constitution (Twenty sixth Amendment) Act, 1971 , Section 2 CHAPTER II BORROWING",-0.045019091796875,7,0
Article 21,2A,"2A. Sikkim to be associated with the Union Rep by the Constitution Thirty six Amendment Act, 1975 , Section 5 (w e f 26 04 1975 )",-0.04695369873046875,8,0
Article 21,278,"278. Agreement with States in Part B of the First Schedule with regard to certain financial matters Rep by the Constitution (Seventh Amendment) Act, 1956 , Section 29 and Schedule",-0.06871036682128906,9,0
Article 21,314,"314. Provision for protection of existing officers of certain services Rep by the Constitution (Twenty eight Amendment) Act, 1972 , Section 3 (w e f 29 08 1972 ) CHAPTER II PUBLIC SERVICE COMMISSION",-0.07168123168945313,10,0
Article 21,331,"331. Representation of the Anglo Indian community in the Hose of the People Notwithstanding anything in Article 81, the President may, if he is of opinion that the Anglo Indian community is not adequately represented in the House of the people, nominate not more than two members of that community to the House of the People",-0.12693734130859374,11,0
Article 21,307,"307. Appointment of authority for carrying out the purposes of Articles 301 to 304 Parliament may by law appoint such authority as it considers appropriate for carrying out the purposes of Articles 301, 302, 303 and 304, and confer on the authority so appointed such powers and such duties as it thinks necessary PART XIV SERVICES UNDER THE UNION AND THE STATES CHAPTER I SERVICES",-0.1488891143798828,12,0
Article 21,373,"373. Power of President to make order in respect of persons under preventive detention in certain cases Until provision is made by Parliament under clause ( 7 ) of Article 22, or until the expiration of one year from the commencement of this Constitution, whichever is earlier, the said article shall have effect as if for any reference to Parliament in clauses ( 4 ) and ( 7 ) thereof there were substituted a reference to the Parliament in those clauses there were substituted a reference to an order made by the President",-0.190831689453125,13,0
Article 21,305,"305. Saving of existing laws and laws providing for State monopolies Nothing in Articles 301 and 303 shall affect the provisions of any existing law except in so far as the President may be order otherwise direct; and nothing in Article 301 shall affect the operation of any law made before the commencement of the Constitution (Fourth Amendment) Act, 1955 , in so far as it relates to, or prevent Parliament or the Legislature of a State from making any law relating to, any such matter as is referred to in sub clause (ii) of clause ( 6 ) of Article 19",-0.2172016540527344,14,0
Article 21,341,341. Scheduled Castes,-0.2942087463378906,15,0
Article 21,4,"4. Laws made under Articles 2 and 3 to provide for the amendment of the First and the Fourth Schedules and supplemental, incidental and consequential matters",-0.29626160888671876,16,0
Article 21,33,"33. Power of Parliament to modify the rights conferred by this Part in their application etc Parliament may, by law, determine to what extent any of the rights conferred by this Part shall, in their application to,",-0.3050888427734375,17,0
Article 21,31C,"31C. Saving of laws giving effect to certain directive principles Notwithstanding anything contained in Article 13, no law giving effect to the policy of the State towards securing all or any of the principles laid down in Part IV shall be deemed to be void on the ground that it is inconsistent with, or takes away or abridges any of the rights conferred by Article 14 or Article 19 and no law containing a declaration that it is for giving effect to such policy shall be called in question in any court on the ground that it does not give effect to such policy: Provided that where such law is made by the Legislature of a State, the provisions of this Article shall not apply thereto unless such law, having been reserved for the consideration of the President, has received his assent Right to Constitutional Remedies",-0.308855615234375,18,0
Article 21,367,367. Interpretation,-0.37171990966796875,19,0
Article 21,363,363. A Recognition granted to Rulers of Indian States to cease and privy purses to be abolished Notwithstanding anything in this Constitution or in any law for the time being in force,-0.3851727783203125,20,0
Article 21,25,"25. Freedom of conscience and free profession, practice and propagation of religion",-0.41075322265625,21,0
Article 21,51A,"51A. Fundamental duties It shall be the duty of every citizen of India (a) to abide by the Constitution and respect its ideals and institutions, the national Flag and the National Anthem;",-0.43581064453125007,22,0
Article 21,359,359. Suspension of the enforcement of the rights conferred by Part III during emergencies,-0.4497640625000001,23,0
Article 21,35,"35. Legislation to give effect to the provisions of this Part Notwithstanding anything in this Constitution,",-0.4965299896240235,24,0
Article 21,312,312. All India Services,-0.5032823181152344,25,0
Article 21,233,"233. A Validation of appointments of, and judgments, etc, delivered by, certain district judges Notwithstanding any judgment, decree or order of any court,",-0.5666316345214844,26,0
Article 21,323B,323B. Tribunals for other matters,-0.5803357299804688,27,0
Article 21,206,"206. Votes on account, votes of credit and exceptional grants",-0.5830953979492188,28,0
Article 21,81,81. Composition of the House of the People,-0.6066202392578125,29,0
Article 21,368,368. Power of Parliament to amend the Constitution and procedure therefor,-0.71067724609375,30,0
Article 21,55,55. Manner of election of President,-0.770417578125,31,0
Article 21,323,"323. A Administrative tribunals Parliament may, by law, provide for the adjudication or trial by administrative tribunals of disputes and complaints with respect to recruitment and conditions of service of persons appointed to public services and posts in connection with the affairs of the Union or of any State or of any local or other authority within the territory of India or under the control of the Government of India or of any corporation owned or controlled by the Government",-0.7947847778320313,32,0
Article 21,31A,"31A. Saving of laws providing for acquisition of estates, etc ( 1 ) Notwithstanding anything contained in Article 13, no law providing for",-0.812404443359375,33,0
Article 21,244A,244A. Formation of an autonomous State comprising certain tribal areas in Assam and creation of local Legislature or Council of Ministers or both therefor,-0.85823779296875,34,0
Article 21,352,352. Proclamation of Emergency,-0.9977090820312502,35,0
Article 21,312A,312A. Power of Parliament to vary or revoke conditions of service of officers of certain services,-1.1600632690429689,36,0
Article 21,231,231. Establishment of a common High Court for two or more States,-1.64393369140625,37,0
Article 21,241,241. High Courts for Union territories,-1.6454419921875,38,0
Article 21,371F,"371F. Special provisions with respect to the State of Sikkim Notwithstanding anything in this Constitution,",-2.31191298828125,39,0
Article 21,366,"366. Definition In this Constitution, unless the context otherwise requires, the following expressions have l, the meanings hereby respectively assigned to them, that is to say",-2.7567052978515627,40,0
Article 19 restrictions,21,21. Protection of life and personal liberty No person shall be deprived of his life or personal liberty except according to procedure established by law,0.9510255615234375,1,0
Article 19 restrictions,19,19. Protection of certain rights regarding freedom of speech etc,0.83031953125,2,1
Article 19 restrictions,22,22. Protection against arrest and detention in certain cases,0.0329525634765625,3,0
Article 19 restrictions,319,319. Prohibition as to the holding of offices by members of Commission on ceasing to be such members On ceasing to hold office,-0.030929687500000025,4,0
Article 19 restrictions,257,257. A Assistance to States by deployment of armed forces or other forces of the Union Omitted,-0.036344964599609376,5,0
Article 19 restrictions,302,"302. Power of Parliament to impose restrictions on trade, commerce and intercourse Parliament may by law impose such restrictions on the freedom of trade, commerce or intercourse between one State and another or within any part of the territory of India as may be required in the public interest",-0.04640576171875001,6,0
Article 19 restrictions,329,329. A Special provision as to elections to Parliament in the case of Prime Minister and Speaker Omitted PART XVI SPECIAL PROVISIONS RELATING TO CERTAIN CLASSES,-0.059189666748046876,7,0
Article 19 restrictions,191,191. Disqualifications for membership,-0.07450859375000002,8,0
Article 19 restrictions,300,"300. A Persons not to be deprived of property save by authority of law No person shall be deprived of his property save by authority of law PART XIII TRADE, COMMERCE AND INTERCOURSE WITHIN THE TERRITORY OF INDIA",-0.08269959869384766,9,0
Article 19 restrictions,121,121. Restriction on discussion in Parliament No discussions shall take place in Parliament with respect to the conduct of any Judge of the Supreme Court or of a High Court in the discharge of his duties expect upon a motion for presenting an address to the President praying for the removal of the Judge as hereinafter provided,-0.094453564453125,10,0
Article 19 restrictions,24,"24. Prohibition of employment of children in factories, etc No child below the age of fourteen years shall be employed to work in any factory or mine or engaged in any other hazardous employment Provided that nothing in this sub clause shall authorise the detention of any person beyond the maximum period prescribed by any law made by Parliament under sub clause (b) of clause ( 7 ); or such person is detained in accordance with the provisions of any law made by Parliament under sub clauses (a) and (b) of clause ( 7 )",-0.18624423828125,11,0
Article 19 restrictions,23,23. Prohibition of traffic in human beings and forced labour,-0.18676407470703127,12,0
Article 19 restrictions,373,"373. Power of President to make order in respect of persons under preventive detention in certain cases Until provision is made by Parliament under clause ( 7 ) of Article 22, or until the expiration of one year from the commencement of this Constitution, whichever is earlier, the said article shall have effect as if for any reference to Parliament in clauses ( 4 ) and ( 7 ) thereof there were substituted a reference to the Parliament in those clauses there were substituted a reference to an order made by the President",-0.20594933471679688,13,0
Article 19 restrictions,304,"304. Restrictions on trade, commerce and intercourse among States Notwithstanding anything in Article 301 or Article 303, the Legislature of a State may by law",-0.25497021484375,14,0
Article 19 restrictions,33,"33. Power of Parliament to modify the rights conferred by this Part in their application etc Parliament may, by law, determine to what extent any of the rights conferred by this Part shall, in their application to,",-0.28856357421875,15,0
Article 19 restrictions,349,"349. Special procedure for enactment of certain laws relating to language During the period of fifteen years from the commencement of this Constitution, no Bill or amendment making provision for the language to be used for any of the purposes mentioned in clause ( 1 ) of Article 348 shall be introduced or moved in either House of Parliament without the previous sanction of the President, and the President shall not give his sanction to the introduction of any such Bill or the moving of any such amendment except after he has taken into consideration the recommendations of the Commission constituted under clause ( 1 ) of Article 344 and the report of the Committee constituted under clause ( 4 ) of that article CHAPTER IV SPECIAL DIRECTIVES",-0.29572535400390626,16,0
Article 19 restrictions,4,"4. Laws made under Articles 2 and 3 to provide for the amendment of the First and the Fourth Schedules and supplemental, incidental and consequential matters",-0.29869920043945314,17,0
Article 19 restrictions,303,303. Restrictions on the legislative powers of the Union and of the States with regard to trade and commerce,-0.310657373046875,18,0
Article 19 restrictions,243Z,243Z. C Part not to apply to certain areas,-0.3203885681152344,19,0
Article 19 restrictions,15,"15. Prohibition of discrimination on grounds of religion, race, caste, sex or place of birth",-0.35081225585937503,20,0
Article 19 restrictions,286,286. Restrictions as to imposition of tax on the sale or purchase of goods,-0.3616373046875,21,0
Article 19 restrictions,367,367. Interpretation,-0.37396485900878906,22,0
Article 19 restrictions,197,197. Restriction on powers of Legislative Council as to Bills other than Money Bills,-0.3988980468750001,23,0
Article 19 restrictions,102,102. Disqualification s for membership,-0.4197188232421875,24,0
Article 19 restrictions,364,364. Special provisions as to major ports and aerodromes,-0.42618205566406253,25,0
Article 19 restrictions,117,117. Special provisions as to financial Bills,-0.47080056762695316,26,0
Article 19 restrictions,369,"369. Temporary power to Parliament to make laws with respect to certain matters in the State List as if they were matters in the Concurrent List Notwithstanding anything in this Constitution, Parliament shall, during a period of five years from the commencement of this constitution, have power to make laws with respect to the following matters as if they were enumerated in the Concurrent List, namely:",-0.5468697998046875,27,0
Article 19 restrictions,243M,243M. Part not to apply to certain areas,-0.6158373443603516,28,0
Article 19 restrictions,368,368. Power of Parliament to amend the Constitution and procedure therefor,-0.7965117492675782,29,0
Article 19 restrictions,360,360. Provisions as to financial emergency,-0.970025244140625,30,0
Article 19 restrictions,370,370. Temporary provisions with respect to the State of Jammu and Kashmir,-1.0427809509277344,31,0
Article 19 restrictions,359,359. Suspension of the enforcement of the rights conferred by Part III during emergencies,-1.0705297485351564,32,0
Article 19 restrictions,312A,312A. Power of Parliament to vary or revoke conditions of service of officers of certain services,-1.1653046630859376,33,0
Article 19 restrictions,305,"305. Saving of existing laws and laws providing for State monopolies Nothing in Articles 301 and 303 shall affect the provisions of any existing law except in so far as the President may be order otherwise direct; and nothing in Article 301 shall affect the operation of any law made before the commencement of the Constitution (Fourth Amendment) Act, 1955 , in so far as it relates to, or prevent Parliament or the Legislature of a State from making any law relating to, any such matter as is referred to in sub clause (ii) of clause ( 6 ) of Article 19",-1.2298275390625,34,0
Article 19 restrictions,31C,"31C. Saving of laws giving effect to certain directive principles Notwithstanding anything contained in Article 13, no law giving effect to the policy of the State towards securing all or any of the principles laid down in Part IV shall be deemed to be void on the ground that it is inconsistent with, or takes away or abridges any of the rights conferred by Article 14 or Article 19 and no law containing a declaration that it is for giving effect to such policy shall be called in question in any court on the ground that it does not give effect to such policy: Provided that where such law is made by the Legislature of a State, the provisions of this Article shall not apply thereto unless such law, having been reserved for the consideration of the President, has received his assent Right to Constitutional Remedies",-1.3447015625,35,0
Article 19 restrictions,207,207. Special provisions as to financial Bills,-1.6708316528320313,36,0
Article 19 restrictions,31A,"31A. Saving of laws providing for acquisition of estates, etc ( 1 ) Notwithstanding anything contained in Article 13, no law providing for",-1.9201498046875,37,0
Article 19 restrictions,358,358. Suspension of provisions of Article 19 during emergencies,-2.13944140625,38,0
Article 19 restrictions,371F,"371F. Special provisions with respect to the State of Sikkim Notwithstanding anything in this Constitution,",-2.306694482421875,39,0
Article 19 restrictions,371D,371D. Special provisions with respect to the state of Andhra Pradesh,-2.8887662719726563,40,0
Article 356 explanation,356,356. Provisions in case of failure of constitutional machinery in State,0.030192187499999967,1,1
Article 356 explanation,36,"36. Definition In this Part, unless the context otherwise requires, the State has the same meaning as in Part III",-0.037265429687500004,2,0
Article 356 explanation,226,226. A Constitutional validity of Central laws not to be considered in proceedings under Article 226 Omitted,-0.04254625625610352,3,0
Article 356 explanation,264,"264. Interpretation In this Part, Finance Commission means a Finance Commission constituted under Article 280",-0.04302302703857422,4,0
Article 356 explanation,329,329. A Special provision as to elections to Parliament in the case of Prime Minister and Speaker Omitted PART XVI SPECIAL PROVISIONS RELATING TO CERTAIN CLASSES,-0.06174742126464844,5,0
Article 356 explanation,306,"306. Power of certain States in Part B of the First Schedule to impose restrictions on trade and commerce Rep by the Constitution (Seventh Amendment) Act, 1956 , Section 29 and Schedule",-0.06648123168945314,6,0
Article 356 explanation,278,"278. Agreement with States in Part B of the First Schedule with regard to certain financial matters Rep by the Constitution (Seventh Amendment) Act, 1956 , Section 29 and Schedule",-0.07066730651855468,7,0
Article 356 explanation,394,"394. Commencement This article and Articles 5, 6, 7, 8, 9, 60, 324, 366, 367, 379, 380, 388, 391, 392 and 393 shall come into force at once, and the remaining provisions of this Constitution shall come into force on the twenty sixth day of January, 1950 , which day is referred to in this Constitution as the commencement of this Constitution",-0.13074989013671875,8,0
Article 356 explanation,373,"373. Power of President to make order in respect of persons under preventive detention in certain cases Until provision is made by Parliament under clause ( 7 ) of Article 22, or until the expiration of one year from the commencement of this Constitution, whichever is earlier, the said article shall have effect as if for any reference to Parliament in clauses ( 4 ) and ( 7 ) thereof there were substituted a reference to the Parliament in those clauses there were substituted a reference to an order made by the President",-0.2073569580078125,9,0
Article 356 explanation,147,"147. Interpretation In this Chapter and in Chapter V of Part VI references to any substantial question of law as to the interpretation of this Constitution shall be construed as including references to any substantial question of law as to the interpretation of the Government of India Act, 1935 (including any enactment amending or supplementing that Act), or of any Order in Council or order made thereunder, or of the Indian Independence Act, 1947 , or of any order made thereunder CHAPTER V COMPTROLLER AND AUDITOR GENERAL OF INDIA",-0.21188475036621096,10,0
Article 356 explanation,305,"305. Saving of existing laws and laws providing for State monopolies Nothing in Articles 301 and 303 shall affect the provisions of any existing law except in so far as the President may be order otherwise direct; and nothing in Article 301 shall affect the operation of any law made before the commencement of the Constitution (Fourth Amendment) Act, 1955 , in so far as it relates to, or prevent Parliament or the Legislature of a State from making any law relating to, any such matter as is referred to in sub clause (ii) of clause ( 6 ) of Article 19",-0.21902889404296877,11,0
Article 356 explanation,31B,"31B. Validation of certain Acts and Regulations Without prejudice to the generality of the provisions contained in Article 31A, none of the Acts and Regulations specified in the Ninth Schedule nor any of the provisions thereof shall be deemed to be void, or ever to have become void, on the ground that such Act, Regulation or provision is inconsistent with, or takes away or abridges any of the rights conferred by, any provisions of this Part, and notwithstanding any judgment, decree or order of any court or tribunal to the contrary, each of the said Acts and Regulations shall, subject to the power of any competent Legislature to repeal or amend it, continue in force",-0.26525560302734374,12,0
Article 356 explanation,4,"4. Laws made under Articles 2 and 3 to provide for the amendment of the First and the Fourth Schedules and supplemental, incidental and consequential matters",-0.29779893188476564,13,0
Article 356 explanation,134A,"134A. Certificate for appeal to the Supreme Court Every High Court, passing or making a judgment, decree, final order, or sentence, referred to in clause ( 1 ) of Article 132 or clause ( 1 ) of Article 133, or clause ( 1 ) of Article 134",-0.302504638671875,14,0
Article 356 explanation,296,"296. Property accruing by escheat or lapse or as bona vacantia Subject as hereinafter provided any property in the territory of India which, if this Constitution had not come into operation, would have accrued to His Majesty or, as the case may be, to the Ruler of an Indian State by escheat or lapse, or as bona vacantia for want of a rightful owner, shall, if it is property situate in a State, vest in such State, and shall, in any other case, vest in the Union: Provided that any property which at the date when it wouldhave so accrued to His Majesty or to the Ruler of an Indian State was in the possession or under the control of the Government of India or the Government of a State shall, according as the purposes for which it was then used or held were purposes of the Union or a State, vest in the Union or in that State Explanation In the article, the expressions Ruler and Indian State have the same meanings as in Article 363",-0.37073298950195316,15,0
Article 356 explanation,367,367. Interpretation,-0.37209947204589844,16,0
Article 356 explanation,372,372. A Power of the President to adapt laws,-0.3738752136230469,17,0
Article 356 explanation,392,392. Power of the President to remove difficulties,-0.39204060974121097,18,0
Article 356 explanation,336,336. Special provision for Anglo Indian community in certain services,-0.4120103820800781,19,0
Article 356 explanation,361,361. A Protection of publication of proceedings of Parliament and State Legislature,-0.42004909667968754,20,0
Article 356 explanation,371C,371C. Special provision with respect to the State of Manipur,-0.4206787628173828,21,0
Article 356 explanation,364,364. Special provisions as to major ports and aerodromes,-0.4315779449462891,22,0
Article 356 explanation,191,191. Disqualifications for membership,-0.48074714965820314,23,0
Article 356 explanation,35,"35. Legislation to give effect to the provisions of this Part Notwithstanding anything in this Constitution,",-0.48262351074218757,24,0
Article 356 explanation,312,312. All India Services,-0.5073278045654297,25,0
Article 356 explanation,369,"369. Temporary power to Parliament to make laws with respect to certain matters in the State List as if they were matters in the Concurrent List Notwithstanding anything in this Constitution, Parliament shall, during a period of five years from the commencement of this constitution, have power to make laws with respect to the following matters as if they were enumerated in the Concurrent List, namely:",-0.5540528747558594,26,0
Article 356 explanation,376,376. Provisions as to Judges of High Courts,-0.5585008361816407,27,0
Article 356 explanation,358,358. Suspension of provisions of Article 19 during emergencies,-0.6091218109130859,28,0
Article 356 explanation,368,368. Power of Parliament to amend the Constitution and procedure therefor,-0.8004618682861329,29,0
Article 356 explanation,31A,"31A. Saving of laws providing for acquisition of estates, etc ( 1 ) Notwithstanding anything contained in Article 13, no law providing for",-0.8245351806640625,30,0
Article 356 explanation,352,352. Proclamation of Emergency,-1.0018747314453127,31,0
Article 356 explanation,360,360. Provisions as to financial emergency,-1.0039874938964843,32,0
Article 356 explanation,370,370. Temporary provisions with respect to the State of Jammu and Kashmir,-1.0414953979492187,33,0
Article 356 explanation,359,359. Suspension of the enforcement of the rights conferred by Part III during emergencies,-1.0733449951171876,34,0
Article 356 explanation,312A,312A. Power of Parliament to vary or revoke conditions of service of officers of certain services,-1.1665558837890626,35,0
Article 356 explanation,372,372. Continuance in force of existing laws and their adaptation,-1.1745875122070313,36,0
Article 356 explanation,371A,371A. Special provision with respect to the State of Nagaland,-2.550183142089844,37,0
Article 356 explanation,366,"366. Definition In this Constitution, unless the context otherwise requires, the following expressions have l, the meanings hereby respectively assigned to them, that is to say",-2.7583990234375,38,0
Article 356 explanation,371D,371D. Special provisions with respect to the state of Andhra Pradesh,-2.8869123291015626,39,0
Article 356 explanation,357,357. Exercise of legislative powers under Proclamation issued under Article 356,-3.2959070312499996,40,0
Explain Article 14,14,"14. Equality before law The State shall not deny to any person equality before the law or the equal protection of the laws within the territory of India Prohibition of discrimination on grounds of religion, race, caste, sex or place of birth",1.83670546875,1,1
Explain Article 14,16,16. Equality of opportunity in matters of public employment,0.4614462768554687,2,0
Explain Article 14,314,"314. Provision for protection of existing officers of certain services Rep by the Constitution (Twenty eight Amendment) Act, 1972 , Section 3 (w e f 29 08 1972 ) CHAPTER II PUBLIC SERVICE COMMISSION",0.1535880859375,3,0
Explain Article 14,22,22. Protection against arrest and detention in certain cases,0.03175474853515625,4,0
Explain Article 14,1,1. The territories of the States; the Union territories specified in the First Schedule; and such other territories as may be acquired,-0.04587523803710938,5,0
Explain Article 14,19,19. Protection of certain rights regarding freedom of speech etc,-0.08175932617187498,6,0
Explain Article 14,307,"307. Appointment of authority for carrying out the purposes of Articles 301 to 304 Parliament may by law appoint such authority as it considers appropriate for carrying out the purposes of Articles 301, 302, 303 and 304, and confer on the authority so appointed such powers and such duties as it thinks necessary PART XIV SERVICES UNDER THE UNION AND THE STATES CHAPTER I SERVICES",-0.106803466796875,7,0
Explain Article 14,147,"147. Interpretation In this Chapter and in Chapter V of Part VI references to any substantial question of law as to the interpretation of this Constitution shall be construed as including references to any substantial question of law as to the interpretation of the Government of India Act, 1935 (including any enactment amending or supplementing that Act), or of any Order in Council or order made thereunder, or of the Indian Independence Act, 1947 , or of any order made thereunder CHAPTER V COMPTROLLER AND AUDITOR GENERAL OF INDIA",-0.15391088867187502,8,0
Explain Article 14,24,"24. Prohibition of employment of children in factories, etc No child below the age of fourteen years shall be employed to work in any factory or mine or engaged in any other hazardous employment Provided that nothing in this sub clause shall authorise the detention of any person beyond the maximum period prescribed by any law made by Parliament under sub clause (b) of clause ( 7 ); or such person is detained in accordance with the provisions of any law made by Parliament under sub clauses (a) and (b) of clause ( 7 )",-0.191218603515625,9,0
Explain Article 14,305,"305. Saving of existing laws and laws providing for State monopolies Nothing in Articles 301 and 303 shall affect the provisions of any existing law except in so far as the President may be order otherwise direct; and nothing in Article 301 shall affect the operation of any law made before the commencement of the Constitution (Fourth Amendment) Act, 1955 , in so far as it relates to, or prevent Parliament or the Legislature of a State from making any law relating to, any such matter as is referred to in sub clause (ii) of clause ( 6 ) of Article 19",-0.21899837646484377,10,0
Explain Article 14,4,"4. Laws made under Articles 2 and 3 to provide for the amendment of the First and the Fourth Schedules and supplemental, incidental and consequential matters",-0.2912490966796875,11,0
Explain Article 14,349,"349. Special procedure for enactment of certain laws relating to language During the period of fifteen years from the commencement of this Constitution, no Bill or amendment making provision for the language to be used for any of the purposes mentioned in clause ( 1 ) of Article 348 shall be introduced or moved in either House of Parliament without the previous sanction of the President, and the President shall not give his sanction to the introduction of any such Bill or the moving of any such amendment except after he has taken into consideration the recommendations of the Commission constituted under clause ( 1 ) of Article 344 and the report of the Committee constituted under clause ( 4 ) of that article CHAPTER IV SPECIAL DIRECTIVES",-0.2966008270263672,12,0
Explain Article 14,367,367. Interpretation,-0.3725038299560547,13,0
Explain Article 14,274,274. Prior recommendation of President required to Bills affecting taxation in which States are interested,-0.3952665283203125,14,0
Explain Article 14,371C,371C. Special provision with respect to the State of Manipur,-0.4100109619140625,15,0
Explain Article 14,364,364. Special provisions as to major ports and aerodromes,-0.42732646484375003,16,0
Explain Article 14,13,13. Laws inconsistent with or in derogation of the fundamental rights,-0.43867034912109376,17,0
Explain Article 14,241,241. High Courts for Union territories,-0.4436567138671875,18,0
Explain Article 14,191,191. Disqualifications for membership,-0.4772643310546875,19,0
Explain Article 14,35,"35. Legislation to give effect to the provisions of this Part Notwithstanding anything in this Constitution,",-0.4907640747070313,20,0
Explain Article 14,3,"3. Formation of new States and alteration of areas, boundaries or names of existing States: Parliament may by law",-0.503557568359375,21,0
Explain Article 14,61,61. Procedure for impeachment of the President,-0.5047259277343751,22,0
Explain Article 14,369,"369. Temporary power to Parliament to make laws with respect to certain matters in the State List as if they were matters in the Concurrent List Notwithstanding anything in this Constitution, Parliament shall, during a period of five years from the commencement of this constitution, have power to make laws with respect to the following matters as if they were enumerated in the Concurrent List, namely:",-0.5526605102539063,23,0
Explain Article 14,115,"115. Supplementary, additional or excess grants",-0.5545766235351562,24,0
Explain Article 14,358,358. Suspension of provisions of Article 19 during emergencies,-0.6093793029785156,25,0
Explain Article 14,110,110. Definition of Money Bill,-0.7837989318847657,26,0
Explain Article 14,368,368. Power of Parliament to amend the Constitution and procedure therefor,-0.7909766235351563,27,0
Explain Article 14,323,"323. A Administrative tribunals Parliament may, by law, provide for the adjudication or trial by administrative tribunals of disputes and complaints with respect to recruitment and conditions of service of persons appointed to public services and posts in connection with the affairs of the Union or of any State or of any local or other authority within the territory of India or under the control of the Government of India or of any corporation owned or controlled by the Government",-0.7978975708007813,28,0
Explain Article 14,112,112. Annual financial statement,-0.8293090454101563,29,0
Explain Article 14,244A,244A. Formation of an autonomous State comprising certain tribal areas in Assam and creation of local Legislature or Council of Ministers or both therefor,-0.8787608642578125,30,0
Explain Article 14,360,360. Provisions as to financial emergency,-0.9978267578125,31,0
Explain Article 14,352,352. Proclamation of Emergency,-1.0011575683593752,32,0
Explain Article 14,31C,"31C. Saving of laws giving effect to certain directive principles Notwithstanding anything contained in Article 13, no law giving effect to the policy of the State towards securing all or any of the principles laid down in Part IV shall be deemed to be void on the ground that it is inconsistent with, or takes away or abridges any of the rights conferred by Article 14 or Article 19 and no law containing a declaration that it is for giving effect to such policy shall be called in question in any court on the ground that it does not give effect to such policy: Provided that where such law is made by the Legislature of a State, the provisions of this Article shall not apply thereto unless such law, having been reserved for the consideration of the President, has received his assent Right to Constitutional Remedies",-1.026586328125,33,0
Explain Article 14,312A,312A. Power of Parliament to vary or revoke conditions of service of officers of certain services,-1.05863046875,34,0
Explain Article 14,372,372. Continuance in force of existing laws and their adaptation,-1.1639139892578125,35,0
Explain Article 14,31A,"31A. Saving of laws providing for acquisition of estates, etc ( 1 ) Notwithstanding anything contained in Article 13, no law providing for",-1.85728359375,36,0
Explain Article 14,366,"366. Definition In this Constitution, unless the context otherwise requires, the following expressions have l, the meanings hereby respectively assigned to them, that is to say",-2.735724462890625,37,0
Explain Article 14,371D,371D. Special provisions with respect to the state of Andhra Pradesh,-2.86535166015625,38,0
Explain Article 14,371F,"371F. Special provisions with respect to the State of Sikkim Notwithstanding anything in this Constitution,",-3.5151478515625003,39,0
Explain Article 14,145,"145. Rules of Court, etc",-3.547836767578125,40,0
reservation,22,22. Protection against arrest and detention in certain cases,0.538705126953125,1,0
reservation,334,"334. Reservation of seats and special representation to cease after forty years Notwithstanding anything in the foregoing provisions of this Part, the provisions of Constitution relating to",0.40992265624999996,2,0
reservation,29,29. Protection of interests of minorities,0.33578798217773437,3,0
reservation,243T,243T. Reservation of seats,0.13953749999999998,4,0
reservation,332,332. Reservation of seats for Scheduled Castes and Scheduled Tribes in the Legislative Assemblies of the States,0.10815937499999995,5,0
reservation,15,"15. Prohibition of discrimination on grounds of religion, race, caste, sex or place of birth",0.08979576873779294,6,0
reservation,238,"238. Omitted by the Constitution 7 th Amendment Act, 1956 PART VIII THE UNION TERRITORIES",-0.03441649017333984,7,0
reservation,257,257. A Assistance to States by deployment of armed forces or other forces of the Union Omitted,-0.03677697906494141,8,0
reservation,242,"242. Coorg Rep by the Constitution (Seventh Amendment) Act, 1956 , Section 29 and Schedule PART IX THE PANCHAYATS",-0.045099268150329594,9,0
reservation,291,"291. Privy purse sums of Rulers Rep by the Constitution (Twenty sixth Amendment) Act, 1971 , Section 2 CHAPTER II BORROWING",-0.04819578094482422,10,0
reservation,1,1. The territories of the States; the Union territories specified in the First Schedule; and such other territories as may be acquired,-0.05209319458007813,11,0
reservation,329,329. A Special provision as to elections to Parliament in the case of Prime Minister and Speaker Omitted PART XVI SPECIAL PROVISIONS RELATING TO CERTAIN CLASSES,-0.06358276748657227,12,0
reservation,314,"314. Provision for protection of existing officers of certain services Rep by the Constitution (Twenty eight Amendment) Act, 1972 , Section 3 (w e f 29 08 1972 ) CHAPTER II PUBLIC SERVICE COMMISSION",-0.07790586395263673,13,0
reservation,244,244. Administration of Scheduled Areas and Tribal Areas,-0.10234197082519532,14,0
reservation,49,"49. Protection of monuments and places and objects of national importance It shall be the obligation of the State to protect every monument or place or object of artistic or historic interests, declared by or under law made by Parliament to be of national importance, from spoliation, disfigurement, destruction, removal, disposal or export, as the case may be",-0.14227957153320314,15,0
reservation,335,"335. Claims of Scheduled Castes and Scheduled Tribes to services and posts The claims of the members of the Scheduled Castes and the Scheduled Tribes shall be taken into consideration, consistently with the maintenance of efficiency of administration, in the making of appointments to services and posts in connection with the affairs of the Union or of a State",-0.14356696548461914,16,0
reservation,243D,243D. Reservation of seats,-0.14479062500000006,17,0
reservation,330,330. Reservation of seats for Scheduled Castes and Scheduled Tribes in the House of the People,-0.19032265625,18,0
reservation,136,136. Special leave to appeal by the Supreme Court,-0.20131608276367188,19,0
reservation,201,"201. Bill reserved for consideration When a Bill is reserved by a Governor for the consideration of the President, the President shall declare either that he assents to the Bill or that he withholds assent therefrom: Provided that, where the Bill is not a Money Bill, the President may direct the Governor to return the Bill to the House or, as the case may be, the Houses of the Legislature of the State together with such a message as it mentioned in the first proviso to Article 200 and, when a Bill is so returned, the House or Houses shall reconsider it accordingly within a period of six months from the date of receipt of such message and, if it is again passed by the House or Houses with or without amendment, it shall be presented again to the President for his consideration Procedure in Financial Matters",-0.21897812500000002,20,0
reservation,243O,243O. Bar to interference by courts in electoral matters Notwithstanding anything in this Constitution,-0.22381758270263674,21,0
reservation,243Z,"243Z. G Bar to interference by courts in electoral matters Notwithstanding anything in this Constitution,",-0.23026758422851565,22,0
reservation,336,336. Special provision for Anglo Indian community in certain services,-0.2449380859375,23,0
reservation,297,297. Things of value within territorial waters or continental shelf and resources of the exclusive economic zone to vest in the Union,-0.27703002929687504,24,0
reservation,341,341. Scheduled Castes,-0.2973596862792969,25,0
reservation,339,339. Control of the Union over the administration of Scheduled Areas and the welfare of Scheduled Tribes,-0.30805560302734375,26,0
reservation,31A,"31A. Saving of laws providing for acquisition of estates, etc ( 1 ) Notwithstanding anything contained in Article 13, no law providing for",-0.31853084716796876,27,0
reservation,243Z,243Z. C Part not to apply to certain areas,-0.31968857116699223,28,0
reservation,342,342. Scheduled Tribes,-0.3318959167480469,29,0
reservation,338,"338. Special Officer for Scheduled Castes, Scheduled Tribes etc",-0.3476743988037109,30,0
reservation,296,"296. Property accruing by escheat or lapse or as bona vacantia Subject as hereinafter provided any property in the territory of India which, if this Constitution had not come into operation, would have accrued to His Majesty or, as the case may be, to the Ruler of an Indian State by escheat or lapse, or as bona vacantia for want of a rightful owner, shall, if it is property situate in a State, vest in such State, and shall, in any other case, vest in the Union: Provided that any property which at the date when it wouldhave so accrued to His Majesty or to the Ruler of an Indian State was in the possession or under the control of the Government of India or the Government of a State shall, according as the purposes for which it was then used or held were purposes of the Union or a State, vest in the Union or in that State Explanation In the article, the expressions Ruler and Indian State have the same meanings as in Article 363",-0.37208911437988285,31,0
reservation,364,364. Special provisions as to major ports and aerodromes,-0.43147876281738284,32,0
reservation,243Q,243Q. Constitution of Municipalities,-0.48296389923095706,33,0
reservation,310,310. Tenure of office of persons serving the Union or a State,-0.5090318878173828,34,0
reservation,243M,243M. Part not to apply to certain areas,-0.6087935058593751,35,0
reservation,352,352. Proclamation of Emergency,-1.006978796386719,36,0
reservation,359,359. Suspension of the enforcement of the rights conferred by Part III during emergencies,-1.0765989318847657,37,0
reservation,371F,"371F. Special provisions with respect to the State of Sikkim Notwithstanding anything in this Constitution,",-2.3289875732421876,38,0
reservation,371A,371A. Special provision with respect to the State of Nagaland,-2.5418747314453127,39,0
reservation,366,"366. Definition In this Constitution, unless the context otherwise requires, the following expressions have l, the meanings hereby respectively assigned to them, that is to say",-2.7585973876953127,40,0
jobs equality,16,16. Equality of opportunity in matters of public employment,1.50442265625,1,1
jobs equality,14,"14. Equality before law The State shall not deny to any person equality before the law or the equal protection of the laws within the territory of India Prohibition of discrimination on grounds of religion, race, caste, sex or place of birth",1.4198811279296875,2,0
jobs equality,19,19. Protection of certain rights regarding freedom of speech etc,0.37523377685546877,3,0
jobs equality,23,23. Prohibition of traffic in human beings and forced labour,0.3049303756713867,4,0
jobs equality,30,30. Right of minorities to establish and administer educational institutions,0.1718801418304443,5,0
jobs equality,15,"15. Prohibition of discrimination on grounds of religion, race, caste, sex or place of birth",0.09118527221679684,6,0
jobs equality,42,42. Provision for just and humane conditions of work and maternity relief The State shall make provision for securing just and humane conditions of work and for maternity relief,-0.06124036865234375,7,0
jobs equality,43,"43. A Participation of workers in management of industries The State shall take steps, by suitable legislation or in any other way, to secure the participation of workers in the management of undertakings, establishments or other organisations engaged in any industry",-0.10297576599121094,8,0
jobs equality,41,"41. Right to work, to education and to public assistance in certain cases The State shall, within the limits of its economic capacity and development, make effective provision for securing the right to work, to education and to public assistance in cases of unemployment, old age, sickness and disablement, and in other cases of undeserved want",-0.13354497680664063,9,0
jobs equality,335,"335. Claims of Scheduled Castes and Scheduled Tribes to services and posts The claims of the members of the Scheduled Castes and the Scheduled Tribes shall be taken into consideration, consistently with the maintenance of efficiency of administration, in the making of appointments to services and posts in connection with the affairs of the Union or of a State",-0.14324414672851563,10,0
jobs equality,39A,39. A Equal justice and free legal aid,-0.1500024627685547,11,0
jobs equality,46,"46. Promotion of educational and economic interests of Scheduled Castes, Scheduled Tribes and other weaker sections The State shall promote with special care the educational and economic interests of the weaker sections of the people, and, in particular, of the Scheduled Castes and the Scheduled Tribes, and shall protect them from social injustice and all forms of exploitation",-0.1500569549560547,12,0
jobs equality,43,"43. Living wage, etc, for workers The State shall endeavour to secure, by suitable legislation or economic organisation or in any other way, to all workers, agricultural, industrial or otherwise, work, a living wage, conditions of work ensuring a decent standard of life and full enjoyment of leisure and social and cultural opportunities and, in particular, the State shall endeavour to promote cottage industries on an individual or co operative basis in rural areas",-0.1816000244140625,13,0
jobs equality,325,"325. No person to be ineligible for inclusion in, or to claim to be included in a special, electoral roll on grounds of religion, race, caste or sex There shall be one general electoral roll for every territorial constituency for election to either House of Parliament or to the House or either House of the Legislature of a State and no person shall be ineligible for inclusion in any such roll or claim to be included in any special electoral roll for any such constituency on grounds only of religion, race, caste, sex or any of them",-0.21194714965820313,14,0
jobs equality,38,38. State to secure a social order for the promotion of welfare of the people,-0.23818366088867188,15,0
jobs equality,303,303. Restrictions on the legislative powers of the Union and of the States with regard to trade and commerce,-0.34436976013183596,16,0
jobs equality,98,98. Secretariat of Parliament,-0.35269060516357426,17,0
jobs equality,39,"39. Certain principles of policy to be followed by the State: The State shall, in particular, direct its policy towards securing",-0.37397290039062503,18,0
jobs equality,309,"309. Recruitment and conditions of service of persons serving the Union or a State Subject to the provisions of this Constitution, Acts of the appropriate Legislature may regulate the recruitment, and conditions of service of persons appointed, to public services and posts in connection with the affairs of the Union or of any State: Provided that it shall be competent for the President or such person as he may direct in the case of services and posts in connection with the affairs of the Union, and for the Governor of a State or such person as he may direct in the case of services and posts in connection with the affairs of the State, to make rules regulating the recruitment, and the conditions of service of persons appointed, to such services and posts until provision in that behalf is made by or under an Act of the appropriate Legislature under this article, and any rules so made shall have effect subject to the provisions of any such Act",-0.3782106414794922,19,0
jobs equality,336,336. Special provision for Anglo Indian community in certain services,-0.41566295471191406,20,0
jobs equality,340,340. Appointment of a Commission to investigate the conditions of backward classes,-0.43833243408203126,21,0
jobs equality,164,164. Other provisions as to Ministers,-0.4852119995117188,22,0
jobs equality,312,312. All India Services,-0.5069253540039063,23,0
jobs equality,369,"369. Temporary power to Parliament to make laws with respect to certain matters in the State List as if they were matters in the Concurrent List Notwithstanding anything in this Constitution, Parliament shall, during a period of five years from the commencement of this constitution, have power to make laws with respect to the following matters as if they were enumerated in the Concurrent List, namely:",-0.5561557266235352,24,0
jobs equality,376,376. Provisions as to Judges of High Courts,-0.5619135597229005,25,0
jobs equality,233,"233. A Validation of appointments of, and judgments, etc, delivered by, certain district judges Notwithstanding any judgment, decree or order of any court,",-0.5714486434936523,26,0
jobs equality,332,332. Reservation of seats for Scheduled Castes and Scheduled Tribes in the Legislative Assemblies of the States,-0.5848154308319092,27,0
jobs equality,270,270. Taxes levied and collected by the Union and distributed between the Union and the States,-0.6288794326782227,28,0
jobs equality,276,"276. Taxes on professions, trades, callings and employments",-0.629775765991211,29,0
jobs equality,243T,243T. Reservation of seats,-0.6949332489013672,30,0
jobs equality,330,330. Reservation of seats for Scheduled Castes and Scheduled Tribes in the House of the People,-0.698966283416748,31,0
jobs equality,311,"311. Dismissal, removal or reduction in rank of persons employed in civil capacities under the Union or a State",-0.7070519149780273,32,0
jobs equality,374,"374. Provisions as to Judges of the Federal Court and proceedings pending in the Federal Court or before His Majesty in Council ( 1 ) The Judges of the Federal Court holding office immediately before the commencement of this Constitution shall, unless they have elected otherwise, become on such commencement the Judges of the Supreme Court and shall thereupon be entitled to such salaries and allowances and to such rights in respect of leave of absence and pension as are provided for under Article 125 in respect of the Judges of the Supreme Court",-0.8698795837402344,33,0
jobs equality,243C,243C. Composition of Panchayats,-0.9149658729553223,34,0
jobs equality,324,"324. Superintendence, direction and control of elections to be vested in an Election Commission",-0.9817602701187135,35,0
jobs equality,243D,243D. Reservation of seats,-0.9924278015136719,36,0
jobs equality,312A,312A. Power of Parliament to vary or revoke conditions of service of officers of certain services,-1.165575506591797,37,0
jobs equality,269,269. Taxes levied and collected by the union but assigned to the States,-1.280367333984375,38,0
jobs equality,320,320. Functions of Public Service Commissions,-1.3776283813476564,39,0
jobs equality,371D,371D. Special provisions with respect to the state of Andhra Pradesh,-2.81054208984375,40,0
religious institution management,26,"26. Freedom to manage religious affairs Subject to public order, morality and health, every religious denomination or any section thereof shall have the right",1.23084296875,1,1
religious institution management,30,30. Right of minorities to establish and administer educational institutions,0.517303125,2,0
religious institution management,28,28. Freedom as to attendance at religious instruction or religious worship in certain educational institutions,0.40808164062499996,3,0
religious institution management,27,"27. Freedom as to payment of taxes for promotion of any particular religion No person shall be compelled to pay any taxes, the proceeds of which are specifically appropriated in payment of expenses for the promotion or maintenance of any particular religion or religions denomination",0.39065475158691404,4,0
religious institution management,29,29. Protection of interests of minorities,0.3489906494140625,5,0
religious institution management,25,"25. Freedom of conscience and free profession, practice and propagation of religion",0.17292597656249997,6,0
religious institution management,243J,"243J. Audit of accounts of Panchayats The Legislature of a State may, by law, make provisions with respect to the maintenance of accounts by the Panchayats and the auditing of such accounts",-0.07556781349182129,7,0
religious institution management,244,244. Administration of Scheduled Areas and Tribal Areas,-0.10431315603256226,8,0
religious institution management,43,"43. A Participation of workers in management of industries The State shall take steps, by suitable legislation or in any other way, to secure the participation of workers in the management of undertakings, establishments or other organisations engaged in any industry",-0.10576812438964844,9,0
religious institution management,48,"48. Organisation of agriculture and animal husbandry The State shall endeavour to organise agriculture and animal husbandry on modern and scientific lines and shall, in particular, take steps for preserving and improving the breeds, and prohibiting the slaughter, of cows and calves and other milch and draught cattle",-0.126783549118042,10,0
religious institution management,375,"375. Courts, authorities and officers to continue to function subject to the provisions of the Constitution All courts of civil, criminal and revenue jurisdiction, all authorities and all officers, judicial, executive and ministerial, throughout the territory of India, shall continue to exercise their respective functions subject to the provisions of this Constitution",-0.14790236759185793,11,0
religious institution management,350,350. A Facilities for instruction in mother tongue at primary stage It shall be the endeavour of every State and of every local authority within the State to provide adequate facilities for instruction in the mother tongue at the primary stage of education to children belonging to linguistic minority groups; and the President may issue such directions to any State as he considers necessary or proper for securing the provision of such facilities,-0.17911178512573242,12,0
religious institution management,350,350. B Special Officer for linguistic minorities,-0.2286706579208374,13,0
religious institution management,239,239. Administration of Union territories,-0.22870463256835938,14,0
religious institution management,235,"235. Control over subordinate courts The control over district courts and courts subordinate thereto including the posting and promotion of, and the grant of leave to, persons belonging to the judicial service of a State and holding any post inferior to the post of district judge shall be vested in the High Court, but nothing in this article shall be construed as taking away from any such person any right of appeal which he may under the law regulating the conditions of his service or as authorising the High Court to deal with him otherwise than in accordance with the conditions of his service prescribed under such law",-0.25038104572296144,15,0
religious institution management,119,"119. Regulation by law of procedure in Parliament in relation to financial business Parliament may, for the purpose of the timely completion of financial business, regulate by law the procedure of, and the conduct of business in, each House of Parliament in relation to any financial matter or to any Bill for the appropriation of moneys out of the consolidated Fund of India, and, if and so far as any provision of any law so made is inconsistent with any rule made by a House of Parliament under clause ( 1 ) of Article 118 or with any rule or standing order having effect in relation to Parliament under clause ( 2 ) of that article, such provision shall prevail",-0.26597806549072267,16,0
religious institution management,339,339. Control of the Union over the administration of Scheduled Areas and the welfare of Scheduled Tribes,-0.3118452663421631,17,0
religious institution management,371G,"371G. Special provision with respect to the State of Mizoram Notwithstanding anything in this Constitution,",-0.313235986328125,18,0
religious institution management,209,"209. Regulation by law of procedure in the Legislature of the State in relation to financial business The Legislature of a State may, for the purpose of the timely completion of financial business, regulate by law the procedure of, and the conduct of business in, the House or Houses of the Legislature of the State in relation to any financial matter or to any Bill for the appropriation of moneys out of the Consolidated Fund of the State, and, if and so far as any provision of any law so made is inconsistent with any rule made by the House or either House of the Legislature of the State under clause ( 1 ) of article 208 or with any rule or standing order having effect in relation to the Legislature of the State under clause ( 2 ) of that article, such provision shall prevail",-0.31357001886367797,19,0
religious institution management,31A,"31A. Saving of laws providing for acquisition of estates, etc ( 1 ) Notwithstanding anything contained in Article 13, no law providing for",-0.3315151825904846,20,0
religious institution management,263,263. Provisions with respect to an inter State Council If any any time it appears to the President that the public interests would be served by the establishment of a Council charged with the duty of,-0.33662321262359624,21,0
religious institution management,98,98. Secretariat of Parliament,-0.3539538660049439,22,0
religious institution management,371,371. Special provision with respect to the States of Maharashtra and Gujarat,-0.37952746114730834,23,0
religious institution management,309,"309. Recruitment and conditions of service of persons serving the Union or a State Subject to the provisions of this Constitution, Acts of the appropriate Legislature may regulate the recruitment, and conditions of service of persons appointed, to public services and posts in connection with the affairs of the Union or of any State: Provided that it shall be competent for the President or such person as he may direct in the case of services and posts in connection with the affairs of the Union, and for the Governor of a State or such person as he may direct in the case of services and posts in connection with the affairs of the State, to make rules regulating the recruitment, and the conditions of service of persons appointed, to such services and posts until provision in that behalf is made by or under an Act of the appropriate Legislature under this article, and any rules so made shall have effect subject to the provisions of any such Act",-0.38151971254348754,24,0
religious institution management,337,"337. Special provision with respect to educational grants for the benefit of Anglo Indian community During the first three financial years after the commencement of this Constitution, the same grants, if any, shall be made by the Union and by each State for the benefit of the Anglo Indian community in respect of education as were made in the financial year ending on the thirty first day of March, 1948 During every succeeding period of three years the grants may be less by ten per cent than those for the immediately preceding period of three years: Provided that at the end of ten years from the commencement of this Constitution such grants, to the extent to which they are a special concession to the Anglo Indian community, shall cease: Provided further that no educational institution shall be entitled to receive any grant under this article unless at least forty per cent of annual admissions therein are made available to members of communities other than the Anglo Indian community",-0.3974089075088501,25,0
religious institution management,336,336. Special provision for Anglo Indian community in certain services,-0.4182676776885986,26,0
religious institution management,280,280. Finance Commission,-0.4227791979789734,27,0
religious institution management,243Y,243Y. Finance Commission,-0.4643720454216004,28,0
religious institution management,164,164. Other provisions as to Ministers,-0.4874911023139954,29,0
religious institution management,283,"283. Custody, etc of Consolidated Funds, Contingency Funds and moneys credited to the public accounts",-0.528619040298462,30,0
religious institution management,243I,243I. Constitution of finance Commissions to review financial position,-0.697565488910675,31,0
religious institution management,317,317. Removal and suspension of a member of a Public Service Commission,-0.7591279975891113,32,0
religious institution management,323,"323. A Administrative tribunals Parliament may, by law, provide for the adjudication or trial by administrative tribunals of disputes and complaints with respect to recruitment and conditions of service of persons appointed to public services and posts in connection with the affairs of the Union or of any State or of any local or other authority within the territory of India or under the control of the Government of India or of any corporation owned or controlled by the Government",-0.8027939731597901,33,0
religious institution management,239B,239B. Power of administrator to promulgate Ordinances during recess of Legislature,-0.8196540546417237,34,0
religious institution management,243Z,243Z. E Committee for Metropolitan Planning,-0.8813997283935547,35,0
religious institution management,344,344. Commission and Committee of Parliament on official language,-0.9029386932373047,36,0
religious institution management,360,360. Provisions as to financial emergency,-1.0102488426208496,37,0
religious institution management,320,320. Functions of Public Service Commissions,-1.3872018409729006,38,0
religious institution management,371A,371A. Special provision with respect to the State of Nagaland,-2.5468033203125002,39,0
religious institution management,371D,371D. Special provisions with respect to the state of Andhra Pradesh,-2.896887762451172,40,0
religious tax payment,27,"27. Freedom as to payment of taxes for promotion of any particular religion No person shall be compelled to pay any taxes, the proceeds of which are specifically appropriated in payment of expenses for the promotion or maintenance of any particular religion or religions denomination",1.18611640625,1,1
religious tax payment,26,"26. Freedom to manage religious affairs Subject to public order, morality and health, every religious denomination or any section thereof shall have the right",0.3382839172363281,2,0
religious tax payment,30,30. Right of minorities to establish and administer educational institutions,0.17243589553833005,3,0
religious tax payment,28,28. Freedom as to attendance at religious instruction or religious worship in certain educational institutions,0.13564454498291012,4,0
religious tax payment,15,"15. Prohibition of discrimination on grounds of religion, race, caste, sex or place of birth",0.08915108489990231,5,0
religious tax payment,25,"25. Freedom of conscience and free profession, practice and propagation of religion",0.07148363952636716,6,0
religious tax payment,265,265. Taxes not to be imposed save by authority of law No tax shall be levied or collected except by authority of law,-0.04581158294677735,7,0
religious tax payment,278,"278. Agreement with States in Part B of the First Schedule with regard to certain financial matters Rep by the Constitution (Seventh Amendment) Act, 1956 , Section 29 and Schedule",-0.07147566471099853,8,0
religious tax payment,271,"271. Surcharge on certain duties and taxes for purposes of the Union Notwithstanding anything in Articles 269 and 270, Parliament may at any time increase any of the duties or taxes referred in those articles by a surcharge for purposes of the Union and the whole proceeds of any such surcharge shall form part the Consolidated Fund of India",-0.1355474151611328,9,0
religious tax payment,277,"277. Savings Any taxes, duties, cesses or fees which, immediately before the commencement of this Constitution, were being lawfully levied by the Government of any State or by any municipality or other local authority or body for the purposes of the State, municipality, district or other local area may, notwithstanding that those taxes, duties, cesses or fees are mentioned in the Union List, continue to be levied and to be applied to the same purposes until provision to the contrary is made by Parliament by law",-0.20504864349365234,10,0
religious tax payment,325,"325. No person to be ineligible for inclusion in, or to claim to be included in a special, electoral roll on grounds of religion, race, caste or sex There shall be one general electoral roll for every territorial constituency for election to either House of Parliament or to the House or either House of the Legislature of a State and no person shall be ineligible for inclusion in any such roll or claim to be included in any special electoral roll for any such constituency on grounds only of religion, race, caste, sex or any of them",-0.21314496459960938,11,0
religious tax payment,285,285. Exemption of property of the Union from State taxation,-0.22768981742858888,12,0
religious tax payment,290,"290. A Annual payment to certain Devaswom Funds A sum of forty six lakhs and fifty thousand rupees shall be charged on, and paid out of, the Consolidated Fund of the State of Kerala every year to the Travancore Devaswom Fund; and a sum of thirteen lakhs and fifty thousand rupees shall be charged on, and paid out of the Consolidated Fund of the State of Tamil Nadu every year to the Devaswom Fund established in that State for the maintenance of Hindu temples and shrines in the territories transferred to that State on the 1 st day of November, 1956 , from the State of Travancore Cochin",-0.228367333984375,13,0
religious tax payment,284,284. Custody of suitors deposits and other moneys received by public servants an courts All moneys received by or deposited with,-0.2299858669281006,14,0
religious tax payment,268,268. Duties levied by the Union but collected and appropriated by the States,-0.25014864044189455,15,0
religious tax payment,272,"272. Taxes which are levied and collected by the Union and may be distributed between the Union and the States Union duties of excise other than such duties of excise on medicinal and toilet preparations as are mentioned in the Union List shall be levied and collected by the Government of India, but, if Parliament by law so provides, there shall be paid out of the Consolidated Fund of India to the States to which the law imposing the duty extends sums equivalent to the whole or any part of the net proceeds of that duty, and those sums shall be distributed among those States in accordance with such principles of distribution as may be formulated by such law",-0.2630384307861328,16,0
religious tax payment,243H,"243H. Powers to impose taxes by, and funds of, the Panchayats The Legislature of a State may, by law,",-0.29500722503662113,17,0
religious tax payment,243X,"243X. Power to impose taxes by, and funds, of, the Municipalities The Legislature of a State may, by law",-0.3019927146911621,18,0
religious tax payment,273,273. Grants in lieu of export duty on jute and jute products,-0.30306338615417483,19,0
religious tax payment,289,289. Exemption of property and income of a State from Union taxation,-0.31364308738708496,20,0
religious tax payment,279,"279. Calculation of net proceeds, etc",-0.38516410446166993,21,0
religious tax payment,337,"337. Special provision with respect to educational grants for the benefit of Anglo Indian community During the first three financial years after the commencement of this Constitution, the same grants, if any, shall be made by the Union and by each State for the benefit of the Anglo Indian community in respect of education as were made in the financial year ending on the thirty first day of March, 1948 During every succeeding period of three years the grants may be less by ten per cent than those for the immediately preceding period of three years: Provided that at the end of ten years from the commencement of this Constitution such grants, to the extent to which they are a special concession to the Anglo Indian community, shall cease: Provided further that no educational institution shall be entitled to receive any grant under this article unless at least forty per cent of annual admissions therein are made available to members of communities other than the Anglo Indian community",-0.39747852573394776,22,0
religious tax payment,274,274. Prior recommendation of President required to Bills affecting taxation in which States are interested,-0.4044647171020508,23,0
religious tax payment,286,286. Restrictions as to imposition of tax on the sale or purchase of goods,-0.41730995025634765,24,0
religious tax payment,280,280. Finance Commission,-0.42233269958496095,25,0
religious tax payment,287,"287. Exemption from taxes on electricity Save in so far as Parliament may by law otherwise provide, no law of a State shall impose, or authorise the imposition of, a tax on the consumption or sale of electricity (whether produced by a Government or other persons) which is",-0.44587661838531495,26,0
religious tax payment,243Y,243Y. Finance Commission,-0.46400637092590336,27,0
religious tax payment,290,"290. Adjustment in respect of certain expenses and pensions Where under the provisions of this Constitution the expenses of any court or Commission, or the pension payable to or in respect of a person who has served before the commencement in connection with the affairs of the Union or of a State, are charged on the Consolidated Fund of India or the Consolidated Fund of a State, then, if",-0.49211747398376465,28,0
religious tax payment,266,266. Consolidated Funds and public accounts of India and of the States,-0.5142702339172364,29,0
religious tax payment,270,270. Taxes levied and collected by the Union and distributed between the Union and the States,-0.6288307952880859,30,0
religious tax payment,276,"276. Taxes on professions, trades, callings and employments",-0.6326887641906739,31,0
religious tax payment,202,202. Annual financial statement,-0.6637851848602295,32,0
religious tax payment,243I,243I. Constitution of finance Commissions to review financial position,-0.6970363784790039,33,0
religious tax payment,110,110. Definition of Money Bill,-0.7878711212158204,34,0
religious tax payment,199,199. Definition of Money Bills,-0.7999574287414551,35,0
religious tax payment,112,112. Annual financial statement,-0.8409734359741211,36,0
religious tax payment,275,275. Grants from the Union to certain States,-1.1215892440795898,37,0
religious tax payment,269,269. Taxes levied and collected by the union but assigned to the States,-1.2842621398925782,38,0
religious tax payment,371A,371A. Special provision with respect to the State of Nagaland,-2.5235184082031252,39,0
religious tax payment,366,"366. Definition In this Constitution, unless the context otherwise requires, the following expressions have l, the meanings hereby respectively assigned to them, that is to say",-2.774878515625,40,0
religious instruction in schools,14,"14. Equality before law The State shall not deny to any person equality before the law or the equal protection of the laws within the territory of India Prohibition of discrimination on grounds of religion, race, caste, sex or place of birth",1.4039814697265625,1,0
religious instruction in schools,28,28. Freedom as to attendance at religious instruction or religious worship in certain educational institutions,1.0855718749999999,2,1
religious instruction in schools,16,16. Equality of opportunity in matters of public employment,0.9529204284667968,3,0
religious instruction in schools,27,"27. Freedom as to payment of taxes for promotion of any particular religion No person shall be compelled to pay any taxes, the proceeds of which are specifically appropriated in payment of expenses for the promotion or maintenance of any particular religion or religions denomination",0.38713283233642576,4,0
religious instruction in schools,29,29. Protection of interests of minorities,0.36679765625,5,0
religious instruction in schools,26,"26. Freedom to manage religious affairs Subject to public order, morality and health, every religious denomination or any section thereof shall have the right",0.34083976440429686,6,0
religious instruction in schools,23,23. Prohibition of traffic in human beings and forced labour,0.30402390823364256,7,0
religious instruction in schools,30,30. Right of minorities to establish and administer educational institutions,0.21322597656249997,8,0
religious instruction in schools,15,"15. Prohibition of discrimination on grounds of religion, race, caste, sex or place of birth",0.09246701049804684,9,0
religious instruction in schools,25,"25. Freedom of conscience and free profession, practice and propagation of religion",0.08514216308593747,10,0
religious instruction in schools,329,329. A Special provision as to elections to Parliament in the case of Prime Minister and Speaker Omitted PART XVI SPECIAL PROVISIONS RELATING TO CERTAIN CLASSES,-0.06388853931427002,11,0
religious instruction in schools,45,"45. Provision for free and compulsory education for children The State shall endeavour to provide, within a period of ten years from the commencement of this Constitution, for free and compulsory education for all children until they complete the age of fourteen years",-0.10564551086425782,12,0
religious instruction in schools,219,"219. Oath or affirmation by Judges of High Courts Every person appointed to be a Judge of a High Court shall, before he enters upon his office, make and subscribe before the Governor of the State, or some person appointed in that behalf by him, an oath or affirmation according to the form set out for the purpose in the Third Schedule",-0.1339605417251587,13,0
religious instruction in schools,41,"41. Right to work, to education and to public assistance in certain cases The State shall, within the limits of its economic capacity and development, make effective provision for securing the right to work, to education and to public assistance in cases of unemployment, old age, sickness and disablement, and in other cases of undeserved want",-0.13740437755584717,14,0
religious instruction in schools,46,"46. Promotion of educational and economic interests of Scheduled Castes, Scheduled Tribes and other weaker sections The State shall promote with special care the educational and economic interests of the weaker sections of the people, and, in particular, of the Scheduled Castes and the Scheduled Tribes, and shall protect them from social injustice and all forms of exploitation",-0.150773641204834,15,0
religious instruction in schools,51,51. Promotion of international peace and security The State shall endeavour to,-0.15871387128829956,16,0
religious instruction in schools,347,"347. Special provision relating to language spoken by a section of the population of a State On a demand being made in that behalf the President may, if he is satisfied that a substantial proportion of the population of a State desire the use of any language spoken by them to be recognised throughout that State or any part thereof for such purpose as he may specify CHAPTER III LANGUAGE OF THE SUPREME COURT, HIGH COURTS, ETC",-0.17067363815307618,17,0
religious instruction in schools,350,350. A Facilities for instruction in mother tongue at primary stage It shall be the endeavour of every State and of every local authority within the State to provide adequate facilities for instruction in the mother tongue at the primary stage of education to children belonging to linguistic minority groups; and the President may issue such directions to any State as he considers necessary or proper for securing the provision of such facilities,-0.17372972412109375,18,0
religious instruction in schools,47,"47. Duty of the State to raise the level of nutrition and the standard of living and to improve public health The State shall regard the raising of the level of nutrition and the standard of living of its people and the improvement of public health as among its primary duties and, in particular, the State shall endeavour to bring about prohibition of the consumption except for medicinal purposes of intoxicating drinks and of drugs which are injurious to health",-0.1855082684516907,19,0
religious instruction in schools,69,"69. Oath or affirmation by the Vice President Every Vice President shall, before entering upon his office, make and subscribe before the President, or some person appointed in that behalf by him, an oath or affirmation in the following form, that is to say swear in the name of God I, A B, do that solemnly affirm will bear true faith, and allegiance to the Constitution of India as by law established and that I will faithfully discharge the duty upon which I am about to enter",-0.1909997283935547,20,0
religious instruction in schools,325,"325. No person to be ineligible for inclusion in, or to claim to be included in a special, electoral roll on grounds of religion, race, caste or sex There shall be one general electoral roll for every territorial constituency for election to either House of Parliament or to the House or either House of the Legislature of a State and no person shall be ineligible for inclusion in any such roll or claim to be included in any special electoral roll for any such constituency on grounds only of religion, race, caste, sex or any of them",-0.2134224838256836,21,0
religious instruction in schools,345,"345. Official language or languages of a State Subject to the provisions of Article 346 and 347, the Legislature of a State may by law adopt any one or more of the languages in use in the State or Hindi as the language or languages to be used for all or any of the official purposes of that State: Provided that, until the Legislature of the State otherwise provides by law, the English language shall continue to be used for those official purposes within the State for which it was being used immediately before the commencement of this Constitution",-0.22007503547668458,22,0
religious instruction in schools,351,"351. Directive for development of the Hindi language It shall be the duty of the Union to promote the spread of the Hindi language, to develop it so that it may serve as a medium of expression for all the elements of the composite culture of India and to secure its enrichment by assimilating without interfering with its genius, the forms, style and expressions used in Hindustani and in the other languages of India specified in the Eighth Schedule, and by drawing, wherever necessary or desirable, for its vocabulary, primarily on Sanskrit and secondarily on other languages PART XVIII EMERGENCY PROVISIONS",-0.24353795156478883,23,0
religious instruction in schools,60,"60. Oath or affirmation by the President Every President and every person acting as President or discharging the functions of the President shall, before entering upon his office, make and subscribe in the presence of the Chief Justice of India or, in his absence, the senior most Judge of the Supreme Court available, an oath or affirmation in the following form, that is to say swear in the name of God I, A B, do that I olemnly affirm will faithfully execute the office of President (or discharge the functions of thePresident) of India and will do the best of my ability preserve, protect and defend the Constitution and the law and that I will devote myself to the service and well being of the people of India",-0.285978244304657,24,0
religious instruction in schools,341,341. Scheduled Castes,-0.30032799758911133,25,0
religious instruction in schools,159,"159. Oath or affirmation by Governor Every Governor and every person discharging the functions of the Governor shall, before entering upon his office, make and subscribe in the presence of the chief Justice of the High Court exercising jurisdiction in relation to the State, or, in his absence, the senior most Judge of that court available, an oath or affirmation in the following form, that is to say swear in the name of God I, A B, do that I solemnly affirm will faithfully execute the office of Governor (or discharge the functions of the Governor) of (name of the State) and will to the best of my ability preserve, protect and defend the Constitution and the law and that I will devote myself to the service and well being of the people of (name of the State)",-0.30637854232788087,26,0
religious instruction in schools,371G,"371G. Special provision with respect to the State of Mizoram Notwithstanding anything in this Constitution,",-0.31696866760253906,27,0
religious instruction in schools,342,342. Scheduled Tribes,-0.3326390674591065,28,0
religious instruction in schools,338,"338. Special Officer for Scheduled Castes, Scheduled Tribes etc",-0.35030391731262206,29,0
religious instruction in schools,309,"309. Recruitment and conditions of service of persons serving the Union or a State Subject to the provisions of this Constitution, Acts of the appropriate Legislature may regulate the recruitment, and conditions of service of persons appointed, to public services and posts in connection with the affairs of the Union or of any State: Provided that it shall be competent for the President or such person as he may direct in the case of services and posts in connection with the affairs of the Union, and for the Governor of a State or such person as he may direct in the case of services and posts in connection with the affairs of the State, to make rules regulating the recruitment, and the conditions of service of persons appointed, to such services and posts until provision in that behalf is made by or under an Act of the appropriate Legislature under this article, and any rules so made shall have effect subject to the provisions of any such Act",-0.38148675117492675,30,0
religious instruction in schools,337,"337. Special provision with respect to educational grants for the benefit of Anglo Indian community During the first three financial years after the commencement of this Constitution, the same grants, if any, shall be made by the Union and by each State for the benefit of the Anglo Indian community in respect of education as were made in the financial year ending on the thirty first day of March, 1948 During every succeeding period of three years the grants may be less by ten per cent than those for the immediately preceding period of three years: Provided that at the end of ten years from the commencement of this Constitution such grants, to the extent to which they are a special concession to the Anglo Indian community, shall cease: Provided further that no educational institution shall be entitled to receive any grant under this article unless at least forty per cent of annual admissions therein are made available to members of communities other than the Anglo Indian community",-0.3966854263305664,31,0
religious instruction in schools,39,"39. Certain principles of policy to be followed by the State: The State shall, in particular, direct its policy towards securing",-0.40764022636413577,32,0
religious instruction in schools,343,343. Official language of the Union,-0.41556238946914675,33,0
religious instruction in schools,340,340. Appointment of a Commission to investigate the conditions of backward classes,-0.4398473457336426,34,0
religious instruction in schools,51A,"51A. Fundamental duties It shall be the duty of every citizen of India (a) to abide by the Constitution and respect its ideals and institutions, the national Flag and the National Anthem;",-0.4997983764648438,35,0
religious instruction in schools,312,312. All India Services,-0.5098893737792969,36,0
religious instruction in schools,348,"348. Language to be used in the Supreme Court and in the High Courts and for Acts, Bills, etc",-0.7463657273292542,37,0
religious instruction in schools,344,344. Commission and Committee of Parliament on official language,-0.9026964599609375,38,0
religious instruction in schools,371A,371A. Special provision with respect to the State of Nagaland,-2.5486191162109377,39,0
religious instruction in schools,371D,371D. Special provisions with respect to the state of Andhra Pradesh,-2.8734235595703126,40,0
who is prime minister of japan,52,52. The President of India There shall be a President of India,-0.024632630157470706,1,0
who is prime minister of japan,329,329. A Special provision as to elections to Parliament in the case of Prime Minister and Speaker Omitted PART XVI SPECIAL PROVISIONS RELATING TO CERTAIN CLASSES,-0.06182562255859375,2,0
who is prime minister of japan,152,"152. Definition In this Part, unless the context otherwise, requires, the expression State does not include the State of Jammu and Kashmir CHAPTER II THE EXECUTIVE The Governor",-0.070380628490448,3,0
who is prime minister of japan,157,157. Qualifications for appointment as Governor No person shall be eligible for appointment as Governor unless he is a citizen of India and has completed the age of thirty five years,-0.0727648928642273,4,0
who is prime minister of japan,130,"130. Seat of Supreme Court The Supreme Court shall sit in Delhi or in such other place or places, as the Chief Justice of India may, with the approval of the President, from time to time, appoint",-0.07792454051971436,5,0
who is prime minister of japan,121,121. Restriction on discussion in Parliament No discussions shall take place in Parliament with respect to the conduct of any Judge of the Supreme Court or of a High Court in the discharge of his duties expect upon a motion for presenting an address to the President praying for the removal of the Judge as hereinafter provided,-0.13067947940826416,6,0
who is prime minister of japan,126,"126. Appointment of acting Chief Justice When the office of Chief Justice of India is vacant or when the Chief Justice is, by reason or absence or otherwise, unable to perform the duties of his office, the duties of the office shall be performed by such one of the other Judges of the Court as the President may appoint for the purpose",-0.13393747472763062,7,0
who is prime minister of japan,88,"88. Rights of Ministers and Attorney General in respects Houses Every Minister and the Attorney General of India shall have the right to speak in, and otherwise to take part in the proceedings of either House, any joint sitting of the Houses, and any committee of Parliament of which he may be named a member, but shall not by virtue of this article be entitled to vote Officers of Parliament",-0.1566488426208496,8,0
who is prime minister of japan,85,"85. Sessions of Parliament, prorogation and dissolution",-0.17417123737335205,9,0
who is prime minister of japan,87,87. Special address by the President,-0.19168743324279786,10,0
who is prime minister of japan,74,74. Council of Ministers to aid and advise President,-0.23160220947265625,11,0
who is prime minister of japan,120,120. Language to be used in Parliament,-0.26747452545166017,12,0
who is prime minister of japan,78,"78. Duties of Prime Minister as respects the furnishing of information to the President, etc It shall be the duty of the Prime Minister",-0.2693117492675781,13,0
who is prime minister of japan,77,77. Conduct of business of the Government of India,-0.2799268651008606,14,0
who is prime minister of japan,60,"60. Oath or affirmation by the President Every President and every person acting as President or discharging the functions of the President shall, before entering upon his office, make and subscribe in the presence of the Chief Justice of India or, in his absence, the senior most Judge of the Supreme Court available, an oath or affirmation in the following form, that is to say swear in the name of God I, A B, do that I olemnly affirm will faithfully execute the office of President (or discharge the functions of thePresident) of India and will do the best of my ability preserve, protect and defend the Constitution and the law and that I will devote myself to the service and well being of the people of India",-0.28585802173614505,15,0
who is prime minister of japan,167,"167. Duties of Chief Minister as respects the furnishing of information to Governor, etc It shall be the duty of the Chief Minister of each State",-0.28929696998596194,16,0
who is prime minister of japan,58,58. Qualifications for election as President,-0.29820735778808594,17,0
who is prime minister of japan,299,299. Contracts,-0.32633288516998293,18,0
who is prime minister of japan,163,163. Council of Ministers to aid and advise Governor,-0.33459959564208985,19,0
who is prime minister of japan,124,124. Establishment and constitution of Supreme Court,-0.34629849328994755,20,0
who is prime minister of japan,128,"128. Attendance of retired Judges at sittings of the Supreme Court Notwithstanding anything in this chapter, the Chief Justice of India may at any time, with the previous consent of the president, request any person who has held the office of a Judge of the Supreme Court or of the Federal Court or who has held the office of a Judge of a High Court and is duly qualified for appointment as a Judge of the Supreme Court to sit and act as a Judge of the Supreme Court, and every such person so requested shall, while so sitting and acting, be entitled to such allowances as the President may by order determine and have all the jurisdiction, powers and privileges of, but shall not otherwise be deemed to be, a Judge of that Court: Provided that nothing in this article shall be deemed to require any such person as aforesaid to sit and act as a Judge of that Court unless he consents so to do",-0.35676405839920045,21,0
who is prime minister of japan,75,75. Other provisions as to Ministers,-0.3701572357177735,22,0
who is prime minister of japan,127,127. Appointment of ad hoc Judges,-0.37915011091232304,23,0
who is prime minister of japan,363,363. A Recognition granted to Rulers of Indian States to cease and privy purses to be abolished Notwithstanding anything in this Constitution or in any law for the time being in force,-0.39077275390625,24,0
who is prime minister of japan,392,392. Power of the President to remove difficulties,-0.3941220039367676,25,0
who is prime minister of japan,118,118. Rules of procedure,-0.4141966289520264,26,0
who is prime minister of japan,102,102. Disqualification s for membership,-0.4246849630355835,27,0
who is prime minister of japan,164,164. Other provisions as to Ministers,-0.4873198581695557,28,0
who is prime minister of japan,310,310. Tenure of office of persons serving the Union or a State,-0.510548706817627,29,0
who is prime minister of japan,240,240. Power of President to make regulations for certain Union territories,-0.5415987415313721,30,0
who is prime minister of japan,369,"369. Temporary power to Parliament to make laws with respect to certain matters in the State List as if they were matters in the Concurrent List Notwithstanding anything in this Constitution, Parliament shall, during a period of five years from the commencement of this constitution, have power to make laws with respect to the following matters as if they were enumerated in the Concurrent List, namely:",-0.5567858669281006,31,0
who is prime minister of japan,66,66. Election of Vice President,-0.5651760917663574,32,0
who is prime minister of japan,101,101. Vacation of seats,-0.6890887641906739,33,0
who is prime minister of japan,361,361. Protection of President and Governors and Rajpramukhs,-0.7001462562561035,34,0
who is prime minister of japan,2A,2A. The age of a Judge of the Supreme Court shall be determined by such authority and in such manner as Parliament may by law provide,-0.8224018409729005,35,0
who is prime minister of japan,374,"374. Provisions as to Judges of the Federal Court and proceedings pending in the Federal Court or before His Majesty in Council ( 1 ) The Judges of the Federal Court holding office immediately before the commencement of this Constitution shall, unless they have elected otherwise, become on such commencement the Judges of the Supreme Court and shall thereupon be entitled to such salaries and allowances and to such rights in respect of leave of absence and pension as are provided for under Article 125 in respect of the Judges of the Supreme Court",-0.873418669128418,36,0
who is prime minister of japan,316,316. Appointment and term of office of members,-0.9266114501953125,37,0
who is prime minister of japan,370,370. Temporary provisions with respect to the State of Jammu and Kashmir,-1.0466318878173828,38,0
who is prime minister of japan,312A,312A. Power of Parliament to vary or revoke conditions of service of officers of certain services,-1.1708331130981446,39,0
who is prime minister of japan,371F,"371F. Special provisions with respect to the State of Sikkim Notwithstanding anything in this Constitution,",-2.334801171875,40,0
weather in delhi today,14,"14. Equality before law The State shall not deny to any person equality before the law or the equal protection of the laws within the territory of India Prohibition of discrimination on grounds of religion, race, caste, sex or place of birth",1.4036165700912475,1,0
weather in delhi today,12,"12. Definition In this part, unless the context otherwise requires, the State includes the Government and Parliament of India and the Government and the Legislature of each of the States and all local or other authorities within the territory of India or under the control of the Government of India",0.3804165700912475,2,0
weather in delhi today,19,19. Protection of certain rights regarding freedom of speech etc,0.37332356719970705,3,0
weather in delhi today,33,"33. Power of Parliament to modify the rights conferred by this Part in their application etc Parliament may, by law, determine to what extent any of the rights conferred by this Part shall, in their application to,",0.19161680850982665,4,0
weather in delhi today,35,"35. Legislation to give effect to the provisions of this Part Notwithstanding anything in this Constitution,",-0.0003535083770752623,5,0
weather in delhi today,52,52. The President of India There shall be a President of India,-0.024783668327331546,6,0
weather in delhi today,63,63. The Vice President of India There shall be a Vice President of India,-0.028783668327331546,7,0
weather in delhi today,393,393. Short title This Constitution may be called the Constitution of India,-0.02958396635055542,8,0
weather in delhi today,44,44. Uniform civil code for the citizens The State shall endeavour to secure for the citizens a uniform civil code throughout the territory of India,-0.058783429908752446,9,0
weather in delhi today,301,"301. Freedom of trade, commerce and intercourse Subject to the other provisions of this Part, trade, commerce and intercourse throughout the territory of India shall be free",-0.06918331069946289,10,0
weather in delhi today,130,"130. Seat of Supreme Court The Supreme Court shall sit in Delhi or in such other place or places, as the Chief Justice of India may, with the approval of the President, from time to time, appoint",-0.07795052814483643,11,0
weather in delhi today,300,"300. A Persons not to be deprived of property save by authority of law No person shall be deprived of his property save by authority of law PART XIII TRADE, COMMERCE AND INTERCOURSE WITHIN THE TERRITORY OF INDIA",-0.08438366832733155,12,0
weather in delhi today,1,1. Name and territory of the Union,-0.086783549118042,13,0
weather in delhi today,302,"302. Power of Parliament to impose restrictions on trade, commerce and intercourse Parliament may by law impose such restrictions on the freedom of trade, commerce or intercourse between one State and another or within any part of the territory of India as may be required in the public interest",-0.11798319149017335,14,0
weather in delhi today,126,"126. Appointment of acting Chief Justice When the office of Chief Justice of India is vacant or when the Chief Justice is, by reason or absence or otherwise, unable to perform the duties of his office, the duties of the office shall be performed by such one of the other Judges of the Court as the President may appoint for the purpose",-0.13398319149017335,15,0
weather in delhi today,375,"375. Courts, authorities and officers to continue to function subject to the provisions of the Constitution All courts of civil, criminal and revenue jurisdiction, all authorities and all officers, judicial, executive and ministerial, throughout the territory of India, shall continue to exercise their respective functions subject to the provisions of this Constitution",-0.1479796748161316,16,0
weather in delhi today,253,"253. Legislation for giving effect to international agreements Notwithstanding anything in the foregoing provisions of this Chapter, Parliament has power to make any law for the whole or any part of the territory of India for implementing any treaty, agreement or convention with any other country or countries or any decision made at any international conference, association or other body",-0.15598265504837036,17,0
weather in delhi today,136,136. Special leave to appeal by the Supreme Court,-0.20278319149017335,18,0
weather in delhi today,220,"220. Restriction on practice after being a permanent Judge No person who, after the commencement of this Constitution, has held office as a permanent Judge of a High Court shall plead or act in any court or before any authority in India except the Supreme Court and the other High Courts Explanation In this article, the expression High Court does not include a High Court for a State specified in Part B of the First Schedule as it existed before the commencement of the Constitution (seventh Amendment) Act, 1956",-0.20558277425765992,19,0
weather in delhi today,236,236. Interpretation In this Chapter,-0.22358378753662111,20,0
weather in delhi today,84,84. Qualification for membership of Parliament A person shall not be qualified to be chosen to fill a seat in Parliament unless he,-0.259983012676239,21,0
weather in delhi today,297,297. Things of value within territorial waters or continental shelf and resources of the exclusive economic zone to vest in the Union,-0.2899823570251465,22,0
weather in delhi today,243Z,243Z. C Part not to apply to certain areas,-0.3231778866767884,23,0
weather in delhi today,124,124. Establishment and constitution of Supreme Court,-0.3463826550483704,24,0
weather in delhi today,75,75. Other provisions as to Ministers,-0.37358182058334355,25,0
weather in delhi today,372,372. A Power of the President to adapt laws,-0.37598193979263306,26,0
weather in delhi today,127,127. Appointment of ad hoc Judges,-0.37918152256011967,27,0
weather in delhi today,392,392. Power of the President to remove difficulties,-0.39437454881668094,28,0
weather in delhi today,300,300. Suits and proceedings,-0.41398205900192264,29,0
weather in delhi today,118,118. Rules of procedure,-0.41437985363006596,30,0
weather in delhi today,343,343. Official language of the Union,-0.4155823570251465,31,0
weather in delhi today,287,"287. Exemption from taxes on electricity Save in so far as Parliament may by law otherwise provide, no law of a State shall impose, or authorise the imposition of, a tax on the consumption or sale of electricity (whether produced by a Government or other persons) which is",-0.4459798536300659,32,0
weather in delhi today,51A,"51A. Fundamental duties It shall be the duty of every citizen of India (a) to abide by the Constitution and respect its ideals and institutions, the national Flag and the National Anthem;",-0.5022246431350709,33,0
weather in delhi today,240,240. Power of President to make regulations for certain Union territories,-0.5419764561653138,34,0
weather in delhi today,243M,243M. Part not to apply to certain areas,-0.6191646544456483,35,0
weather in delhi today,2A,2A. The age of a Judge of the Supreme Court shall be determined by such authority and in such manner as Parliament may by law provide,-0.8227389052391053,36,0
weather in delhi today,370,370. Temporary provisions with respect to the State of Jammu and Kashmir,-1.04750306930542,37,0
weather in delhi today,312A,312A. Power of Parliament to vary or revoke conditions of service of officers of certain services,-1.1720001720428468,38,0
weather in delhi today,269,269. Taxes levied and collected by the union but assigned to the States,-1.286466081237793,39,0
weather in delhi today,371F,"371F. Special provisions with respect to the State of Sikkim Notwithstanding anything in this Constitution,",-2.35043952331543,40,0
how to cook pasta,2,"2. Admission or establishment of new States: Parliament may by law admit into the Union, or establish, new States on such terms and conditions, as it thinks fit",-0.0639837875366211,1,0
how to cook pasta,54,54. Election of President The President shall be elected by the members of an electoral college consisting of the elected members of both Houses of Parliament; and the elected members of the Legislative Assemblies of the States,-0.09078366832733155,2,0
how to cook pasta,99,"99. Oath or affirmation by members Every member of either House of Parliament shall, before taking his seat, make and subscribe before the President, or some person appointed in that behalf by him, an oath or affirmation according to the form set out for the purpose in the Third Schedule",-0.115183549118042,3,0
how to cook pasta,48,"48. Organisation of agriculture and animal husbandry The State shall endeavour to organise agriculture and animal husbandry on modern and scientific lines and shall, in particular, take steps for preserving and improving the breeds, and prohibiting the slaughter, of cows and calves and other milch and draught cattle",-0.126783549118042,4,0
how to cook pasta,394,"394. Commencement This article and Articles 5, 6, 7, 8, 9, 60, 324, 366, 367, 379, 380, 388, 391, 392 and 393 shall come into force at once, and the remaining provisions of this Constitution shall come into force on the twenty sixth day of January, 1950 , which day is referred to in this Constitution as the commencement of this Constitution",-0.13678301267623902,5,0
how to cook pasta,85,"85. Sessions of Parliament, prorogation and dissolution",-0.17438342990875244,6,0
how to cook pasta,47,"47. Duty of the State to raise the level of nutrition and the standard of living and to improve public health The State shall regard the raising of the level of nutrition and the standard of living of its people and the improvement of public health as among its primary duties and, in particular, the State shall endeavour to bring about prohibition of the consumption except for medicinal purposes of intoxicating drinks and of drugs which are injurious to health",-0.18557699260711671,7,0
how to cook pasta,87,87. Special address by the President,-0.1919833106994629,8,0
how to cook pasta,168,168. Constitution of Legislatures in States,-0.19758342990875244,9,0
how to cook pasta,86,86. Right of President to address and send messages to Houses,-0.20038354911804201,10,0
how to cook pasta,104,"104. Penalty for sitting and voting before making oath or affirmation under Article 99 or when not qualified or when disqualified If a person sits or votes as a member of either House of Parliament before he has complied with the requirements of Article 99, or when he knows that he is not qualified or that he is disqualified for membership thereof, or that he is prohibited from so doing by the provisions of any law made by Parliament, he shall be liable in respect of each day on which he so sits or votes to a penalty of five hundred rupees to be recovered as a debt due to the Union Powers, Privileges and Immunities of Parliament and its Members",-0.2607828934669495,11,0
how to cook pasta,60,"60. Oath or affirmation by the President Every President and every person acting as President or discharging the functions of the President shall, before entering upon his office, make and subscribe in the presence of the Chief Justice of India or, in his absence, the senior most Judge of the Supreme Court available, an oath or affirmation in the following form, that is to say swear in the name of God I, A B, do that I olemnly affirm will faithfully execute the office of President (or discharge the functions of thePresident) of India and will do the best of my ability preserve, protect and defend the Constitution and the law and that I will devote myself to the service and well being of the people of India",-0.2859816417694092,12,0
how to cook pasta,326,"326. Elections to the House of the People and to the Legislative Assemblies of States to be on the basis of adult suffrage The elections to the House of the People and to the Legislative Assembly of every State shall be on the basis of adult suffrage; but is to say, every person who is a citizen of India and who is not less than twenty one years of age on such date as may be fixed in that behalf by or under any law made by the appropriate legislature and is not otherwise disqualified under this constitution or any law made by the appropriate Legislature on the ground of non residence, unsoundness of mind, crime or corrupt or illegal practice, shall be entitled to be registered as a voter at any such election",-0.28678193979263306,13,0
how to cook pasta,193,"193. Penalty for sitting and voting before making oath or affirmation under Article 188 or when not qualified or when disqualified If a person sits or votes as a member of the Legislative Assembly or the Legislative Council of a State before he has complied with the requirements of Article 188, or when he knows that he is not qualified or that he is disqualified for membership thereof, or that he is prohibited from so doing by the provisions of any law made by Parliament or the legislature of the State, he shall be liable in respect of each day on which he so sits or votes to a penalty of five hundred rupees to be recovered as a debt due to the State Powers, Privileges and Immunities of State Legislatures and their Members",-0.2927827742576599,14,0
how to cook pasta,250,250. Power of Parliament to legislate with respect to any matter in the State List if a Proclamation of Emergency is in operation,-0.305983012676239,15,0
how to cook pasta,159,"159. Oath or affirmation by Governor Every Governor and every person discharging the functions of the Governor shall, before entering upon his office, make and subscribe in the presence of the chief Justice of the High Court exercising jurisdiction in relation to the State, or, in his absence, the senior most Judge of that court available, an oath or affirmation in the following form, that is to say swear in the name of God I, A B, do that I solemnly affirm will faithfully execute the office of Governor (or discharge the functions of the Governor) of (name of the State) and will to the best of my ability preserve, protect and defend the Constitution and the law and that I will devote myself to the service and well being of the people of (name of the State)",-0.30638193979263306,16,0
how to cook pasta,201,"201. Bill reserved for consideration When a Bill is reserved by a Governor for the consideration of the President, the President shall declare either that he assents to the Bill or that he withholds assent therefrom: Provided that, where the Bill is not a Money Bill, the President may direct the Governor to return the Bill to the House or, as the case may be, the Houses of the Legislature of the State together with such a message as it mentioned in the first proviso to Article 200 and, when a Bill is so returned, the House or Houses shall reconsider it accordingly within a period of six months from the date of receipt of such message and, if it is again passed by the House or Houses with or without amendment, it shall be presented again to the President for his consideration Procedure in Financial Matters",-0.32638277425765994,17,0
how to cook pasta,111,"111. Assent to Bills When a Bill has been passed by the Houses of Parliament, it shall be presented to the President, and the President shall declare either that he assents to the Bill, or that he withholds assent therefrom Provided that the President may, as soon as possible after the presentation to him of a Bill for assent, return the Bill if it is not a Money Bill to the Houses with a message requesting that they will reconsider the Bill or any specified provisions thereof and, in particular, will consider the desirability of introducing any such amendments as he may recommend in his message, and when a Bill is so returned, the Houses shall reconsider the Bill accordingly, and if the Bill is passed again by the Houses with or without amendment and presented to the President for assent, the President shall not withhold assent therefrom Procedures in Financial Matters",-0.3527823570251465,18,0
how to cook pasta,208,208. Rules of procedure,-0.35998152256011967,19,0
how to cook pasta,75,75. Other provisions as to Ministers,-0.3735828934669495,20,0
how to cook pasta,296,"296. Property accruing by escheat or lapse or as bona vacantia Subject as hereinafter provided any property in the territory of India which, if this Constitution had not come into operation, would have accrued to His Majesty or, as the case may be, to the Ruler of an Indian State by escheat or lapse, or as bona vacantia for want of a rightful owner, shall, if it is property situate in a State, vest in such State, and shall, in any other case, vest in the Union: Provided that any property which at the date when it wouldhave so accrued to His Majesty or to the Ruler of an Indian State was in the possession or under the control of the Government of India or the Government of a State shall, according as the purposes for which it was then used or held were purposes of the Union or a State, vest in the Union or in that State Explanation In the article, the expressions Ruler and Indian State have the same meanings as in Article 363",-0.3751819397926331,21,0
how to cook pasta,372,372. A Power of the President to adapt laws,-0.37598342990875244,22,0
how to cook pasta,392,392. Power of the President to remove difficulties,-0.39438247623443606,23,0
how to cook pasta,118,118. Rules of procedure,-0.4143824762344361,24,0
how to cook pasta,123,123. Power of President to promulgate Ordinances during recess of Parliament,-0.48558205900192264,25,0
how to cook pasta,61,61. Procedure for impeachment of the President,-0.5143824762344361,26,0
how to cook pasta,3,"3. Formation of new States and alteration of areas, boundaries or names of existing States: Parliament may by law",-0.5207816417694092,27,0
how to cook pasta,369,"369. Temporary power to Parliament to make laws with respect to certain matters in the State List as if they were matters in the Concurrent List Notwithstanding anything in this Constitution, Parliament shall, during a period of five years from the commencement of this constitution, have power to make laws with respect to the following matters as if they were enumerated in the Concurrent List, namely:",-0.5571790787696839,28,0
how to cook pasta,66,66. Election of Vice President,-0.565581939792633,29,0
how to cook pasta,109,109. Special procedure in respect of Money Bills,-0.5831828934669495,30,0
how to cook pasta,198,198. Special procedure in respect of Money Bills,-0.6115831914901734,31,0
how to cook pasta,270,270. Taxes levied and collected by the Union and distributed between the Union and the States,-0.6299820590019226,32,0
how to cook pasta,55,55. Manner of election of President,-0.8023788999557495,33,0
how to cook pasta,368,368. Power of Parliament to amend the Constitution and procedure therefor,-0.8039816417694092,34,0
how to cook pasta,344,344. Commission and Committee of Parliament on official language,-0.9031672770500183,35,0
how to cook pasta,243C,243C. Composition of Panchayats,-0.9151775290489197,36,0
how to cook pasta,360,360. Provisions as to financial emergency,-1.0103697804450988,37,0
how to cook pasta,217,217. Appointment and conditions of the office of a Judge of a High Court,-1.0942557567596436,38,0
how to cook pasta,320,320. Functions of Public Service Commissions,-1.3873868537902834,39,0
how to cook pasta,366,"366. Definition In this Constitution, unless the context otherwise requires, the following expressions have l, the meanings hereby respectively assigned to them, that is to say",-2.780575765991211,40,0
best programming language 2025,29,29. Protection of interests of minorities,0.3292186562538147,1,0
best programming language 2025,52,52. The President of India There shall be a President of India,-0.024783966350555423,2,0
best programming language 2025,44,44. Uniform civil code for the citizens The State shall endeavour to secure for the citizens a uniform civil code throughout the territory of India,-0.0587837875366211,3,0
best programming language 2025,329,329. A Special provision as to elections to Parliament in the case of Prime Minister and Speaker Omitted PART XVI SPECIAL PROVISIONS RELATING TO CERTAIN CLASSES,-0.06398396635055542,4,0
best programming language 2025,48A,48A. Protection and improvement of environment and safeguarding of forests and wild life The State shall endeavour to protect and improve the environment and to safeguard the forests and wild life of the country,-0.0843837875366211,5,0
best programming language 2025,244,244. Administration of Scheduled Areas and Tribal Areas,-0.10438396635055543,6,0
best programming language 2025,45,"45. Provision for free and compulsory education for children The State shall endeavour to provide, within a period of ten years from the commencement of this Constitution, for free and compulsory education for all children until they complete the age of fourteen years",-0.10718366832733155,7,0
best programming language 2025,394,"394. Commencement This article and Articles 5, 6, 7, 8, 9, 60, 324, 366, 367, 379, 380, 388, 391, 392 and 393 shall come into force at once, and the remaining provisions of this Constitution shall come into force on the twenty sixth day of January, 1950 , which day is referred to in this Constitution as the commencement of this Constitution",-0.13678366832733155,8,0
best programming language 2025,347,"347. Special provision relating to language spoken by a section of the population of a State On a demand being made in that behalf the President may, if he is satisfied that a substantial proportion of the population of a State desire the use of any language spoken by them to be recognised throughout that State or any part thereof for such purpose as he may specify CHAPTER III LANGUAGE OF THE SUPREME COURT, HIGH COURTS, ETC",-0.17076906518936158,9,0
best programming language 2025,350,350. A Facilities for instruction in mother tongue at primary stage It shall be the endeavour of every State and of every local authority within the State to provide adequate facilities for instruction in the mother tongue at the primary stage of education to children belonging to linguistic minority groups; and the President may issue such directions to any State as he considers necessary or proper for securing the provision of such facilities,-0.1791745488166809,10,0
best programming language 2025,43,"43. Living wage, etc, for workers The State shall endeavour to secure, by suitable legislation or economic organisation or in any other way, to all workers, agricultural, industrial or otherwise, work, a living wage, conditions of work ensuring a decent standard of life and full enjoyment of leisure and social and cultural opportunities and, in particular, the State shall endeavour to promote cottage industries on an individual or co operative basis in rural areas",-0.18718289346694947,11,0
best programming language 2025,346,"346. Official language for communication between one State and another or between a State and the Union The language for the time being authorised for use in the Union for official purposes shall be the official language for communication between one State and another State and between a State and the Union: Provided that if two or more States agree that the Hindi language should be the official language for communication between such States, that language may be used for such communication",-0.19786231327056886,12,0
best programming language 2025,325,"325. No person to be ineligible for inclusion in, or to claim to be included in a special, electoral roll on grounds of religion, race, caste or sex There shall be one general electoral roll for every territorial constituency for election to either House of Parliament or to the House or either House of the Legislature of a State and no person shall be ineligible for inclusion in any such roll or claim to be included in any special electoral roll for any such constituency on grounds only of religion, race, caste, sex or any of them",-0.21438319149017335,13,0
best programming language 2025,345,"345. Official language or languages of a State Subject to the provisions of Article 346 and 347, the Legislature of a State may by law adopt any one or more of the languages in use in the State or Hindi as the language or languages to be used for all or any of the official purposes of that State: Provided that, until the Legislature of the State otherwise provides by law, the English language shall continue to be used for those official purposes within the State for which it was being used immediately before the commencement of this Constitution",-0.2203164938926697,14,0
best programming language 2025,243O,243O. Bar to interference by courts in electoral matters Notwithstanding anything in this Constitution,-0.22558265504837038,15,0
best programming language 2025,172,172. Duration of State Legislatures,-0.22678342990875244,16,0
best programming language 2025,243Z,"243Z. G Bar to interference by courts in electoral matters Notwithstanding anything in this Constitution,",-0.23238342990875246,17,0
best programming language 2025,351,"351. Directive for development of the Hindi language It shall be the duty of the Union to promote the spread of the Hindi language, to develop it so that it may serve as a medium of expression for all the elements of the composite culture of India and to secure its enrichment by assimilating without interfering with its genius, the forms, style and expressions used in Hindustani and in the other languages of India specified in the Eighth Schedule, and by drawing, wherever necessary or desirable, for its vocabulary, primarily on Sanskrit and secondarily on other languages PART XVIII EMERGENCY PROVISIONS",-0.24340127811431886,18,0
best programming language 2025,120,120. Language to be used in Parliament,-0.26791905689239504,19,0
best programming language 2025,326,"326. Elections to the House of the People and to the Legislative Assemblies of States to be on the basis of adult suffrage The elections to the House of the People and to the Legislative Assembly of every State shall be on the basis of adult suffrage; but is to say, every person who is a citizen of India and who is not less than twenty one years of age on such date as may be fixed in that behalf by or under any law made by the appropriate legislature and is not otherwise disqualified under this constitution or any law made by the appropriate Legislature on the ground of non residence, unsoundness of mind, crime or corrupt or illegal practice, shall be entitled to be registered as a voter at any such election",-0.2867816417694092,20,0
best programming language 2025,349,"349. Special procedure for enactment of certain laws relating to language During the period of fifteen years from the commencement of this Constitution, no Bill or amendment making provision for the language to be used for any of the purposes mentioned in clause ( 1 ) of Article 348 shall be introduced or moved in either House of Parliament without the previous sanction of the President, and the President shall not give his sanction to the introduction of any such Bill or the moving of any such amendment except after he has taken into consideration the recommendations of the Commission constituted under clause ( 1 ) of Article 344 and the report of the Committee constituted under clause ( 4 ) of that article CHAPTER IV SPECIAL DIRECTIVES",-0.2985900724411011,21,0
best programming language 2025,250,250. Power of Parliament to legislate with respect to any matter in the State List if a Proclamation of Emergency is in operation,-0.30598265504837036,22,0
best programming language 2025,337,"337. Special provision with respect to educational grants for the benefit of Anglo Indian community During the first three financial years after the commencement of this Constitution, the same grants, if any, shall be made by the Union and by each State for the benefit of the Anglo Indian community in respect of education as were made in the financial year ending on the thirty first day of March, 1948 During every succeeding period of three years the grants may be less by ten per cent than those for the immediately preceding period of three years: Provided that at the end of ten years from the commencement of this Constitution such grants, to the extent to which they are a special concession to the Anglo Indian community, shall cease: Provided further that no educational institution shall be entitled to receive any grant under this article unless at least forty per cent of annual admissions therein are made available to members of communities other than the Anglo Indian community",-0.3975787211418152,23,0
best programming language 2025,39,"39. Certain principles of policy to be followed by the State: The State shall, in particular, direct its policy towards securing",-0.4079823570251465,24,0
best programming language 2025,343,343. Official language of the Union,-0.41548585710525515,25,0
best programming language 2025,243E,"243E. Duration of Panchayats, etc",-0.460782237815857,26,0
best programming language 2025,243Q,243Q. Constitution of Municipalities,-0.48358205900192264,27,0
best programming language 2025,164,164. Other provisions as to Ministers,-0.48758182058334354,28,0
best programming language 2025,210,210. Language to be used in the Legislature,-0.5043393820762635,29,0
best programming language 2025,243U,"243U. Duration of Municipalities, etc",-0.5227823570251465,30,0
best programming language 2025,240,240. Power of President to make regulations for certain Union territories,-0.5419826550483704,31,0
best programming language 2025,369,"369. Temporary power to Parliament to make laws with respect to certain matters in the State List as if they were matters in the Concurrent List Notwithstanding anything in this Constitution, Parliament shall, during a period of five years from the commencement of this constitution, have power to make laws with respect to the following matters as if they were enumerated in the Concurrent List, namely:",-0.5571818205833435,32,0
best programming language 2025,243M,243M. Part not to apply to certain areas,-0.6191816417694093,33,0
best programming language 2025,276,"276. Taxes on professions, trades, callings and employments",-0.6335815225601197,34,0
best programming language 2025,243Z,243Z. D Committee for district planning,-0.666378244304657,35,0
best programming language 2025,243I,243I. Constitution of finance Commissions to review financial position,-0.6975803304672241,36,0
best programming language 2025,348,"348. Language to be used in the Supreme Court and in the High Courts and for Acts, Bills, etc",-0.7463339580535889,37,0
best programming language 2025,344,344. Commission and Committee of Parliament on official language,-0.9025538856506348,38,0
best programming language 2025,275,275. Grants from the Union to certain States,-1.1229327327728271,39,0
best programming language 2025,371A,371A. Special provision with respect to the State of Nagaland,-2.5564878829956057,40,0
football world cup winner,14,"14. Equality before law The State shall not deny to any person equality before the law or the equal protection of the laws within the territory of India Prohibition of discrimination on grounds of religion, race, caste, sex or place of birth",1.4036235438346862,1,0
football world cup winner,20,20. Protection in respect of conviction for offences,1.2904439882278442,2,0
football world cup winner,18,"18. Abolition of titles No title, not being a military or academic distinction, shall be conferred by the State No citizen of India shall accept any title from any foreign State No person who is not a citizen of India shall, while he holds any office of profit or trust under the State, accept without the consent of the President any title from any foreign State No person holding any office of profit or trust under the State shall, without the consent of the President, accept any present, emolument, or office of any kind from or under any foreign State Right to Freedom",0.2705205205917358,3,0
football world cup winner,15,"15. Prohibition of discrimination on grounds of religion, race, caste, sex or place of birth",0.08803880262374875,4,0
football world cup winner,52,52. The President of India There shall be a President of India,-0.02474611740112305,5,0
football world cup winner,63,63. The Vice President of India There shall be a Vice President of India,-0.02876292591094971,6,0
football world cup winner,1,1. The territories of the States; the Union territories specified in the First Schedule; and such other territories as may be acquired,-0.053556011772155764,7,0
football world cup winner,329,329. A Special provision as to elections to Parliament in the case of Prime Minister and Speaker Omitted PART XVI SPECIAL PROVISIONS RELATING TO CERTAIN CLASSES,-0.06398247623443604,8,0
football world cup winner,216,216. Constitution of High Courts Every High Court shall consist of a Chief Justice and such other Judges as the President may from time to time deem it necessary to appoint,-0.06877395277023315,9,0
football world cup winner,57,"57. Eligibility for re election A person who holds, or who has held, office as President shall, subject to the other provisions of this Constitution, be eligible for re election to that office",-0.07672215633392335,10,0
football world cup winner,130,"130. Seat of Supreme Court The Supreme Court shall sit in Delhi or in such other place or places, as the Chief Justice of India may, with the approval of the President, from time to time, appoint",-0.07795088577270508,11,0
football world cup winner,1,1. Name and territory of the Union,-0.08643736534118653,12,0
football world cup winner,54,54. Election of President The President shall be elected by the members of an electoral college consisting of the elected members of both Houses of Parliament; and the elected members of the Legislative Assemblies of the States,-0.09072156028747559,13,0
football world cup winner,9,"9. Person voluntarily acquiring citizenship of a foreign State not to be citizens No person shall be a citizen of India by virtue of Article 5, or be deemed to be a citizen of India by virtue of Article 6 or Article 8, if he has voluntarily acquired the citizenship of any foreign State",-0.11437681379318237,14,0
football world cup winner,5,5. Citizenship at the commencement of the Constitution At the commencement of this Constitution every person who has his domicile in the territory of India and,-0.16870314245224,15,0
football world cup winner,69,"69. Oath or affirmation by the Vice President Every Vice President shall, before entering upon his office, make and subscribe before the President, or some person appointed in that behalf by him, an oath or affirmation in the following form, that is to say swear in the name of God I, A B, do that solemnly affirm will bear true faith, and allegiance to the Constitution of India as by law established and that I will faithfully discharge the duty upon which I am about to enter",-0.19108937377929688,16,0
football world cup winner,103,103. Decision on questions as to disqualifications of members,-0.19596209144592286,17,0
football world cup winner,222,222. Transfer of a Judge from one High Court to another,-0.23917353553771975,18,0
football world cup winner,60,"60. Oath or affirmation by the President Every President and every person acting as President or discharging the functions of the President shall, before entering upon his office, make and subscribe in the presence of the Chief Justice of India or, in his absence, the senior most Judge of the Supreme Court available, an oath or affirmation in the following form, that is to say swear in the name of God I, A B, do that I olemnly affirm will faithfully execute the office of President (or discharge the functions of thePresident) of India and will do the best of my ability preserve, protect and defend the Constitution and the law and that I will devote myself to the service and well being of the people of India",-0.28590314245224,19,0
football world cup winner,58,58. Qualifications for election as President,-0.29818339672088623,20,0
football world cup winner,159,"159. Oath or affirmation by Governor Every Governor and every person discharging the functions of the Governor shall, before entering upon his office, make and subscribe in the presence of the chief Justice of the High Court exercising jurisdiction in relation to the State, or, in his absence, the senior most Judge of that court available, an oath or affirmation in the following form, that is to say swear in the name of God I, A B, do that I solemnly affirm will faithfully execute the office of Governor (or discharge the functions of the Governor) of (name of the State) and will to the best of my ability preserve, protect and defend the Constitution and the law and that I will devote myself to the service and well being of the people of (name of the State)",-0.3063542236328125,21,0
football world cup winner,72,"72. Power of President to grant pardons, etc, and to suspend, remit or commute sentences in certain cases",-0.3118992681503296,22,0
football world cup winner,124,124. Establishment and constitution of Supreme Court,-0.3461062683105469,23,0
football world cup winner,59,59. Conditions of Presidents office,-0.3550568296432495,24,0
football world cup winner,128,"128. Attendance of retired Judges at sittings of the Supreme Court Notwithstanding anything in this chapter, the Chief Justice of India may at any time, with the previous consent of the president, request any person who has held the office of a Judge of the Supreme Court or of the Federal Court or who has held the office of a Judge of a High Court and is duly qualified for appointment as a Judge of the Supreme Court to sit and act as a Judge of the Supreme Court, and every such person so requested shall, while so sitting and acting, be entitled to such allowances as the President may by order determine and have all the jurisdiction, powers and privileges of, but shall not otherwise be deemed to be, a Judge of that Court: Provided that nothing in this article shall be deemed to require any such person as aforesaid to sit and act as a Judge of that Court unless he consents so to do",-0.3567285936355591,25,0
football world cup winner,296,"296. Property accruing by escheat or lapse or as bona vacantia Subject as hereinafter provided any property in the territory of India which, if this Constitution had not come into operation, would have accrued to His Majesty or, as the case may be, to the Ruler of an Indian State by escheat or lapse, or as bona vacantia for want of a rightful owner, shall, if it is property situate in a State, vest in such State, and shall, in any other case, vest in the Union: Provided that any property which at the date when it wouldhave so accrued to His Majesty or to the Ruler of an Indian State was in the possession or under the control of the Government of India or the Government of a State shall, according as the purposes for which it was then used or held were purposes of the Union or a State, vest in the Union or in that State Explanation In the article, the expressions Ruler and Indian State have the same meanings as in Article 363",-0.3751720454216004,26,0
football world cup winner,279,"279. Calculation of net proceeds, etc",-0.3858440742492676,27,0
football world cup winner,363,363. A Recognition granted to Rulers of Indian States to cease and privy purses to be abolished Notwithstanding anything in this Constitution or in any law for the time being in force,-0.3911542236328125,28,0
football world cup winner,71,"71. Matters relating to, or connected with, the election of a president or Vice President",-0.41028764524459843,29,0
football world cup winner,300,300. Suits and proceedings,-0.4139697804450989,30,0
football world cup winner,343,343. Official language of the Union,-0.41518920478820803,31,0
football world cup winner,102,102. Disqualification s for membership,-0.42475529651641847,32,0
football world cup winner,51A,"51A. Fundamental duties It shall be the duty of every citizen of India (a) to abide by the Constitution and respect its ideals and institutions, the national Flag and the National Anthem;",-0.5012527297973633,33,0
football world cup winner,310,310. Tenure of office of persons serving the Union or a State,-0.5107151825904847,34,0
football world cup winner,66,66. Election of Vice President,-0.5654377561569214,35,0
football world cup winner,55,55. Manner of election of President,-0.8020800422668457,36,0
football world cup winner,2A,2A. The age of a Judge of the Supreme Court shall be determined by such authority and in such manner as Parliament may by law provide,-0.8226867511749268,37,0
football world cup winner,374,"374. Provisions as to Judges of the Federal Court and proceedings pending in the Federal Court or before His Majesty in Council ( 1 ) The Judges of the Federal Court holding office immediately before the commencement of this Constitution shall, unless they have elected otherwise, become on such commencement the Judges of the Supreme Court and shall thereupon be entitled to such salaries and allowances and to such rights in respect of leave of absence and pension as are provided for under Article 125 in respect of the Judges of the Supreme Court",-0.8741062683105469,38,0
football world cup winner,269,269. Taxes levied and collected by the union but assigned to the States,-1.2851471496582032,39,0
football world cup winner,366,"366. Definition In this Constitution, unless the context otherwise requires, the following expressions have l, the meanings hereby respectively assigned to them, that is to say",-2.7679357666015627,40,0
quantum computing basics,16,16. Equality of opportunity in matters of public employment,0.9512176429748535,1,0
quantum computing basics,1,1. The territories of the States; the Union territories specified in the First Schedule; and such other territories as may be acquired,-0.05358342990875244,2,0
quantum computing basics,44,44. Uniform civil code for the citizens The State shall endeavour to secure for the citizens a uniform civil code throughout the territory of India,-0.058783549118042,3,0
quantum computing basics,152,"152. Definition In this Part, unless the context otherwise, requires, the expression State does not include the State of Jammu and Kashmir CHAPTER II THE EXECUTIVE The Governor",-0.07038366832733155,4,0
quantum computing basics,40,40. Organisation of village panchayats The State shall take steps to organize village panchayats and endow them with such powers and authority as may be necessary to enable them to function as units of self government,-0.08678366832733155,5,0
quantum computing basics,37,"37. Application of the principles contained in this Part The provisions contained in this Part shall not be enforceable by any court, but the principles therein laid down are nevertheless fundamental in the governance of the country and it shall be the duty of the State to apply these principles in making laws",-0.12438074769973756,6,0
quantum computing basics,394,"394. Commencement This article and Articles 5, 6, 7, 8, 9, 60, 324, 366, 367, 379, 380, 388, 391, 392 and 393 shall come into force at once, and the remaining provisions of this Constitution shall come into force on the twenty sixth day of January, 1950 , which day is referred to in this Constitution as the commencement of this Constitution",-0.13678277425765992,7,0
quantum computing basics,243B,243B. Constitution of Panchayats,-0.13998301267623903,8,0
quantum computing basics,51,51. Promotion of international peace and security The State shall endeavour to,-0.15878342990875244,9,0
quantum computing basics,350,350. A Facilities for instruction in mother tongue at primary stage It shall be the endeavour of every State and of every local authority within the State to provide adequate facilities for instruction in the mother tongue at the primary stage of education to children belonging to linguistic minority groups; and the President may issue such directions to any State as he considers necessary or proper for securing the provision of such facilities,-0.17917717142105102,10,0
quantum computing basics,43,"43. Living wage, etc, for workers The State shall endeavour to secure, by suitable legislation or economic organisation or in any other way, to all workers, agricultural, industrial or otherwise, work, a living wage, conditions of work ensuring a decent standard of life and full enjoyment of leisure and social and cultural opportunities and, in particular, the State shall endeavour to promote cottage industries on an individual or co operative basis in rural areas",-0.18718277425765992,11,0
quantum computing basics,243O,243O. Bar to interference by courts in electoral matters Notwithstanding anything in this Constitution,-0.22558319149017336,12,0
quantum computing basics,113,113. Procedure in Parliament with respect to estimates,-0.29758277425765994,13,0
quantum computing basics,203,203. Procedure in Legislature with respect to estimates,-0.30038319149017334,14,0
quantum computing basics,31A,"31A. Saving of laws providing for acquisition of estates, etc ( 1 ) Notwithstanding anything contained in Article 13, no law providing for",-0.3315818205833435,15,0
quantum computing basics,163,163. Council of Ministers to aid and advise Governor,-0.3355827742576599,16,0
quantum computing basics,279,"279. Calculation of net proceeds, etc",-0.3859796748161316,17,0
quantum computing basics,39,"39. Certain principles of policy to be followed by the State: The State shall, in particular, direct its policy towards securing",-0.4079823570251465,18,0
quantum computing basics,80,80. Composition of the Council of States,-0.4631823570251465,19,0
quantum computing basics,243Y,243Y. Finance Commission,-0.46438277425765995,20,0
quantum computing basics,243Q,243Q. Constitution of Municipalities,-0.48358223781585696,21,0
quantum computing basics,100,"100. Voting in Houses, power of Houses to act notwithstanding vacancies and quorum",-0.49118247623443606,22,0
quantum computing basics,243K,"243K. Elections to the Panchayats The superintendence, direction and control of the preparation of electoral rolls for, and the conduct of, all elections to the Panchayats shall be vested in a State Election Commission consisting of a State Election Commissioner to be appointed by the Governor",-0.49838223781585694,23,0
quantum computing basics,266,266. Consolidated Funds and public accounts of India and of the States,-0.5147828934669495,24,0
quantum computing basics,283,"283. Custody, etc of Consolidated Funds, Contingency Funds and moneys credited to the public accounts",-0.5287815225601197,25,0
quantum computing basics,369,"369. Temporary power to Parliament to make laws with respect to certain matters in the State List as if they were matters in the Concurrent List Notwithstanding anything in this Constitution, Parliament shall, during a period of five years from the commencement of this constitution, have power to make laws with respect to the following matters as if they were enumerated in the Concurrent List, namely:",-0.5571819397926331,26,0
quantum computing basics,189,"189. Voting in Houses, power of Houses to act notwithstanding vacancies and quorum",-0.5587823570251466,27,0
quantum computing basics,243I,243I. Constitution of finance Commissions to review financial position,-0.6975818205833435,28,0
quantum computing basics,148,148. Comptroller and Auditor General of India,-0.7315820590019226,29,0
quantum computing basics,55,55. Manner of election of President,-0.8023787211418152,30,0
quantum computing basics,356,356. Provisions in case of failure of constitutional machinery in State,-0.8864824264526368,31,0
quantum computing basics,244A,244A. Formation of an autonomous State comprising certain tribal areas in Assam and creation of local Legislature or Council of Ministers or both therefor,-0.9019697804450989,32,0
quantum computing basics,344,344. Commission and Committee of Parliament on official language,-0.9031513030052185,33,0
quantum computing basics,243C,243C. Composition of Panchayats,-0.9151803304672241,34,0
quantum computing basics,171,171. Composition of the Legislative Councils,-0.9667727010726929,35,0
quantum computing basics,324,"324. Superintendence, direction and control of elections to be vested in an Election Commission",-0.9819812245368958,36,0
quantum computing basics,370,370. Temporary provisions with respect to the State of Jammu and Kashmir,-1.0483015927314758,37,0
quantum computing basics,275,275. Grants from the Union to certain States,-1.123157025051117,38,0
quantum computing basics,145,"145. Rules of Court, etc",-1.2063227523803712,39,0
quantum computing basics,320,320. Functions of Public Service Commissions,-1.3874736381530763,40,0
how to build a startup,30,30. Right of minorities to establish and administer educational institutions,0.17161680850982663,1,0
how to build a startup,2,"2. Admission or establishment of new States: Parliament may by law admit into the Union, or establish, new States on such terms and conditions, as it thinks fit",-0.0639837875366211,2,0
how to build a startup,99,"99. Oath or affirmation by members Every member of either House of Parliament shall, before taking his seat, make and subscribe before the President, or some person appointed in that behalf by him, an oath or affirmation according to the form set out for the purpose in the Third Schedule",-0.1151833106994629,3,0
how to build a startup,243B,243B. Constitution of Panchayats,-0.13998319149017335,4,0
how to build a startup,5,5. Citizenship at the commencement of the Constitution At the commencement of this Constitution every person who has his domicile in the territory of India and,-0.16878342990875245,5,0
how to build a startup,168,168. Constitution of Legislatures in States,-0.19758319149017334,6,0
how to build a startup,351,"351. Directive for development of the Hindi language It shall be the duty of the Union to promote the spread of the Hindi language, to develop it so that it may serve as a medium of expression for all the elements of the composite culture of India and to secure its enrichment by assimilating without interfering with its genius, the forms, style and expressions used in Hindustani and in the other languages of India specified in the Eighth Schedule, and by drawing, wherever necessary or desirable, for its vocabulary, primarily on Sanskrit and secondarily on other languages PART XVIII EMERGENCY PROVISIONS",-0.2435823570251465,7,0
how to build a startup,239,239. A Creation of local Legislatures or Council of Ministers or both for certain Union territories,-0.269583549118042,8,0
how to build a startup,60,"60. Oath or affirmation by the President Every President and every person acting as President or discharging the functions of the President shall, before entering upon his office, make and subscribe in the presence of the Chief Justice of India or, in his absence, the senior most Judge of the Supreme Court available, an oath or affirmation in the following form, that is to say swear in the name of God I, A B, do that I olemnly affirm will faithfully execute the office of President (or discharge the functions of thePresident) of India and will do the best of my ability preserve, protect and defend the Constitution and the law and that I will devote myself to the service and well being of the people of India",-0.28598247623443607,9,0
how to build a startup,263,263. Provisions with respect to an inter State Council If any any time it appears to the President that the public interests would be served by the establishment of a Council charged with the duty of,-0.33677019767761235,10,0
how to build a startup,124,124. Establishment and constitution of Supreme Court,-0.3463823570251465,11,0
how to build a startup,98,98. Secretariat of Parliament,-0.3539833106994629,12,0
how to build a startup,208,208. Rules of procedure,-0.35997532367706303,13,0
how to build a startup,371,371. Special provision with respect to the States of Maharashtra and Gujarat,-0.37958247623443603,14,0
how to build a startup,107,107. Provisions as to introduction and passing of Bills,-0.38678182058334354,15,0
how to build a startup,300,300. Suits and proceedings,-0.4139833106994629,16,0
how to build a startup,118,118. Rules of procedure,-0.4143815225601197,17,0
how to build a startup,280,280. Finance Commission,-0.42278265504837037,18,0
how to build a startup,196,196. Provisions as to introduction and passing of Bills,-0.4235809265136719,19,0
how to build a startup,267,267. Contingency Fund,-0.437977171421051,20,0
how to build a startup,241,241. High Courts for Union territories,-0.45238301267623904,21,0
how to build a startup,243E,"243E. Duration of Panchayats, etc",-0.4607824762344361,22,0
how to build a startup,243Q,243Q. Constitution of Municipalities,-0.4835800324440003,23,0
how to build a startup,231,231. Establishment of a common High Court for two or more States,-0.484383012676239,24,0
how to build a startup,312,312. All India Services,-0.5099828934669495,25,0
how to build a startup,3,"3. Formation of new States and alteration of areas, boundaries or names of existing States: Parliament may by law",-0.5207819397926331,26,0
how to build a startup,243U,"243U. Duration of Municipalities, etc",-0.5227820590019226,27,0
how to build a startup,293,293. Borrowing by States,-0.5259818205833435,28,0
how to build a startup,116,"116. Votes on account, votes of credit and exceptional grants",-0.5727632239341736,29,0
how to build a startup,206,"206. Votes on account, votes of credit and exceptional grants",-0.589943494796753,30,0
how to build a startup,295,"295. Succession to property, assets, rights, liabilities and obligations in other cases",-0.6483809265136719,31,0
how to build a startup,243Z,243Z. D Committee for district planning,-0.6663706745147705,32,0
how to build a startup,243I,243I. Constitution of finance Commissions to review financial position,-0.6975731183052063,33,0
how to build a startup,257,257. Control of the Union over States in certain cases,-0.6987823570251466,34,0
how to build a startup,243Z,243Z. E Committee for Metropolitan Planning,-0.8815369978904725,35,0
how to build a startup,356,356. Provisions in case of failure of constitutional machinery in State,-0.8827297180175782,36,0
how to build a startup,244A,244A. Formation of an autonomous State comprising certain tribal areas in Assam and creation of local Legislature or Council of Ministers or both therefor,-0.9017305870056153,37,0
how to build a startup,344,344. Commission and Committee of Parliament on official language,-0.9031111294746399,38,0
how to build a startup,275,275. Grants from the Union to certain States,-1.1219106323242187,39,0
how to build a startup,371F,"371F. Special provisions with respect to the State of Sikkim Notwithstanding anything in this Constitution,",-2.3492512451171876,40,0
stock market investment tips,43,"43. A Participation of workers in management of industries The State shall take steps, by suitable legislation or in any other way, to secure the participation of workers in the management of undertakings, establishments or other organisations engaged in any industry",-0.10678319149017335,1,0
stock market investment tips,281,281. Recommendations of the Finance Commission The President shall cause every recommendation made by the Finance Commission under the provisions of this Constitution together with an explanatory memorandum as to the action taken thereon to be laid before each House of Parliament Miscellaneous Financial Provisions,-0.12597001886367798,2,0
stock market investment tips,43,"43. Living wage, etc, for workers The State shall endeavour to secure, by suitable legislation or economic organisation or in any other way, to all workers, agricultural, industrial or otherwise, work, a living wage, conditions of work ensuring a decent standard of life and full enjoyment of leisure and social and cultural opportunities and, in particular, the State shall endeavour to promote cottage industries on an individual or co operative basis in rural areas",-0.18718277425765992,3,0
stock market investment tips,119,"119. Regulation by law of procedure in Parliament in relation to financial business Parliament may, for the purpose of the timely completion of financial business, regulate by law the procedure of, and the conduct of business in, each House of Parliament in relation to any financial matter or to any Bill for the appropriation of moneys out of the consolidated Fund of India, and, if and so far as any provision of any law so made is inconsistent with any rule made by a House of Parliament under clause ( 1 ) of Article 118 or with any rule or standing order having effect in relation to Parliament under clause ( 2 ) of that article, such provision shall prevail",-0.2659788999557495,4,0
stock market investment tips,297,297. Things of value within territorial waters or continental shelf and resources of the exclusive economic zone to vest in the Union,-0.28998301267623905,5,0
stock market investment tips,113,113. Procedure in Parliament with respect to estimates,-0.2975739527702332,6,0
stock market investment tips,203,203. Procedure in Legislature with respect to estimates,-0.3003820590019226,7,0
stock market investment tips,209,"209. Regulation by law of procedure in the Legislature of the State in relation to financial business The Legislature of a State may, for the purpose of the timely completion of financial business, regulate by law the procedure of, and the conduct of business in, the House or Houses of the Legislature of the State in relation to any financial matter or to any Bill for the appropriation of moneys out of the Consolidated Fund of the State, and, if and so far as any provision of any law so made is inconsistent with any rule made by the House or either House of the Legislature of the State under clause ( 1 ) of article 208 or with any rule or standing order having effect in relation to the Legislature of the State under clause ( 2 ) of that article, such provision shall prevail",-0.31358003244400023,8,0
stock market investment tips,31A,"31A. Saving of laws providing for acquisition of estates, etc ( 1 ) Notwithstanding anything contained in Article 13, no law providing for",-0.33157490644454957,9,0
stock market investment tips,263,263. Provisions with respect to an inter State Council If any any time it appears to the President that the public interests would be served by the establishment of a Council charged with the duty of,-0.3367443888664246,10,0
stock market investment tips,107,107. Provisions as to introduction and passing of Bills,-0.38678301267623905,11,0
stock market investment tips,274,274. Prior recommendation of President required to Bills affecting taxation in which States are interested,-0.40518122453689576,12,0
stock market investment tips,39,"39. Certain principles of policy to be followed by the State: The State shall, in particular, direct its policy towards securing",-0.40798104572296146,13,0
stock market investment tips,286,286. Restrictions as to imposition of tax on the sale or purchase of goods,-0.4183816417694092,14,0
stock market investment tips,280,280. Finance Commission,-0.42277735023498536,15,0
stock market investment tips,196,196. Provisions as to introduction and passing of Bills,-0.42358301267623905,16,0
stock market investment tips,114,114. Appropriation Bills,-0.42918134374618533,17,0
stock market investment tips,267,267. Contingency Fund,-0.4379227523803711,18,0
stock market investment tips,204,204. Appropriation Bills,-0.4427828934669495,19,0
stock market investment tips,243Y,243Y. Finance Commission,-0.4643826550483704,20,0
stock market investment tips,117,117. Special provisions as to financial Bills,-0.4759296665191651,21,0
stock market investment tips,207,207. Special provisions as to financial Bills,-0.4811745488166809,22,0
stock market investment tips,266,266. Consolidated Funds and public accounts of India and of the States,-0.5147775290489197,23,0
stock market investment tips,283,"283. Custody, etc of Consolidated Funds, Contingency Funds and moneys credited to the public accounts",-0.5287039173126221,24,0
stock market investment tips,115,"115. Supplementary, additional or excess grants",-0.5675815225601196,25,0
stock market investment tips,116,"116. Votes on account, votes of credit and exceptional grants",-0.5727798536300659,26,0
stock market investment tips,109,109. Special procedure in respect of Money Bills,-0.583182237815857,27,0
stock market investment tips,205,"205. Supplementary, additional or excess grants",-0.5867827742576599,28,0
stock market investment tips,198,198. Special procedure in respect of Money Bills,-0.611583012676239,29,0
stock market investment tips,270,270. Taxes levied and collected by the Union and distributed between the Union and the States,-0.6299804496765137,30,0
stock market investment tips,276,"276. Taxes on professions, trades, callings and employments",-0.6335810457229615,31,0
stock market investment tips,202,202. Annual financial statement,-0.6639813437461853,32,0
stock market investment tips,243I,243I. Constitution of finance Commissions to review financial position,-0.6975803304672241,33,0
stock market investment tips,110,110. Definition of Money Bill,-0.7887039173126221,34,0
stock market investment tips,199,199. Definition of Money Bills,-0.8007657273292542,35,0
stock market investment tips,112,112. Annual financial statement,-0.8415605417251587,36,0
stock market investment tips,360,360. Provisions as to financial emergency,-1.0102655319213867,37,0
stock market investment tips,275,275. Grants from the Union to certain States,-1.1230012781143188,38,0
stock market investment tips,269,269. Taxes levied and collected by the union but assigned to the States,-1.2827515197753907,39,0
stock market investment tips,366,"366. Definition In this Constitution, unless the context otherwise requires, the following expressions have l, the meanings hereby respectively assigned to them, that is to say",-2.7781095642089846,40,0
how to lose weight fast,17,17. Abolition of Untouchability Untouchability is abolished and its practice in any form is forbidden The enforcement of any disability arising out of Untouchability shall be an offence punishable in accordance with law,1.4124216364860533,1,0
how to lose weight fast,22,22. Protection against arrest and detention in certain cases,0.5297119781494141,2,0
how to lose weight fast,48,"48. Organisation of agriculture and animal husbandry The State shall endeavour to organise agriculture and animal husbandry on modern and scientific lines and shall, in particular, take steps for preserving and improving the breeds, and prohibiting the slaughter, of cows and calves and other milch and draught cattle",-0.1267827742576599,3,0
how to lose weight fast,188,"188. Oath or affirmation by members Every member of the Legislative Assembly or the Legislative Council of a State shall, before taking his seat, make and subscribe before the Governor, or some person appointed in that behalf by him, an oath or affirmation according to the form set out for the purpose in the Third Schedule",-0.12958074769973754,4,0
how to lose weight fast,161,"161. Power of Governor to grant pardons, etc, and to suspend, remit or commute sentences in certain cases The Governor of a State shall have the power to grant pardons, reprieves, respites or remissions of punishment or to suspend, remit or commute the sentence of any person convicted of any offence against any law relating to a matter to which the executive power of the State extends",-0.1547768137931824,5,0
how to lose weight fast,47,"47. Duty of the State to raise the level of nutrition and the standard of living and to improve public health The State shall regard the raising of the level of nutrition and the standard of living of its people and the improvement of public health as among its primary duties and, in particular, the State shall endeavour to bring about prohibition of the consumption except for medicinal purposes of intoxicating drinks and of drugs which are injurious to health",-0.18542595443725587,6,0
how to lose weight fast,43,"43. Living wage, etc, for workers The State shall endeavour to secure, by suitable legislation or economic organisation or in any other way, to all workers, agricultural, industrial or otherwise, work, a living wage, conditions of work ensuring a decent standard of life and full enjoyment of leisure and social and cultural opportunities and, in particular, the State shall endeavour to promote cottage industries on an individual or co operative basis in rural areas",-0.1871745488166809,7,0
how to lose weight fast,90,"90. Vacation and resignation of, and removal from, the office of Deputy Chairman A member holding office as Deputy chairman of the Council of States",-0.24317568130493164,8,0
how to lose weight fast,228,"228. Transfer of certain cases to High Court If the High Court is satisified that a case pending in a court subordinate to it involves a substantial question of law as to the interpretation of this Constitution the determination of which is necessary for the disposal of the case, it shall withdraw the case and may",-0.2535783635139465,9,0
how to lose weight fast,60,"60. Oath or affirmation by the President Every President and every person acting as President or discharging the functions of the President shall, before entering upon his office, make and subscribe in the presence of the Chief Justice of India or, in his absence, the senior most Judge of the Supreme Court available, an oath or affirmation in the following form, that is to say swear in the name of God I, A B, do that I olemnly affirm will faithfully execute the office of President (or discharge the functions of thePresident) of India and will do the best of my ability preserve, protect and defend the Constitution and the law and that I will devote myself to the service and well being of the people of India",-0.2859552965164185,10,0
how to lose weight fast,297,297. Things of value within territorial waters or continental shelf and resources of the exclusive economic zone to vest in the Union,-0.2899833106994629,11,0
how to lose weight fast,193,"193. Penalty for sitting and voting before making oath or affirmation under Article 188 or when not qualified or when disqualified If a person sits or votes as a member of the Legislative Assembly or the Legislative Council of a State before he has complied with the requirements of Article 188, or when he knows that he is not qualified or that he is disqualified for membership thereof, or that he is prohibited from so doing by the provisions of any law made by Parliament or the legislature of the State, he shall be liable in respect of each day on which he so sits or votes to a penalty of five hundred rupees to be recovered as a debt due to the State Powers, Privileges and Immunities of State Legislatures and their Members",-0.29277204542160035,12,0
how to lose weight fast,183,"183. Vacation and resignation of, and removal from, the offices of Chairman and Deputy Chairman A member holding office as Chairman or Deputy Chairman of a Legislative Council",-0.2939812245368958,13,0
how to lose weight fast,273,273. Grants in lieu of export duty on jute and jute products,-0.303180628490448,14,0
how to lose weight fast,159,"159. Oath or affirmation by Governor Every Governor and every person discharging the functions of the Governor shall, before entering upon his office, make and subscribe in the presence of the chief Justice of the High Court exercising jurisdiction in relation to the State, or, in his absence, the senior most Judge of that court available, an oath or affirmation in the following form, that is to say swear in the name of God I, A B, do that I solemnly affirm will faithfully execute the office of Governor (or discharge the functions of the Governor) of (name of the State) and will to the best of my ability preserve, protect and defend the Constitution and the law and that I will devote myself to the service and well being of the people of (name of the State)",-0.3063513030052185,15,0
how to lose weight fast,179,"179. Vacation and resignation of, and removal from, the offices of Speaker and Deputy Speaker A member holding office as Speaker or Deputy Speaker of an Assembly",-0.30878033046722414,16,0
how to lose weight fast,72,"72. Power of President to grant pardons, etc, and to suspend, remit or commute sentences in certain cases",-0.3119787211418152,17,0
how to lose weight fast,111,"111. Assent to Bills When a Bill has been passed by the Houses of Parliament, it shall be presented to the President, and the President shall declare either that he assents to the Bill, or that he withholds assent therefrom Provided that the President may, as soon as possible after the presentation to him of a Bill for assent, return the Bill if it is not a Money Bill to the Houses with a message requesting that they will reconsider the Bill or any specified provisions thereof and, in particular, will consider the desirability of introducing any such amendments as he may recommend in his message, and when a Bill is so returned, the Houses shall reconsider the Bill accordingly, and if the Bill is passed again by the Houses with or without amendment and presented to the President for assent, the President shall not withhold assent therefrom Procedures in Financial Matters",-0.35239707260131836,18,0
how to lose weight fast,296,"296. Property accruing by escheat or lapse or as bona vacantia Subject as hereinafter provided any property in the territory of India which, if this Constitution had not come into operation, would have accrued to His Majesty or, as the case may be, to the Ruler of an Indian State by escheat or lapse, or as bona vacantia for want of a rightful owner, shall, if it is property situate in a State, vest in such State, and shall, in any other case, vest in the Union: Provided that any property which at the date when it wouldhave so accrued to His Majesty or to the Ruler of an Indian State was in the possession or under the control of the Government of India or the Government of a State shall, according as the purposes for which it was then used or held were purposes of the Union or a State, vest in the Union or in that State Explanation In the article, the expressions Ruler and Indian State have the same meanings as in Article 363",-0.3751164938926697,19,0
how to lose weight fast,372,372. A Power of the President to adapt laws,-0.3759374747276306,20,0
how to lose weight fast,94,"94. Vacation and resignation of, and removal from, the offices of Speaker and Deputy Speaker A member holding office as Speaker or Deputy Speaker of the House of the People",-0.3815798536300659,21,0
how to lose weight fast,279,"279. Calculation of net proceeds, etc",-0.3859728798866272,22,0
how to lose weight fast,363,363. A Recognition granted to Rulers of Indian States to cease and privy purses to be abolished Notwithstanding anything in this Constitution or in any law for the time being in force,-0.39117735023498534,23,0
how to lose weight fast,392,392. Power of the President to remove difficulties,-0.3941602701187134,24,0
how to lose weight fast,191,191. Disqualifications for membership,-0.48314033575057985,25,0
how to lose weight fast,123,123. Power of President to promulgate Ordinances during recess of Parliament,-0.48531532821655277,26,0
how to lose weight fast,369,"369. Temporary power to Parliament to make laws with respect to certain matters in the State List as if they were matters in the Concurrent List Notwithstanding anything in this Constitution, Parliament shall, during a period of five years from the commencement of this constitution, have power to make laws with respect to the following matters as if they were enumerated in the Concurrent List, namely:",-0.5570803734779358,27,0
how to lose weight fast,66,66. Election of Vice President,-0.5655117851257324,28,0
how to lose weight fast,109,109. Special procedure in respect of Money Bills,-0.5831516606330872,29,0
how to lose weight fast,198,198. Special procedure in respect of Money Bills,-0.6115665021896363,30,0
how to lose weight fast,197,197. Restriction on powers of Legislative Council as to Bills other than Money Bills,-0.638361793422699,31,0
how to lose weight fast,101,101. Vacation of seats,-0.6899452233314515,32,0
how to lose weight fast,243T,243T. Reservation of seats,-0.696375323677063,33,0
how to lose weight fast,311,"311. Dismissal, removal or reduction in rank of persons employed in civil capacities under the Union or a State",-0.708564084815979,34,0
how to lose weight fast,190,190. Vacation of seats,-0.7266936057090759,35,0
how to lose weight fast,55,55. Manner of election of President,-0.8021241497039795,36,0
how to lose weight fast,352,352. Proclamation of Emergency,-1.0062997802734377,37,0
how to lose weight fast,360,360. Provisions as to financial emergency,-1.0090333847045898,38,0
how to lose weight fast,269,269. Taxes levied and collected by the union but assigned to the States,-1.2806152893066407,39,0
how to lose weight fast,366,"366. Definition In this Constitution, unless the context otherwise requires, the following expressions have l, the meanings hereby respectively assigned to them, that is to say",-2.7636022705078127,40,0
symptoms of covid 19,19,19. Protection of certain rights regarding freedom of speech etc,0.3736358955383301,1,0
symptoms of covid 19,52,52. The President of India There shall be a President of India,-0.02478193979263306,2,0
symptoms of covid 19,63,63. The Vice President of India There shall be a Vice President of India,-0.02878193979263306,3,0
symptoms of covid 19,44,44. Uniform civil code for the citizens The State shall endeavour to secure for the citizens a uniform civil code throughout the territory of India,-0.05878235702514649,4,0
symptoms of covid 19,152,"152. Definition In this Part, unless the context otherwise, requires, the expression State does not include the State of Jammu and Kashmir CHAPTER II THE EXECUTIVE The Governor",-0.07038265504837037,5,0
symptoms of covid 19,42,42. Provision for just and humane conditions of work and maternity relief The State shall make provision for securing just and humane conditions of work and for maternity relief,-0.07078265504837036,6,0
symptoms of covid 19,79,79. Constitution of Parliament There shall be a Parliament for the Union which shall consist of the President and two Houses to be known respectively as the council of States and the House of the People,-0.08078366832733155,7,0
symptoms of covid 19,70,70. Discharge of Presidents functions in other contingencies Parliament may make such provision as if thinks fit for the discharge of the functions of the President in any contingency not provided for in this Chapter,-0.08637752904891968,8,0
symptoms of covid 19,99,"99. Oath or affirmation by members Every member of either House of Parliament shall, before taking his seat, make and subscribe before the President, or some person appointed in that behalf by him, an oath or affirmation according to the form set out for the purpose in the Third Schedule",-0.11518205900192262,9,0
symptoms of covid 19,394,"394. Commencement This article and Articles 5, 6, 7, 8, 9, 60, 324, 366, 367, 379, 380, 388, 391, 392 and 393 shall come into force at once, and the remaining provisions of this Constitution shall come into force on the twenty sixth day of January, 1950 , which day is referred to in this Constitution as the commencement of this Constitution",-0.13677681379318238,10,0
symptoms of covid 19,89,89. The Chairman and Deputy Chairman of the council of States,-0.1547823570251465,11,0
symptoms of covid 19,47,"47. Duty of the State to raise the level of nutrition and the standard of living and to improve public health The State shall regard the raising of the level of nutrition and the standard of living of its people and the improvement of public health as among its primary duties and, in particular, the State shall endeavour to bring about prohibition of the consumption except for medicinal purposes of intoxicating drinks and of drugs which are injurious to health",-0.1851541572570801,12,0
symptoms of covid 19,43,"43. Living wage, etc, for workers The State shall endeavour to secure, by suitable legislation or economic organisation or in any other way, to all workers, agricultural, industrial or otherwise, work, a living wage, conditions of work ensuring a decent standard of life and full enjoyment of leisure and social and cultural opportunities and, in particular, the State shall endeavour to promote cottage industries on an individual or co operative basis in rural areas",-0.18718277425765992,13,0
symptoms of covid 19,69,"69. Oath or affirmation by the Vice President Every Vice President shall, before entering upon his office, make and subscribe before the President, or some person appointed in that behalf by him, an oath or affirmation in the following form, that is to say swear in the name of God I, A B, do that solemnly affirm will bear true faith, and allegiance to the Constitution of India as by law established and that I will faithfully discharge the duty upon which I am about to enter",-0.19118277425765992,14,0
symptoms of covid 19,236,236. Interpretation In this Chapter,-0.22358378753662111,15,0
symptoms of covid 19,38,38. State to secure a social order for the promotion of welfare of the people,-0.24038223781585694,16,0
symptoms of covid 19,90,"90. Vacation and resignation of, and removal from, the office of Deputy Chairman A member holding office as Deputy chairman of the Council of States",-0.24318092651367187,17,0
symptoms of covid 19,104,"104. Penalty for sitting and voting before making oath or affirmation under Article 99 or when not qualified or when disqualified If a person sits or votes as a member of either House of Parliament before he has complied with the requirements of Article 99, or when he knows that he is not qualified or that he is disqualified for membership thereof, or that he is prohibited from so doing by the provisions of any law made by Parliament, he shall be liable in respect of each day on which he so sits or votes to a penalty of five hundred rupees to be recovered as a debt due to the Union Powers, Privileges and Immunities of Parliament and its Members",-0.26078247623443607,18,0
symptoms of covid 19,60,"60. Oath or affirmation by the President Every President and every person acting as President or discharging the functions of the President shall, before entering upon his office, make and subscribe in the presence of the Chief Justice of India or, in his absence, the senior most Judge of the Supreme Court available, an oath or affirmation in the following form, that is to say swear in the name of God I, A B, do that I olemnly affirm will faithfully execute the office of President (or discharge the functions of thePresident) of India and will do the best of my ability preserve, protect and defend the Constitution and the law and that I will devote myself to the service and well being of the people of India",-0.2859826550483704,19,0
symptoms of covid 19,193,"193. Penalty for sitting and voting before making oath or affirmation under Article 188 or when not qualified or when disqualified If a person sits or votes as a member of the Legislative Assembly or the Legislative Council of a State before he has complied with the requirements of Article 188, or when he knows that he is not qualified or that he is disqualified for membership thereof, or that he is prohibited from so doing by the provisions of any law made by Parliament or the legislature of the State, he shall be liable in respect of each day on which he so sits or votes to a penalty of five hundred rupees to be recovered as a debt due to the State Powers, Privileges and Immunities of State Legislatures and their Members",-0.2927820590019226,20,0
symptoms of covid 19,159,"159. Oath or affirmation by Governor Every Governor and every person discharging the functions of the Governor shall, before entering upon his office, make and subscribe in the presence of the chief Justice of the High Court exercising jurisdiction in relation to the State, or, in his absence, the senior most Judge of that court available, an oath or affirmation in the following form, that is to say swear in the name of God I, A B, do that I solemnly affirm will faithfully execute the office of Governor (or discharge the functions of the Governor) of (name of the State) and will to the best of my ability preserve, protect and defend the Constitution and the law and that I will devote myself to the service and well being of the people of (name of the State)",-0.30638193979263306,21,0
symptoms of covid 19,179,"179. Vacation and resignation of, and removal from, the offices of Speaker and Deputy Speaker A member holding office as Speaker or Deputy Speaker of an Assembly",-0.3087828934669495,22,0
symptoms of covid 19,39,"39. Certain principles of policy to be followed by the State: The State shall, in particular, direct its policy towards securing",-0.40798277425765994,23,0
symptoms of covid 19,340,340. Appointment of a Commission to investigate the conditions of backward classes,-0.44033985891342164,24,0
symptoms of covid 19,65,"65. The Vice President to act as President or to discharge his functions during casual vacancies in the office, or during the absence, of President",-0.444269704246521,25,0
symptoms of covid 19,191,191. Disqualifications for membership,-0.4831826550483704,26,0
symptoms of covid 19,51A,"51A. Fundamental duties It shall be the duty of every citizen of India (a) to abide by the Constitution and respect its ideals and institutions, the national Flag and the National Anthem;",-0.5023611973762513,27,0
symptoms of covid 19,353,"353. Effect of Proclamation of Emergency While a Proclamation of Emergency is in operation, then",-0.5059344348907471,28,0
symptoms of covid 19,189,"189. Voting in Houses, power of Houses to act notwithstanding vacancies and quorum",-0.5587795556068421,29,0
symptoms of covid 19,55,55. Manner of election of President,-0.802338428401947,30,0
symptoms of covid 19,356,356. Provisions in case of failure of constitutional machinery in State,-0.8837844818115235,31,0
symptoms of covid 19,344,344. Commission and Committee of Parliament on official language,-0.903146117401123,32,0
symptoms of covid 19,360,360. Provisions as to financial emergency,-1.0101408390045166,33,0
symptoms of covid 19,352,352. Proclamation of Emergency,-1.0109689697265627,34,0
symptoms of covid 19,359,359. Suspension of the enforcement of the rights conferred by Part III during emergencies,-1.0796354309082032,35,0
symptoms of covid 19,190,190. Vacation of seats,-1.9267749064445496,36,0
symptoms of covid 19,371F,"371F. Special provisions with respect to the State of Sikkim Notwithstanding anything in this Constitution,",-2.3499645935058595,37,0
symptoms of covid 19,366,"366. Definition In this Constitution, unless the context otherwise requires, the following expressions have l, the meanings hereby respectively assigned to them, that is to say",-2.7797193664550783,38,0
symptoms of covid 19,371D,371D. Special provisions with respect to the state of Andhra Pradesh,-2.890437109375,39,0
symptoms of covid 19,358,358. Suspension of provisions of Article 19 during emergencies,-3.0113486404418945,40,0
python tutorial for beginners,22,22. Protection against arrest and detention in certain cases,0.5274758502960205,1,0
python tutorial for beginners,1,1. The territories of the States; the Union territories specified in the First Schedule; and such other territories as may be acquired,-0.05358265504837036,2,0
python tutorial for beginners,329,329. A Special provision as to elections to Parliament in the case of Prime Minister and Speaker Omitted PART XVI SPECIAL PROVISIONS RELATING TO CERTAIN CLASSES,-0.063980628490448,3,0
python tutorial for beginners,394,"394. Commencement This article and Articles 5, 6, 7, 8, 9, 60, 324, 366, 367, 379, 380, 388, 391, 392 and 393 shall come into force at once, and the remaining provisions of this Constitution shall come into force on the twenty sixth day of January, 1950 , which day is referred to in this Constitution as the commencement of this Constitution",-0.1367820590019226,4,0
python tutorial for beginners,243B,243B. Constitution of Panchayats,-0.13998289346694948,5,0
python tutorial for beginners,350,350. A Facilities for instruction in mother tongue at primary stage It shall be the endeavour of every State and of every local authority within the State to provide adequate facilities for instruction in the mother tongue at the primary stage of education to children belonging to linguistic minority groups; and the President may issue such directions to any State as he considers necessary or proper for securing the provision of such facilities,-0.17918223781585693,6,0
python tutorial for beginners,74,74. Council of Ministers to aid and advise President,-0.23838193979263306,7,0
python tutorial for beginners,239,239. A Creation of local Legislatures or Council of Ministers or both for certain Union territories,-0.2695820590019226,8,0
python tutorial for beginners,163,163. Council of Ministers to aid and advise Governor,-0.33558223781585694,9,0
python tutorial for beginners,243P,"243P. Definitions In this Part, unless the context otherwise requires,",-0.34318152256011963,10,0
python tutorial for beginners,208,208. Rules of procedure,-0.359982237815857,11,0
python tutorial for beginners,75,75. Other provisions as to Ministers,-0.37358134374618535,12,0
python tutorial for beginners,367,367. Interpretation,-0.3759820590019226,13,0
python tutorial for beginners,279,"279. Calculation of net proceeds, etc",-0.3859813437461853,14,0
python tutorial for beginners,107,107. Provisions as to introduction and passing of Bills,-0.38678205900192264,15,0
python tutorial for beginners,243,"243. Definitions In this Part, unless the context otherwise requires,",-0.3879813437461853,16,0
python tutorial for beginners,392,392. Power of the President to remove difficulties,-0.39438182058334353,17,0
python tutorial for beginners,118,118. Rules of procedure,-0.414382237815857,18,0
python tutorial for beginners,196,196. Provisions as to introduction and passing of Bills,-0.4235823570251465,19,0
python tutorial for beginners,243E,"243E. Duration of Panchayats, etc",-0.46078134374618535,20,0
python tutorial for beginners,207,207. Special provisions as to financial Bills,-0.4811818205833435,21,0
python tutorial for beginners,243Q,243Q. Constitution of Municipalities,-0.4835816417694092,22,0
python tutorial for beginners,164,164. Other provisions as to Ministers,-0.4875807476997376,23,0
python tutorial for beginners,3,"3. Formation of new States and alteration of areas, boundaries or names of existing States: Parliament may by law",-0.5207339580535889,24,0
python tutorial for beginners,369,"369. Temporary power to Parliament to make laws with respect to certain matters in the State List as if they were matters in the Concurrent List Notwithstanding anything in this Constitution, Parliament shall, during a period of five years from the commencement of this constitution, have power to make laws with respect to the following matters as if they were enumerated in the Concurrent List, namely:",-0.5571755024909973,25,0
python tutorial for beginners,109,109. Special procedure in respect of Money Bills,-0.5831731183052064,26,0
python tutorial for beginners,198,198. Special procedure in respect of Money Bills,-0.611580628490448,27,0
python tutorial for beginners,81,81. Composition of the House of the People,-0.6239668002128601,28,0
python tutorial for beginners,276,"276. Taxes on professions, trades, callings and employments",-0.6335773502349854,29,0
python tutorial for beginners,110,110. Definition of Money Bill,-0.7887704360961915,30,0
python tutorial for beginners,170,170. Composition of the Legislative Assemblies,-0.7999760985374451,31,0
python tutorial for beginners,199,199. Definition of Money Bills,-0.8007629259109498,32,0
python tutorial for beginners,368,368. Power of Parliament to amend the Constitution and procedure therefor,-0.8039743103981019,33,0
python tutorial for beginners,356,356. Provisions in case of failure of constitutional machinery in State,-0.8859831779479981,34,0
python tutorial for beginners,243C,243C. Composition of Panchayats,-0.9151485611915589,35,0
python tutorial for beginners,171,171. Composition of the Legislative Councils,-0.9667257326126099,36,0
python tutorial for beginners,360,360. Provisions as to financial emergency,-1.0103158382415771,37,0
python tutorial for beginners,371F,"371F. Special provisions with respect to the State of Sikkim Notwithstanding anything in this Constitution,",-2.351838563537598,38,0
python tutorial for beginners,366,"366. Definition In this Constitution, unless the context otherwise requires, the following expressions have l, the meanings hereby respectively assigned to them, that is to say",-2.7811021942138674,39,0
python tutorial for beginners,371D,371D. Special provisions with respect to the state of Andhra Pradesh,-2.9005250762939454,40,0
java vs python which is better,52,52. The President of India There shall be a President of India,-0.024783966350555423,1,0
java vs python which is better,50,50. Separation of judiciary from executive The State shall take steps to separate the judiciary from the executive in the public services of the State,-0.059983966350555425,2,0
java vs python which is better,152,"152. Definition In this Part, unless the context otherwise, requires, the expression State does not include the State of Jammu and Kashmir CHAPTER II THE EXECUTIVE The Governor",-0.0703837875366211,3,0
java vs python which is better,48A,48A. Protection and improvement of environment and safeguarding of forests and wild life The State shall endeavour to protect and improve the environment and to safeguard the forests and wild life of the country,-0.0843837875366211,4,0
java vs python which is better,346,"346. Official language for communication between one State and another or between a State and the Union The language for the time being authorised for use in the Union for official purposes shall be the official language for communication between one State and another State and between a State and the Union: Provided that if two or more States agree that the Hindi language should be the official language for communication between such States, that language may be used for such communication",-0.19798277425765992,5,0
java vs python which is better,220,"220. Restriction on practice after being a permanent Judge No person who, after the commencement of this Constitution, has held office as a permanent Judge of a High Court shall plead or act in any court or before any authority in India except the Supreme Court and the other High Courts Explanation In this article, the expression High Court does not include a High Court for a State specified in Part B of the First Schedule as it existed before the commencement of the Constitution (seventh Amendment) Act, 1956",-0.20558301267623902,6,0
java vs python which is better,262,262. Adjudication of disputes relating to waters of inter State rivers or river valleys,-0.21958342990875246,7,0
java vs python which is better,345,"345. Official language or languages of a State Subject to the provisions of Article 346 and 347, the Legislature of a State may by law adopt any one or more of the languages in use in the State or Hindi as the language or languages to be used for all or any of the official purposes of that State: Provided that, until the Legislature of the State otherwise provides by law, the English language shall continue to be used for those official purposes within the State for which it was being used immediately before the commencement of this Constitution",-0.2203823570251465,8,0
java vs python which is better,261,"261. Public acts, records and judicial proceedings Full faith and credit shall be given throughout the territory of India to public acts, records and judicial proceedings of the Union and of every State",-0.25038342990875245,9,0
java vs python which is better,120,120. Language to be used in Parliament,-0.26798301267623903,10,0
java vs python which is better,134A,"134A. Certificate for appeal to the Supreme Court Every High Court, passing or making a judgment, decree, final order, or sentence, referred to in clause ( 1 ) of Article 132 or clause ( 1 ) of Article 133, or clause ( 1 ) of Article 134",-0.30398265504837035,11,0
java vs python which is better,251,"251. Inconsistency between laws made by Parliament under Articles 249 and 250 and laws made by the Legislatures of States Nothing in Articles 249 and 250 shall restrict the power of the Legislature of a State to make any law which under this Constitution it has power to make, but if any provision of a law made by the legislature of a State is repugnant to any provision of a law made by Parliament which Parliament has under either of the said articles power to make, the law made by Parliament, whether passed before or after the law made by the legislature of the State, shall prevail, and the law made by the Legislature of the State shall to the extent of the repugnancy, but so long only as the law made by Parliament continues to have effect, be inoperative",-0.30598247623443603,12,0
java vs python which is better,243N,"243N. Continuance of existing laws and Panchayats Notwithstanding anything in this Part, any provision of any law relating to Panchayats in force in a State immediately before commencement of the Constitution (Seventy third Amendment) Act, 1992 , which is inconsistent with the provisions of this part, shall continue to be in force until amended or repealed by a competent Legislature other competent authority or until the expiration of one year from such commencement whichever is earlier: Provided that all the Panchayats existing immediately before such commencement shall continue till the expiration of their duration, unless sooner dissolved by a resolution passed to that effect by the Legislative Assembly of that State or, in the case of a State having a Legislative Council, by each house of the Legislature of that State",-0.33318289346694946,13,0
java vs python which is better,124,124. Establishment and constitution of Supreme Court,-0.3463824762344361,14,0
java vs python which is better,111,"111. Assent to Bills When a Bill has been passed by the Houses of Parliament, it shall be presented to the President, and the President shall declare either that he assents to the Bill, or that he withholds assent therefrom Provided that the President may, as soon as possible after the presentation to him of a Bill for assent, return the Bill if it is not a Money Bill to the Houses with a message requesting that they will reconsider the Bill or any specified provisions thereof and, in particular, will consider the desirability of introducing any such amendments as he may recommend in his message, and when a Bill is so returned, the Houses shall reconsider the Bill accordingly, and if the Bill is passed again by the Houses with or without amendment and presented to the President for assent, the President shall not withhold assent therefrom Procedures in Financial Matters",-0.3527820590019226,15,0
java vs python which is better,131,"131. Original jurisdiction of the Supreme Court Subject to the provisions of this Constitution, the Supreme Court shall, to the exclusion of any other court, have original jurisdiction in any dispute",-0.37078223781585695,16,0
java vs python which is better,372,372. A Power of the President to adapt laws,-0.37598319149017334,17,0
java vs python which is better,279,"279. Calculation of net proceeds, etc",-0.385983012676239,18,0
java vs python which is better,300,300. Suits and proceedings,-0.41398301267623905,19,0
java vs python which is better,343,343. Official language of the Union,-0.41558277425765994,20,0
java vs python which is better,243E,"243E. Duration of Panchayats, etc",-0.4607826550483704,21,0
java vs python which is better,363,"363. Bar to interference by courts in disputes arising out of certain treaties, agreements, etc",-0.49238265504837037,22,0
java vs python which is better,254,254. Inconsistency between laws made by Parliament and laws made by the Legislatures of States,-0.5363826550483703,23,0
java vs python which is better,200,"200. Assent to Bills When a Bill has been passed by the Legislative Assembly of a State or, in the case of a State having a Legislative Council, has been passed by both Houses of the Legislature of the State, it shall be presented to the Governor and the Governor shall declare either that he assents to the Bill or that he withholds assent therefrom or that he reserves the Bill for the consideration of the President: Provided that the Governor may, as soon as possible after the presentation to him of the Bill for assent, return the Bill if it is not a Money Bill together with a message requesting that the House or Houses will reconsider the Bill or any specified provisions thereof and, in particular, will consider the desirability of introducing any such amendments as he may recommend in his message and, when a Bill is so returned, the House or Houses shall reconsider the Bill accordingly, and if the Bill is passed again by the House or Houses with or without amendment and presented to the Governor for assent, the Governor shall not withhold assent therefrom: Provided further that the Governor shall not assent to, but shall reserve for the consideration of the President, any Bill which in the opinion of the Governor would, if it became law, so derogate from the powers of the High Court as to endanger the position which that Court is by this Constitution designed to fill",-0.5563439120292664,24,0
java vs python which is better,369,"369. Temporary power to Parliament to make laws with respect to certain matters in the State List as if they were matters in the Concurrent List Notwithstanding anything in this Constitution, Parliament shall, during a period of five years from the commencement of this constitution, have power to make laws with respect to the following matters as if they were enumerated in the Concurrent List, namely:",-0.5571815225601197,25,0
java vs python which is better,376,376. Provisions as to Judges of High Courts,-0.56278277425766,26,0
java vs python which is better,66,66. Election of Vice President,-0.565581939792633,27,0
java vs python which is better,197,197. Restriction on powers of Legislative Council as to Bills other than Money Bills,-0.6383824762344361,28,0
java vs python which is better,148,148. Comptroller and Auditor General of India,-0.731582237815857,29,0
java vs python which is better,348,"348. Language to be used in the Supreme Court and in the High Courts and for Acts, Bills, etc",-0.7463791979789735,30,0
java vs python which is better,356,356. Provisions in case of failure of constitutional machinery in State,-0.8863434284210205,31,0
java vs python which is better,360,360. Provisions as to financial emergency,-1.0103706745147705,32,0
java vs python which is better,352,352. Proclamation of Emergency,-1.0176985725402834,33,0
java vs python which is better,108,108. Joint sitting of both Houses in certain cases,-1.0475638199806214,34,0
java vs python which is better,370,370. Temporary provisions with respect to the State of Jammu and Kashmir,-1.0483302625656128,35,0
java vs python which is better,359,359. Suspension of the enforcement of the rights conferred by Part III during emergencies,-1.0815245405197145,36,0
java vs python which is better,217,217. Appointment and conditions of the office of a Judge of a High Court,-1.0943369978904725,37,0
java vs python which is better,312A,312A. Power of Parliament to vary or revoke conditions of service of officers of certain services,-1.1723354481697084,38,0
java vs python which is better,372,372. Continuance in force of existing laws and their adaptation,-1.1851535083770752,39,0
java vs python which is better,371D,371D. Special provisions with respect to the state of Andhra Pradesh,-2.9015669654846192,40,0
what is artificial intelligence,17,17. Abolition of Untouchability Untouchability is abolished and its practice in any form is forbidden The enforcement of any disability arising out of Untouchability shall be an offence punishable in accordance with law,1.412421755695343,1,0
what is artificial intelligence,22,22. Protection against arrest and detention in certain cases,0.5273838207244873,2,0
what is artificial intelligence,19,19. Protection of certain rights regarding freedom of speech etc,0.37324417381286623,3,0
what is artificial intelligence,29,29. Protection of interests of minorities,0.32921633167266845,4,0
what is artificial intelligence,18,"18. Abolition of titles No title, not being a military or academic distinction, shall be conferred by the State No citizen of India shall accept any title from any foreign State No person who is not a citizen of India shall, while he holds any office of profit or trust under the State, accept without the consent of the President any title from any foreign State No person holding any office of profit or trust under the State shall, without the consent of the President, accept any present, emolument, or office of any kind from or under any foreign State Right to Freedom",0.27043975629806516,5,0
what is artificial intelligence,33,"33. Power of Parliament to modify the rights conferred by this Part in their application etc Parliament may, by law, determine to what extent any of the rights conferred by this Part shall, in their application to,",0.19330707702636718,6,0
what is artificial intelligence,30,30. Right of minorities to establish and administer educational institutions,0.17161722574234006,7,0
what is artificial intelligence,144,"144. Civil and judicial authorities to act in aid of the Supreme Court All authorities, civil and judicial, in the territory of India shall act in aid of the Supreme Court",-0.0683837875366211,8,0
what is artificial intelligence,48,"48. Organisation of agriculture and animal husbandry The State shall endeavour to organise agriculture and animal husbandry on modern and scientific lines and shall, in particular, take steps for preserving and improving the breeds, and prohibiting the slaughter, of cows and calves and other milch and draught cattle",-0.1267788999557495,9,0
what is artificial intelligence,355,355. Duty of the Union to protect States against external aggression and internal disturbance It shall be the duty of the Union to protect every State against external aggression and internal disturbance and to ensure that the government of every State is carried on in accordance with the provisions of this Constitution,-0.12837836351394655,10,0
what is artificial intelligence,41,"41. Right to work, to education and to public assistance in certain cases The State shall, within the limits of its economic capacity and development, make effective provision for securing the right to work, to education and to public assistance in cases of unemployment, old age, sickness and disablement, and in other cases of undeserved want",-0.1375769926071167,11,0
what is artificial intelligence,39A,39. A Equal justice and free legal aid,-0.15238366832733155,12,0
what is artificial intelligence,43,"43. Living wage, etc, for workers The State shall endeavour to secure, by suitable legislation or economic organisation or in any other way, to all workers, agricultural, industrial or otherwise, work, a living wage, conditions of work ensuring a decent standard of life and full enjoyment of leisure and social and cultural opportunities and, in particular, the State shall endeavour to promote cottage industries on an individual or co operative basis in rural areas",-0.18717854232788086,13,0
what is artificial intelligence,74,74. Council of Ministers to aid and advise President,-0.23838342990875244,14,0
what is artificial intelligence,77,77. Conduct of business of the Government of India,-0.2799826550483704,15,0
what is artificial intelligence,72,"72. Power of President to grant pardons, etc, and to suspend, remit or commute sentences in certain cases",-0.311983012676239,16,0
what is artificial intelligence,31A,"31A. Saving of laws providing for acquisition of estates, etc ( 1 ) Notwithstanding anything contained in Article 13, no law providing for",-0.33157514486312867,17,0
what is artificial intelligence,76,76. Attorney General for India,-0.3359833106994629,18,0
what is artificial intelligence,263,263. Provisions with respect to an inter State Council If any any time it appears to the President that the public interests would be served by the establishment of a Council charged with the duty of,-0.33675803833007817,19,0
what is artificial intelligence,243P,"243P. Definitions In this Part, unless the context otherwise requires,",-0.34318003244400025,20,0
what is artificial intelligence,367,367. Interpretation,-0.375980628490448,21,0
what is artificial intelligence,243,"243. Definitions In this Part, unless the context otherwise requires,",-0.38798033046722413,22,0
what is artificial intelligence,274,274. Prior recommendation of President required to Bills affecting taxation in which States are interested,-0.40518247623443604,23,0
what is artificial intelligence,39,"39. Certain principles of policy to be followed by the State: The State shall, in particular, direct its policy towards securing",-0.4079807476997376,24,0
what is artificial intelligence,71,"71. Matters relating to, or connected with, the election of a president or Vice President",-0.4103819397926331,25,0
what is artificial intelligence,364,364. Special provisions as to major ports and aerodromes,-0.4351760985374451,26,0
what is artificial intelligence,134,134. Appellate jurisdiction of Supreme Court in regard to criminal matters,-0.443978244304657,27,0
what is artificial intelligence,117,117. Special provisions as to financial Bills,-0.4759823570251465,28,0
what is artificial intelligence,243Q,243Q. Constitution of Municipalities,-0.48357836351394656,29,0
what is artificial intelligence,51A,"51A. Fundamental duties It shall be the duty of every citizen of India (a) to abide by the Constitution and respect its ideals and institutions, the national Flag and the National Anthem;",-0.5021621774673463,30,0
what is artificial intelligence,312,312. All India Services,-0.5099813437461853,31,0
what is artificial intelligence,323B,323B. Tribunals for other matters,-0.5883801516532898,32,0
what is artificial intelligence,148,148. Comptroller and Auditor General of India,-0.7315807476997376,33,0
what is artificial intelligence,110,110. Definition of Money Bill,-0.7887240040779114,34,0
what is artificial intelligence,323,"323. A Administrative tribunals Parliament may, by law, provide for the adjudication or trial by administrative tribunals of disputes and complaints with respect to recruitment and conditions of service of persons appointed to public services and posts in connection with the affairs of the Union or of any State or of any local or other authority within the territory of India or under the control of the Government of India or of any corporation owned or controlled by the Government",-0.8031245405197144,35,0
what is artificial intelligence,2A,2A. The age of a Judge of the Supreme Court shall be determined by such authority and in such manner as Parliament may by law provide,-0.8227000430107118,36,0
what is artificial intelligence,145,"145. Rules of Court, etc",-1.2060063709259035,37,0
what is artificial intelligence,320,320. Functions of Public Service Commissions,-1.3869333816528322,38,0
what is artificial intelligence,366,"366. Definition In this Constitution, unless the context otherwise requires, the following expressions have l, the meanings hereby respectively assigned to them, that is to say",-2.7812032836914065,39,0
what is artificial intelligence,371D,371D. Special provisions with respect to the state of Andhra Pradesh,-2.9002084564208985,40,0
explain machine learning,22,22. Protection against arrest and detention in certain cases,0.5273465082168579,1,0
explain machine learning,36,"36. Definition In this Part, unless the context otherwise requires, the State has the same meaning as in Part III",-0.04518366832733155,2,0
explain machine learning,329,329. A Special provision as to elections to Parliament in the case of Prime Minister and Speaker Omitted PART XVI SPECIAL PROVISIONS RELATING TO CERTAIN CLASSES,-0.06398277425765991,3,0
explain machine learning,39A,39. A Equal justice and free legal aid,-0.15238301267623902,4,0
explain machine learning,236,236. Interpretation In this Chapter,-0.22358366832733156,5,0
explain machine learning,74,74. Council of Ministers to aid and advise President,-0.23838289346694946,6,0
explain machine learning,243H,"243H. Powers to impose taxes by, and funds of, the Panchayats The Legislature of a State may, by law,",-0.29598277425765995,7,0
explain machine learning,243X,"243X. Power to impose taxes by, and funds, of, the Municipalities The Legislature of a State may, by law",-0.3027826550483704,8,0
explain machine learning,72,"72. Power of President to grant pardons, etc, and to suspend, remit or commute sentences in certain cases",-0.3119820590019226,9,0
explain machine learning,289,289. Exemption of property and income of a State from Union taxation,-0.31398289346694946,10,0
explain machine learning,243P,"243P. Definitions In this Part, unless the context otherwise requires,",-0.34318265504837037,11,0
explain machine learning,338,"338. Special Officer for Scheduled Castes, Scheduled Tribes etc",-0.35038265504837035,12,0
explain machine learning,367,367. Interpretation,-0.37598223781585693,13,0
explain machine learning,279,"279. Calculation of net proceeds, etc",-0.3859809265136719,14,0
explain machine learning,243,"243. Definitions In this Part, unless the context otherwise requires,",-0.38798247623443605,15,0
explain machine learning,39,"39. Certain principles of policy to be followed by the State: The State shall, in particular, direct its policy towards securing",-0.40798134374618533,16,0
explain machine learning,371C,371C. Special provision with respect to the State of Manipur,-0.42438265504837036,17,0
explain machine learning,364,364. Special provisions as to major ports and aerodromes,-0.43518223781585696,18,0
explain machine learning,340,340. Appointment of a Commission to investigate the conditions of backward classes,-0.4403685287475586,19,0
explain machine learning,243R,243R. Composition of Municipalities,-0.44478223781585696,20,0
explain machine learning,243Y,243Y. Finance Commission,-0.46438277425765995,21,0
explain machine learning,243Q,243Q. Constitution of Municipalities,-0.48358205900192264,22,0
explain machine learning,369,"369. Temporary power to Parliament to make laws with respect to certain matters in the State List as if they were matters in the Concurrent List Notwithstanding anything in this Constitution, Parliament shall, during a period of five years from the commencement of this constitution, have power to make laws with respect to the following matters as if they were enumerated in the Concurrent List, namely:",-0.5571813437461853,23,0
explain machine learning,109,109. Special procedure in respect of Money Bills,-0.5831816417694092,24,0
explain machine learning,323B,323B. Tribunals for other matters,-0.588382237815857,25,0
explain machine learning,81,81. Composition of the House of the People,-0.6239783635139465,26,0
explain machine learning,243T,243T. Reservation of seats,-0.6963816417694092,27,0
explain machine learning,110,110. Definition of Money Bill,-0.7887573230743409,28,0
explain machine learning,170,170. Composition of the Legislative Assemblies,-0.7999704360961915,29,0
explain machine learning,199,199. Definition of Money Bills,-0.8007756813049317,30,0
explain machine learning,55,55. Manner of election of President,-0.8023015927314758,31,0
explain machine learning,243Z,243Z. E Committee for Metropolitan Planning,-0.881575860118866,32,0
explain machine learning,356,356. Provisions in case of failure of constitutional machinery in State,-0.8856164901733399,33,0
explain machine learning,324,"324. Superintendence, direction and control of elections to be vested in an Election Commission",-0.9819806284904481,34,0
explain machine learning,243D,243D. Reservation of seats,-0.9943697804450989,35,0
explain machine learning,360,360. Provisions as to financial emergency,-1.0103608397483825,36,0
explain machine learning,359,359. Suspension of the enforcement of the rights conferred by Part III during emergencies,-1.081348706817627,37,0
explain machine learning,145,"145. Rules of Court, etc",-1.2060273517608644,38,0
explain machine learning,366,"366. Definition In this Constitution, unless the context otherwise requires, the following expressions have l, the meanings hereby respectively assigned to them, that is to say",-2.7803602355957033,39,0
explain machine learning,371D,371D. Special provisions with respect to the state of Andhra Pradesh,-2.8994645904541017,40,0
history of world war 2,34,"34. Restriction on rights conferred by this Part while martial law is in force in any area Notwithstanding anything in the foregoing provisions of this Part, Parliament may by law indemnify any person in the service of the Union or of a State or any other person in respect of any act done by him in connection with the maintenance or restoration of order in any area within the territory of India where martial law was in force or validate any sentence passed, punishment inflicted, forfeiture ordered or other act done under martial law in such area",0.28406701049804683,1,0
history of world war 2,52,52. The President of India There shall be a President of India,-0.024675664710998538,2,0
history of world war 2,257,257. A Assistance to States by deployment of armed forces or other forces of the Union Omitted,-0.0276665283203125,3,0
history of world war 2,291,"291. Privy purse sums of Rulers Rep by the Constitution (Twenty sixth Amendment) Act, 1971 , Section 2 CHAPTER II BORROWING",-0.04915279312133789,4,0
history of world war 2,2A,"2A. Sikkim to be associated with the Union Rep by the Constitution Thirty six Amendment Act, 1975 , Section 5 (w e f 26 04 1975 )",-0.051573297119140625,5,0
history of world war 2,1,1. The territories of the States; the Union territories specified in the First Schedule; and such other territories as may be acquired,-0.05168788299560547,6,0
history of world war 2,259,"259. Armed Forces in States in Part B of the First Schedule Rep by the Constitution (Seventh Amendment) Act, 1956 , S 29 and Schedule",-0.052501433563232426,7,0
history of world war 2,2,"2. Admission or establishment of new States: Parliament may by law admit into the Union, or establish, new States on such terms and conditions, as it thinks fit",-0.06316696548461914,8,0
history of world war 2,278,"278. Agreement with States in Part B of the First Schedule with regard to certain financial matters Rep by the Constitution (Seventh Amendment) Act, 1956 , Section 29 and Schedule",-0.07094625625610351,9,0
history of world war 2,306,"306. Power of certain States in Part B of the First Schedule to impose restrictions on trade and commerce Rep by the Constitution (Seventh Amendment) Act, 1956 , Section 29 and Schedule",-0.07190954589843751,10,0
history of world war 2,215,215. High Courts to be courts of record Every High Court shall be a court of record and shall have all the powers of such a court including the power to punish for contempt of itself,-0.07251532821655274,11,0
history of world war 2,129,129. Supreme Court to be a court of record The Supreme Court shall be a court of record and shall have all the powers of such a court including the power to punish for contempt of itself,-0.07395415725708009,12,0
history of world war 2,314,"314. Provision for protection of existing officers of certain services Rep by the Constitution (Twenty eight Amendment) Act, 1972 , Section 3 (w e f 29 08 1972 ) CHAPTER II PUBLIC SERVICE COMMISSION",-0.07904884262084962,13,0
history of world war 2,1,1. Name and territory of the Union,-0.08614101104736328,14,0
history of world war 2,54,54. Election of President The President shall be elected by the members of an electoral college consisting of the elected members of both Houses of Parliament; and the elected members of the Legislative Assemblies of the States,-0.09066767768859864,15,0
history of world war 2,45,"45. Provision for free and compulsory education for children The State shall endeavour to provide, within a period of ten years from the commencement of this Constitution, for free and compulsory education for all children until they complete the age of fourteen years",-0.10717872114181519,16,0
history of world war 2,395,"395. Repeals The Indian Independence Act, 1947 , and the Government of India Act, 1935 , together with all enactment s amending or supplementing the latter Act, but not including the Abolition of Privy Council Jurisdiction Act, 1949 , are hereby repealed FIRST SCHEDULE Articles 1 and 4 I THE STATES Name Territories",-0.1260774196624756,17,0
history of world war 2,48,"48. Organisation of agriculture and animal husbandry The State shall endeavour to organise agriculture and animal husbandry on modern and scientific lines and shall, in particular, take steps for preserving and improving the breeds, and prohibiting the slaughter, of cows and calves and other milch and draught cattle",-0.1267023675918579,18,0
history of world war 2,355,355. Duty of the Union to protect States against external aggression and internal disturbance It shall be the duty of the Union to protect every State against external aggression and internal disturbance and to ensure that the government of every State is carried on in accordance with the provisions of this Constitution,-0.12759271469116212,19,0
history of world war 2,49,"49. Protection of monuments and places and objects of national importance It shall be the obligation of the State to protect every monument or place or object of artistic or historic interests, declared by or under law made by Parliament to be of national importance, from spoliation, disfigurement, destruction, removal, disposal or export, as the case may be",-0.14353079223632814,20,0
history of world war 2,85,"85. Sessions of Parliament, prorogation and dissolution",-0.17408242645263672,21,0
history of world war 2,87,87. Special address by the President,-0.19148883056640625,22,0
history of world war 2,262,262. Adjudication of disputes relating to waters of inter State rivers or river valleys,-0.21957454881668093,23,0
history of world war 2,261,"261. Public acts, records and judicial proceedings Full faith and credit shall be given throughout the territory of India to public acts, records and judicial proceedings of the Union and of every State",-0.25000637092590333,24,0
history of world war 2,78,"78. Duties of Prime Minister as respects the furnishing of information to the President, etc It shall be the duty of the Prime Minister",-0.27546485595703124,25,0
history of world war 2,68,68. Time of holding election to fill vacancy in the office of Vice President and the term of office of person elected to fill casual vacancy,-0.2794522996902466,26,0
history of world war 2,62,62. Time of holding election to fill vacancy in the office of President and the term of office of person elected to fill casual vacancy,-0.29423906745910644,27,0
history of world war 2,250,250. Power of Parliament to legislate with respect to any matter in the State List if a Proclamation of Emergency is in operation,-0.30401254272460937,28,0
history of world war 2,72,"72. Power of President to grant pardons, etc, and to suspend, remit or commute sentences in certain cases",-0.31025191497802734,29,0
history of world war 2,83,83. Duration of Houses of Parliament,-0.32545633926391604,30,0
history of world war 2,98,98. Secretariat of Parliament,-0.3539082684516907,31,0
history of world war 2,118,118. Rules of procedure,-0.41407741966247563,32,0
history of world war 2,252,252. Power of Parliament to legislate for two or more States by consent and adoption of such legislation by any other State,-0.42827566471099854,33,0
history of world war 2,310,310. Tenure of office of persons serving the Union or a State,-0.5105621774673462,34,0
history of world war 2,369,"369. Temporary power to Parliament to make laws with respect to certain matters in the State List as if they were matters in the Concurrent List Notwithstanding anything in this Constitution, Parliament shall, during a period of five years from the commencement of this constitution, have power to make laws with respect to the following matters as if they were enumerated in the Concurrent List, namely:",-0.5570352527618408,35,0
history of world war 2,109,109. Special procedure in respect of Money Bills,-0.5831531507492066,36,0
history of world war 2,257,257. Control of the Union over States in certain cases,-0.6981734359741212,37,0
history of world war 2,55,55. Manner of election of President,-0.801763899230957,38,0
history of world war 2,352,352. Proclamation of Emergency,-0.9877756103515627,39,0
history of world war 2,312A,312A. Power of Parliament to vary or revoke conditions of service of officers of certain services,-1.1690487884521485,40,0
capital of france,33,"33. Power of Parliament to modify the rights conferred by this Part in their application etc Parliament may, by law, determine to what extent any of the rights conferred by this Part shall, in their application to,",0.19269481811523437,1,0
capital of france,1,1. The territories of the States; the Union territories specified in the First Schedule; and such other territories as may be acquired,-0.0533934103012085,2,0
capital of france,130,"130. Seat of Supreme Court The Supreme Court shall sit in Delhi or in such other place or places, as the Chief Justice of India may, with the approval of the President, from time to time, appoint",-0.0778476505279541,3,0
capital of france,79,79. Constitution of Parliament There shall be a Parliament for the Union which shall consist of the President and two Houses to be known respectively as the council of States and the House of the People,-0.0805934103012085,4,0
capital of france,54,54. Election of President The President shall be elected by the members of an electoral college consisting of the elected members of both Houses of Parliament; and the elected members of the Legislative Assemblies of the States,-0.09062047080993653,5,0
capital of france,248,248. Residuary powers of legislation,-0.11032721595764161,6,0
capital of france,11,11. Parliament to regulate the right of citizenship by law Nothing in the foregoing provisions of this Part shall derogate from the power of Parliament to make any provision with respect to the acquisition and termination of citizenship and all other matters relating to citizenship PART III FUNDAMENTAL RIGHTS General,-0.12629257888793946,7,0
capital of france,49,"49. Protection of monuments and places and objects of national importance It shall be the obligation of the State to protect every monument or place or object of artistic or historic interests, declared by or under law made by Parliament to be of national importance, from spoliation, disfigurement, destruction, removal, disposal or export, as the case may be",-0.14354342842102052,8,0
capital of france,89,89. The Chairman and Deputy Chairman of the council of States,-0.15475929002761843,9,0
capital of france,85,"85. Sessions of Parliament, prorogation and dissolution",-0.17327561798095703,10,0
capital of france,87,87. Special address by the President,-0.18987521362304688,11,0
capital of france,86,86. Right of President to address and send messages to Houses,-0.1995440773010254,12,0
capital of france,122,122. Courts not to inquire into proceedings of Parliament,-0.20982562255859377,13,0
capital of france,285,285. Exemption of property of the Union from State taxation,-0.22756274032592774,14,0
capital of france,119,"119. Regulation by law of procedure in Parliament in relation to financial business Parliament may, for the purpose of the timely completion of financial business, regulate by law the procedure of, and the conduct of business in, each House of Parliament in relation to any financial matter or to any Bill for the appropriation of moneys out of the consolidated Fund of India, and, if and so far as any provision of any law so made is inconsistent with any rule made by a House of Parliament under clause ( 1 ) of Article 118 or with any rule or standing order having effect in relation to Parliament under clause ( 2 ) of that article, such provision shall prevail",-0.2659000430107117,15,0
capital of france,239,239. A Creation of local Legislatures or Council of Ministers or both for certain Union territories,-0.26750000915527344,16,0
capital of france,53,53. Executive power of the Union,-0.27915777282714843,17,0
capital of france,91,"91. Power of the Deputy chairman or other person to perform the duties of the office of, or to act as, Chairman",-0.30969319458007816,18,0
capital of france,289,289. Exemption of property and income of a State from Union taxation,-0.3137086524963379,19,0
capital of france,83,83. Duration of Houses of Parliament,-0.3257066787719727,20,0
capital of france,59,59. Conditions of Presidents office,-0.3517038299560547,21,0
capital of france,296,"296. Property accruing by escheat or lapse or as bona vacantia Subject as hereinafter provided any property in the territory of India which, if this Constitution had not come into operation, would have accrued to His Majesty or, as the case may be, to the Ruler of an Indian State by escheat or lapse, or as bona vacantia for want of a rightful owner, shall, if it is property situate in a State, vest in such State, and shall, in any other case, vest in the Union: Provided that any property which at the date when it wouldhave so accrued to His Majesty or to the Ruler of an Indian State was in the possession or under the control of the Government of India or the Government of a State shall, according as the purposes for which it was then used or held were purposes of the Union or a State, vest in the Union or in that State Explanation In the article, the expressions Ruler and Indian State have the same meanings as in Article 363",-0.37514933605194095,22,0
capital of france,225,"225. Jurisdiction of existing High Courts Subject to the provisions of this Constitution and to the provisions of any law of the appropriate Legislature made by virtue of powers conferred on that Legislature by this Constitution, the jurisdiction of, and the law administered in, any existing High Court, and the respective powers of the Judges thereof in relation to the administration of justice in the Court, including any power to make rules of Court and to regulate the sittings of the Court and of members thereof sitting alone or in Division Courts, shall be the same as immediately before the commencement of this Constitution: Provided that any restriction to which the exercise of original jurisdiction by any of the High Courts with respect to any matter concerning the revenue or concerning any act ordered or done in the collection thereof was subject immediately before the commencement of this Constitution shall no longer apply to the exercise of such jurisdiction",-0.38794497680664064,23,0
capital of france,118,118. Rules of procedure,-0.4142259544372559,24,0
capital of france,196,196. Provisions as to introduction and passing of Bills,-0.4223449645996094,25,0
capital of france,280,280. Finance Commission,-0.42234700469970704,26,0
capital of france,364,364. Special provisions as to major ports and aerodromes,-0.42634990234375003,27,0
capital of france,287,"287. Exemption from taxes on electricity Save in so far as Parliament may by law otherwise provide, no law of a State shall impose, or authorise the imposition of, a tax on the consumption or sale of electricity (whether produced by a Government or other persons) which is",-0.44592215633392335,28,0
capital of france,123,123. Power of President to promulgate Ordinances during recess of Parliament,-0.4825253540039063,29,0
capital of france,100,"100. Voting in Houses, power of Houses to act notwithstanding vacancies and quorum",-0.48868802185058596,30,0
capital of france,61,61. Procedure for impeachment of the President,-0.507361883544922,31,0
capital of france,105,"105. Powers, privileges, etc of the Houses of Parliament and of the members and committees thereof",-0.5167488037109376,32,0
capital of france,288,288. Exemption from taxation by States in respect of water or electricity in certain cases,-0.5461051818847656,33,0
capital of france,115,"115. Supplementary, additional or excess grants",-0.5674706579208374,34,0
capital of france,323B,323B. Tribunals for other matters,-0.5812245544433594,35,0
capital of france,357,357. Exercise of legislative powers under Proclamation issued under Article 356,-0.61234990234375,36,0
capital of france,368,368. Power of Parliament to amend the Constitution and procedure therefor,-0.7946234741210938,37,0
capital of france,55,55. Manner of election of President,-0.7997793029785156,38,0
capital of france,112,112. Annual financial statement,-0.8414785257339478,39,0
capital of france,269,269. Taxes levied and collected by the union but assigned to the States,-1.286369760131836,40,0
who invented computer,16,16. Equality of opportunity in matters of public employment,0.9512211000442504,1,0
who invented computer,33,"33. Power of Parliament to modify the rights conferred by this Part in their application etc Parliament may, by law, determine to what extent any of the rights conferred by this Part shall, in their application to,",0.19188252601623534,2,0
who invented computer,15,"15. Prohibition of discrimination on grounds of religion, race, caste, sex or place of birth",0.08802080202102658,3,0
who invented computer,52,52. The President of India There shall be a President of India,-0.024781224536895755,4,0
who invented computer,257,257. A Assistance to States by deployment of armed forces or other forces of the Union Omitted,-0.03758074769973755,5,0
who invented computer,44,44. Uniform civil code for the citizens The State shall endeavour to secure for the citizens a uniform civil code throughout the territory of India,-0.05878092651367188,6,0
who invented computer,329,329. A Special provision as to elections to Parliament in the case of Prime Minister and Speaker Omitted PART XVI SPECIAL PROVISIONS RELATING TO CERTAIN CLASSES,-0.06398331069946289,7,0
who invented computer,216,216. Constitution of High Courts Every High Court shall consist of a Chief Justice and such other Judges as the President may from time to time deem it necessary to appoint,-0.06878289346694946,8,0
who invented computer,79,79. Constitution of Parliament There shall be a Parliament for the Union which shall consist of the President and two Houses to be known respectively as the council of States and the House of the People,-0.08078193979263307,9,0
who invented computer,150,"150. Form of accounts of the Union and of the States The accounts of the Union and of the States shall be kept in such form as the President may, on the advice of the Comptroller and Auditor General of India, prescribe",-0.08717532367706299,10,0
who invented computer,54,54. Election of President The President shall be elected by the members of an electoral college consisting of the elected members of both Houses of Parliament; and the elected members of the Legislative Assemblies of the States,-0.09078235702514649,11,0
who invented computer,126,"126. Appointment of acting Chief Justice When the office of Chief Justice of India is vacant or when the Chief Justice is, by reason or absence or otherwise, unable to perform the duties of his office, the duties of the office shall be performed by such one of the other Judges of the Court as the President may appoint for the purpose",-0.1339816417694092,12,0
who invented computer,394,"394. Commencement This article and Articles 5, 6, 7, 8, 9, 60, 324, 366, 367, 379, 380, 388, 391, 392 and 393 shall come into force at once, and the remaining provisions of this Constitution shall come into force on the twenty sixth day of January, 1950 , which day is referred to in this Constitution as the commencement of this Constitution",-0.1366326301574707,13,0
who invented computer,5,5. Citizenship at the commencement of the Constitution At the commencement of this Constitution every person who has his domicile in the territory of India and,-0.16876727705001832,14,0
who invented computer,43,"43. Living wage, etc, for workers The State shall endeavour to secure, by suitable legislation or economic organisation or in any other way, to all workers, agricultural, industrial or otherwise, work, a living wage, conditions of work ensuring a decent standard of life and full enjoyment of leisure and social and cultural opportunities and, in particular, the State shall endeavour to promote cottage industries on an individual or co operative basis in rural areas",-0.1871728798866272,15,0
who invented computer,151,151. Audit reports,-0.18997824430465698,16,0
who invented computer,168,168. Constitution of Legislatures in States,-0.1975813437461853,17,0
who invented computer,149,"149. Duties and powers of the Comptroller and Auditor General The Comptroller and Auditor General shall perform such duties and exercise such powers in relation to the accounts of the Union and of the States and of any other authority or body as may be prescribed by or under any law made by Parliament and, until provision in that behalf is so made, shall perform such duties and exercise such powers in relation to the accounts of the Union and of the States as were conferred on or exercisable by the Auditor General of India immediately before the commencement of this Constitution in relation to the accounts of the Dominion of India and of the Provinces respectively",-0.2687718070030213,18,0
who invented computer,326,"326. Elections to the House of the People and to the Legislative Assemblies of States to be on the basis of adult suffrage The elections to the House of the People and to the Legislative Assembly of every State shall be on the basis of adult suffrage; but is to say, every person who is a citizen of India and who is not less than twenty one years of age on such date as may be fixed in that behalf by or under any law made by the appropriate legislature and is not otherwise disqualified under this constitution or any law made by the appropriate Legislature on the ground of non residence, unsoundness of mind, crime or corrupt or illegal practice, shall be entitled to be registered as a voter at any such election",-0.28677788667678833,19,0
who invented computer,159,"159. Oath or affirmation by Governor Every Governor and every person discharging the functions of the Governor shall, before entering upon his office, make and subscribe in the presence of the chief Justice of the High Court exercising jurisdiction in relation to the State, or, in his absence, the senior most Judge of that court available, an oath or affirmation in the following form, that is to say swear in the name of God I, A B, do that I solemnly affirm will faithfully execute the office of Governor (or discharge the functions of the Governor) of (name of the State) and will to the best of my ability preserve, protect and defend the Constitution and the law and that I will devote myself to the service and well being of the people of (name of the State)",-0.3063682903289795,20,0
who invented computer,124,124. Establishment and constitution of Supreme Court,-0.3463760985374451,21,0
who invented computer,98,98. Secretariat of Parliament,-0.3539722242355347,22,0
who invented computer,363,363. A Recognition granted to Rulers of Indian States to cease and privy purses to be abolished Notwithstanding anything in this Constitution or in any law for the time being in force,-0.3911646544456482,23,0
who invented computer,392,392. Power of the President to remove difficulties,-0.3942876452445984,24,0
who invented computer,300,300. Suits and proceedings,-0.4139688267707825,25,0
who invented computer,343,343. Official language of the Union,-0.4155614953994751,26,0
who invented computer,294,"294. Succession to property, assets, rights, liabilities and obligations in certain cases s from the commencement of this Constitution",-0.4215657273292542,27,0
who invented computer,287,"287. Exemption from taxes on electricity Save in so far as Parliament may by law otherwise provide, no law of a State shall impose, or authorise the imposition of, a tax on the consumption or sale of electricity (whether produced by a Government or other persons) which is",-0.4459693036079407,28,0
who invented computer,158,158. Conditions of Governor office,-0.4563809265136719,29,0
who invented computer,6,"6. Rights of citizenship of certain persons who have migrated to India from Pakistan Notwithstanding anything in Article 5, a person who has migrated to the territory of India from the territory now included in Pakistan shall be deemed to be a citizen of India at the commencement of this Constitution if",-0.4807672770500183,30,0
who invented computer,100,"100. Voting in Houses, power of Houses to act notwithstanding vacancies and quorum",-0.4911682903289795,31,0
who invented computer,290,"290. Adjustment in respect of certain expenses and pensions Where under the provisions of this Constitution the expenses of any court or Commission, or the pension payable to or in respect of a person who has served before the commencement in connection with the affairs of the Union or of a State, are charged on the Consolidated Fund of India or the Consolidated Fund of a State, then, if",-0.4923768137931824,32,0
who invented computer,310,310. Tenure of office of persons serving the Union or a State,-0.5107737143516541,33,0
who invented computer,146,146. Officers and servants and the expenses of the Supreme Court,-0.5159816417694092,34,0
who invented computer,288,288. Exemption from taxation by States in respect of water or electricity in certain cases,-0.5471701976776123,35,0
who invented computer,66,66. Election of Vice President,-0.5655602437019348,36,0
who invented computer,270,270. Taxes levied and collected by the Union and distributed between the Union and the States,-0.6299783635139465,37,0
who invented computer,148,148. Comptroller and Auditor General of India,-0.7315749064445496,38,0
who invented computer,269,269. Taxes levied and collected by the union but assigned to the States,-1.285825212097168,39,0
who invented computer,366,"366. Definition In this Constitution, unless the context otherwise requires, the following expressions have l, the meanings hereby respectively assigned to them, that is to say",-2.7731542724609377,40,0
how to earn money online,27,"27. Freedom as to payment of taxes for promotion of any particular religion No person shall be compelled to pay any taxes, the proceeds of which are specifically appropriated in payment of expenses for the promotion or maintenance of any particular religion or religions denomination",0.38681633167266843,1,0
how to earn money online,41,"41. Right to work, to education and to public assistance in certain cases The State shall, within the limits of its economic capacity and development, make effective provision for securing the right to work, to education and to public assistance in cases of unemployment, old age, sickness and disablement, and in other cases of undeserved want",-0.13758265504837036,2,0
how to earn money online,39A,39. A Equal justice and free legal aid,-0.15238366832733155,3,0
how to earn money online,43,"43. Living wage, etc, for workers The State shall endeavour to secure, by suitable legislation or economic organisation or in any other way, to all workers, agricultural, industrial or otherwise, work, a living wage, conditions of work ensuring a decent standard of life and full enjoyment of leisure and social and cultural opportunities and, in particular, the State shall endeavour to promote cottage industries on an individual or co operative basis in rural areas",-0.18718223781585694,4,0
how to earn money online,290,"290. A Annual payment to certain Devaswom Funds A sum of forty six lakhs and fifty thousand rupees shall be charged on, and paid out of, the Consolidated Fund of the State of Kerala every year to the Travancore Devaswom Fund; and a sum of thirteen lakhs and fifty thousand rupees shall be charged on, and paid out of the Consolidated Fund of the State of Tamil Nadu every year to the Devaswom Fund established in that State for the maintenance of Hindu temples and shrines in the territories transferred to that State on the 1 st day of November, 1956 , from the State of Travancore Cochin",-0.23558319149017334,5,0
how to earn money online,38,38. State to secure a social order for the promotion of welfare of the people,-0.24038265504837036,6,0
how to earn money online,104,"104. Penalty for sitting and voting before making oath or affirmation under Article 99 or when not qualified or when disqualified If a person sits or votes as a member of either House of Parliament before he has complied with the requirements of Article 99, or when he knows that he is not qualified or that he is disqualified for membership thereof, or that he is prohibited from so doing by the provisions of any law made by Parliament, he shall be liable in respect of each day on which he so sits or votes to a penalty of five hundred rupees to be recovered as a debt due to the Union Powers, Privileges and Immunities of Parliament and its Members",-0.26078301267623905,7,0
how to earn money online,297,297. Things of value within territorial waters or continental shelf and resources of the exclusive economic zone to vest in the Union,-0.2899836683273316,8,0
how to earn money online,193,"193. Penalty for sitting and voting before making oath or affirmation under Article 188 or when not qualified or when disqualified If a person sits or votes as a member of the Legislative Assembly or the Legislative Council of a State before he has complied with the requirements of Article 188, or when he knows that he is not qualified or that he is disqualified for membership thereof, or that he is prohibited from so doing by the provisions of any law made by Parliament or the legislature of the State, he shall be liable in respect of each day on which he so sits or votes to a penalty of five hundred rupees to be recovered as a debt due to the State Powers, Privileges and Immunities of State Legislatures and their Members",-0.29278223781585694,9,0
how to earn money online,243H,"243H. Powers to impose taxes by, and funds of, the Panchayats The Legislature of a State may, by law,",-0.2959824762344361,10,0
how to earn money online,243X,"243X. Power to impose taxes by, and funds, of, the Municipalities The Legislature of a State may, by law",-0.30278193979263307,11,0
how to earn money online,273,273. Grants in lieu of export duty on jute and jute products,-0.303183549118042,12,0
how to earn money online,111,"111. Assent to Bills When a Bill has been passed by the Houses of Parliament, it shall be presented to the President, and the President shall declare either that he assents to the Bill, or that he withholds assent therefrom Provided that the President may, as soon as possible after the presentation to him of a Bill for assent, return the Bill if it is not a Money Bill to the Houses with a message requesting that they will reconsider the Bill or any specified provisions thereof and, in particular, will consider the desirability of introducing any such amendments as he may recommend in his message, and when a Bill is so returned, the Houses shall reconsider the Bill accordingly, and if the Bill is passed again by the Houses with or without amendment and presented to the President for assent, the President shall not withhold assent therefrom Procedures in Financial Matters",-0.3527793767929077,13,0
how to earn money online,279,"279. Calculation of net proceeds, etc",-0.3859816417694092,14,0
how to earn money online,107,107. Provisions as to introduction and passing of Bills,-0.3867826550483704,15,0
how to earn money online,39,"39. Certain principles of policy to be followed by the State: The State shall, in particular, direct its policy towards securing",-0.40798134374618533,16,0
how to earn money online,280,280. Finance Commission,-0.422783012676239,17,0
how to earn money online,196,196. Provisions as to introduction and passing of Bills,-0.42358301267623905,18,0
how to earn money online,102,102. Disqualification s for membership,-0.4247791979789734,19,0
how to earn money online,267,267. Contingency Fund,-0.4379827742576599,20,0
how to earn money online,204,204. Appropriation Bills,-0.44278277425765994,21,0
how to earn money online,158,158. Conditions of Governor office,-0.45638301267623904,22,0
how to earn money online,243Y,243Y. Finance Commission,-0.4643828934669495,23,0
how to earn money online,191,191. Disqualifications for membership,-0.48318033046722414,24,0
how to earn money online,266,266. Consolidated Funds and public accounts of India and of the States,-0.5147819397926331,25,0
how to earn money online,293,293. Borrowing by States,-0.5259828934669495,26,0
how to earn money online,66,66. Election of Vice President,-0.5655008178710937,27,0
how to earn money online,116,"116. Votes on account, votes of credit and exceptional grants",-0.5727822378158569,28,0
how to earn money online,109,109. Special procedure in respect of Money Bills,-0.5831788999557496,29,0
how to earn money online,206,"206. Votes on account, votes of credit and exceptional grants",-0.5899818205833436,30,0
how to earn money online,198,198. Special procedure in respect of Money Bills,-0.6115818205833435,31,0
how to earn money online,270,270. Taxes levied and collected by the Union and distributed between the Union and the States,-0.629977707862854,32,0
how to earn money online,276,"276. Taxes on professions, trades, callings and employments",-0.6335737143516541,33,0
how to earn money online,202,202. Annual financial statement,-0.6639813437461853,34,0
how to earn money online,243I,243I. Constitution of finance Commissions to review financial position,-0.697577707862854,35,0
how to earn money online,110,110. Definition of Money Bill,-0.7886246431350709,36,0
how to earn money online,199,199. Definition of Money Bills,-0.8006944401741029,37,0
how to earn money online,360,360. Provisions as to financial emergency,-1.0102286962509155,38,0
how to earn money online,269,269. Taxes levied and collected by the union but assigned to the States,-1.284916360473633,39,0
how to earn money online,366,"366. Definition In this Constitution, unless the context otherwise requires, the following expressions have l, the meanings hereby respectively assigned to them, that is to say",-2.7774419921875,40,0
youtube channel growth tips,22,22. Protection against arrest and detention in certain cases,0.5272337362289429,1,0
youtube channel growth tips,2,"2. Admission or establishment of new States: Parliament may by law admit into the Union, or establish, new States on such terms and conditions, as it thinks fit",-0.06398265504837036,2,0
youtube channel growth tips,271,"271. Surcharge on certain duties and taxes for purposes of the Union Notwithstanding anything in Articles 269 and 270, Parliament may at any time increase any of the duties or taxes referred in those articles by a surcharge for purposes of the Union and the whole proceeds of any such surcharge shall form part the Consolidated Fund of India",-0.13638331069946288,3,0
youtube channel growth tips,243B,243B. Constitution of Panchayats,-0.1399823570251465,4,0
youtube channel growth tips,350,350. A Facilities for instruction in mother tongue at primary stage It shall be the endeavour of every State and of every local authority within the State to provide adequate facilities for instruction in the mother tongue at the primary stage of education to children belonging to linguistic minority groups; and the President may issue such directions to any State as he considers necessary or proper for securing the provision of such facilities,-0.17918319149017334,5,0
youtube channel growth tips,233,233. Appointment of district judges,-0.20398152256011964,6,0
youtube channel growth tips,290,"290. A Annual payment to certain Devaswom Funds A sum of forty six lakhs and fifty thousand rupees shall be charged on, and paid out of, the Consolidated Fund of the State of Kerala every year to the Travancore Devaswom Fund; and a sum of thirteen lakhs and fifty thousand rupees shall be charged on, and paid out of the Consolidated Fund of the State of Tamil Nadu every year to the Devaswom Fund established in that State for the maintenance of Hindu temples and shrines in the territories transferred to that State on the 1 st day of November, 1956 , from the State of Travancore Cochin",-0.23558265504837037,7,0
youtube channel growth tips,351,"351. Directive for development of the Hindi language It shall be the duty of the Union to promote the spread of the Hindi language, to develop it so that it may serve as a medium of expression for all the elements of the composite culture of India and to secure its enrichment by assimilating without interfering with its genius, the forms, style and expressions used in Hindustani and in the other languages of India specified in the Eighth Schedule, and by drawing, wherever necessary or desirable, for its vocabulary, primarily on Sanskrit and secondarily on other languages PART XVIII EMERGENCY PROVISIONS",-0.2435823570251465,8,0
youtube channel growth tips,230,230. Extension of jurisdiction of High Courts to Union territories,-0.25398104572296143,9,0
youtube channel growth tips,119,"119. Regulation by law of procedure in Parliament in relation to financial business Parliament may, for the purpose of the timely completion of financial business, regulate by law the procedure of, and the conduct of business in, each House of Parliament in relation to any financial matter or to any Bill for the appropriation of moneys out of the consolidated Fund of India, and, if and so far as any provision of any law so made is inconsistent with any rule made by a House of Parliament under clause ( 1 ) of Article 118 or with any rule or standing order having effect in relation to Parliament under clause ( 2 ) of that article, such provision shall prevail",-0.2659818205833435,10,0
youtube channel growth tips,113,113. Procedure in Parliament with respect to estimates,-0.2975828934669495,11,0
youtube channel growth tips,273,273. Grants in lieu of export duty on jute and jute products,-0.30318301267623904,12,0
youtube channel growth tips,163,163. Council of Ministers to aid and advise Governor,-0.3355816417694092,13,0
youtube channel growth tips,124,124. Establishment and constitution of Supreme Court,-0.34637937679290776,14,0
youtube channel growth tips,224,224. Appointment of additional and acting Judges,-0.3567801516532898,15,0
youtube channel growth tips,371,371. Special provision with respect to the States of Maharashtra and Gujarat,-0.37958265504837035,16,0
youtube channel growth tips,280,280. Finance Commission,-0.42278152256011964,17,0
youtube channel growth tips,114,114. Appropriation Bills,-0.42918205900192263,18,0
youtube channel growth tips,241,241. High Courts for Union territories,-0.4523807476997376,19,0
youtube channel growth tips,243E,"243E. Duration of Panchayats, etc",-0.46077985363006596,20,0
youtube channel growth tips,243Q,243Q. Constitution of Municipalities,-0.48358104572296146,21,0
youtube channel growth tips,231,231. Establishment of a common High Court for two or more States,-0.484380628490448,22,0
youtube channel growth tips,3,"3. Formation of new States and alteration of areas, boundaries or names of existing States: Parliament may by law",-0.5207775290489197,23,0
youtube channel growth tips,243U,"243U. Duration of Municipalities, etc",-0.5227803304672242,24,0
youtube channel growth tips,115,"115. Supplementary, additional or excess grants",-0.5675823570251465,25,0
youtube channel growth tips,233,"233. A Validation of appointments of, and judgments, etc, delivered by, certain district judges Notwithstanding any judgment, decree or order of any court,",-0.5727807476997375,26,0
youtube channel growth tips,116,"116. Votes on account, votes of credit and exceptional grants",-0.5727816417694092,27,0
youtube channel growth tips,270,270. Taxes levied and collected by the Union and distributed between the Union and the States,-0.6299801516532898,28,0
youtube channel growth tips,243Z,243Z. D Committee for district planning,-0.6663793767929077,29,0
youtube channel growth tips,243I,243I. Constitution of finance Commissions to review financial position,-0.697580628490448,30,0
youtube channel growth tips,257,257. Control of the Union over States in certain cases,-0.6987791979789735,31,0
youtube channel growth tips,2A,2A. The age of a Judge of the Supreme Court shall be determined by such authority and in such manner as Parliament may by law provide,-0.8227783635139466,32,0
youtube channel growth tips,243Z,243Z. E Committee for Metropolitan Planning,-0.8815727010726929,33,0
youtube channel growth tips,344,344. Commission and Committee of Parliament on official language,-0.9031715685844421,34,0
youtube channel growth tips,275,275. Grants from the Union to certain States,-1.1231318718910217,35,0
youtube channel growth tips,145,"145. Rules of Court, etc",-1.2063068379402162,36,0
youtube channel growth tips,269,269. Taxes levied and collected by the union but assigned to the States,-1.2873949600219727,37,0
youtube channel growth tips,320,320. Functions of Public Service Commissions,-1.387376601791382,38,0
youtube channel growth tips,371A,371A. Special provision with respect to the State of Nagaland,-2.5573719390869143,39,0
youtube channel growth tips,366,"366. Definition In this Constitution, unless the context otherwise requires, the following expressions have l, the meanings hereby respectively assigned to them, that is to say",-2.7830648559570315,40,0
how to get rich,54,54. Election of President The President shall be elected by the members of an electoral college consisting of the elected members of both Houses of Parliament; and the elected members of the Legislative Assemblies of the States,-0.0907796748161316,1,0
how to get rich,99,"99. Oath or affirmation by members Every member of either House of Parliament shall, before taking his seat, make and subscribe before the President, or some person appointed in that behalf by him, an oath or affirmation according to the form set out for the purpose in the Third Schedule",-0.11499007244110108,2,0
how to get rich,41,"41. Right to work, to education and to public assistance in certain cases The State shall, within the limits of its economic capacity and development, make effective provision for securing the right to work, to education and to public assistance in cases of unemployment, old age, sickness and disablement, and in other cases of undeserved want",-0.1362591339111328,3,0
how to get rich,39A,39. A Equal justice and free legal aid,-0.15232215633392335,4,0
how to get rich,43,"43. Living wage, etc, for workers The State shall endeavour to secure, by suitable legislation or economic organisation or in any other way, to all workers, agricultural, industrial or otherwise, work, a living wage, conditions of work ensuring a decent standard of life and full enjoyment of leisure and social and cultural opportunities and, in particular, the State shall endeavour to promote cottage industries on an individual or co operative basis in rural areas",-0.1862816116333008,5,0
how to get rich,325,"325. No person to be ineligible for inclusion in, or to claim to be included in a special, electoral roll on grounds of religion, race, caste or sex There shall be one general electoral roll for every territorial constituency for election to either House of Parliament or to the House or either House of the Legislature of a State and no person shall be ineligible for inclusion in any such roll or claim to be included in any special electoral roll for any such constituency on grounds only of religion, race, caste, sex or any of them",-0.2142476505279541,6,0
how to get rich,38,38. State to secure a social order for the promotion of welfare of the people,-0.23857562103271485,7,0
how to get rich,84,84. Qualification for membership of Parliament A person shall not be qualified to be chosen to fill a seat in Parliament unless he,-0.2599082684516907,8,0
how to get rich,326,"326. Elections to the House of the People and to the Legislative Assemblies of States to be on the basis of adult suffrage The elections to the House of the People and to the Legislative Assembly of every State shall be on the basis of adult suffrage; but is to say, every person who is a citizen of India and who is not less than twenty one years of age on such date as may be fixed in that behalf by or under any law made by the appropriate legislature and is not otherwise disqualified under this constitution or any law made by the appropriate Legislature on the ground of non residence, unsoundness of mind, crime or corrupt or illegal practice, shall be entitled to be registered as a voter at any such election",-0.2866893737792969,9,0
how to get rich,58,58. Qualifications for election as President,-0.2978964599609375,10,0
how to get rich,201,"201. Bill reserved for consideration When a Bill is reserved by a Governor for the consideration of the President, the President shall declare either that he assents to the Bill or that he withholds assent therefrom: Provided that, where the Bill is not a Money Bill, the President may direct the Governor to return the Bill to the House or, as the case may be, the Houses of the Legislature of the State together with such a message as it mentioned in the first proviso to Article 200 and, when a Bill is so returned, the House or Houses shall reconsider it accordingly within a period of six months from the date of receipt of such message and, if it is again passed by the House or Houses with or without amendment, it shall be presented again to the President for his consideration Procedure in Financial Matters",-0.32594533576965334,11,0
how to get rich,31A,"31A. Saving of laws providing for acquisition of estates, etc ( 1 ) Notwithstanding anything contained in Article 13, no law providing for",-0.3292673126220703,12,0
how to get rich,111,"111. Assent to Bills When a Bill has been passed by the Houses of Parliament, it shall be presented to the President, and the President shall declare either that he assents to the Bill, or that he withholds assent therefrom Provided that the President may, as soon as possible after the presentation to him of a Bill for assent, return the Bill if it is not a Money Bill to the Houses with a message requesting that they will reconsider the Bill or any specified provisions thereof and, in particular, will consider the desirability of introducing any such amendments as he may recommend in his message, and when a Bill is so returned, the Houses shall reconsider the Bill accordingly, and if the Bill is passed again by the Houses with or without amendment and presented to the President for assent, the President shall not withhold assent therefrom Procedures in Financial Matters",-0.3514114501953125,13,0
how to get rich,59,59. Conditions of Presidents office,-0.35419959564208986,14,0
how to get rich,279,"279. Calculation of net proceeds, etc",-0.3858876452445984,15,0
how to get rich,107,107. Provisions as to introduction and passing of Bills,-0.3865949600219727,16,0
how to get rich,363,363. A Recognition granted to Rulers of Indian States to cease and privy purses to be abolished Notwithstanding anything in this Constitution or in any law for the time being in force,-0.39107852573394775,17,0
how to get rich,39,"39. Certain principles of policy to be followed by the State: The State shall, in particular, direct its policy towards securing",-0.40562153625488284,18,0
how to get rich,280,280. Finance Commission,-0.4226813271522522,19,0
how to get rich,102,102. Disqualification s for membership,-0.4244898174285889,20,0
how to get rich,114,114. Appropriation Bills,-0.42912340803146365,21,0
how to get rich,267,267. Contingency Fund,-0.4377527599334717,22,0
how to get rich,204,204. Appropriation Bills,-0.4427197125434876,23,0
how to get rich,158,158. Conditions of Governor office,-0.4561086524963379,24,0
how to get rich,191,191. Disqualifications for membership,-0.4827102882385254,25,0
how to get rich,266,266. Consolidated Funds and public accounts of India and of the States,-0.5145917413711548,26,0
how to get rich,66,66. Election of Vice President,-0.5637107711791992,27,0
how to get rich,116,"116. Votes on account, votes of credit and exceptional grants",-0.5726726844787597,28,0
how to get rich,109,109. Special procedure in respect of Money Bills,-0.5829833967208863,29,0
how to get rich,206,"206. Votes on account, votes of credit and exceptional grants",-0.5898813271522523,30,0
how to get rich,198,198. Special procedure in respect of Money Bills,-0.6114655319213868,31,0
how to get rich,270,270. Taxes levied and collected by the Union and distributed between the Union and the States,-0.6294621276855469,32,0
how to get rich,243I,243I. Constitution of finance Commissions to review financial position,-0.6973730255126953,33,0
how to get rich,110,110. Definition of Money Bill,-0.7874953735351563,34,0
how to get rich,55,55. Manner of election of President,-0.8019522499084473,35,0
how to get rich,112,112. Annual financial statement,-0.8407769790649414,36,0
how to get rich,360,360. Provisions as to financial emergency,-1.008771124267578,37,0
how to get rich,275,275. Grants from the Union to certain States,-1.1208863861083984,38,0
how to get rich,269,269. Taxes levied and collected by the union but assigned to the States,-1.2785133911132813,39,0
how to get rich,366,"366. Definition In this Constitution, unless the context otherwise requires, the following expressions have l, the meanings hereby respectively assigned to them, that is to say",-2.739722265625,40,0
weather forecast tomorrow,22,22. Protection against arrest and detention in certain cases,0.5272361800193787,1,0
weather forecast tomorrow,23,23. Prohibition of traffic in human beings and forced labour,0.30361633167266844,2,0
weather forecast tomorrow,15,"15. Prohibition of discrimination on grounds of religion, race, caste, sex or place of birth",0.08801680850982663,3,0
weather forecast tomorrow,52,52. The President of India There shall be a President of India,-0.024783966350555423,4,0
weather forecast tomorrow,63,63. The Vice President of India There shall be a Vice President of India,-0.028783966350555423,5,0
weather forecast tomorrow,44,44. Uniform civil code for the citizens The State shall endeavour to secure for the citizens a uniform civil code throughout the territory of India,-0.058783966350555425,6,0
weather forecast tomorrow,329,329. A Special provision as to elections to Parliament in the case of Prime Minister and Speaker Omitted PART XVI SPECIAL PROVISIONS RELATING TO CERTAIN CLASSES,-0.06398396635055542,7,0
weather forecast tomorrow,301,"301. Freedom of trade, commerce and intercourse Subject to the other provisions of this Part, trade, commerce and intercourse throughout the territory of India shall be free",-0.06918378753662109,8,0
weather forecast tomorrow,42,42. Provision for just and humane conditions of work and maternity relief The State shall make provision for securing just and humane conditions of work and for maternity relief,-0.07078396635055542,9,0
weather forecast tomorrow,215,215. High Courts to be courts of record Every High Court shall be a court of record and shall have all the powers of such a court including the power to punish for contempt of itself,-0.0727837875366211,10,0
weather forecast tomorrow,129,129. Supreme Court to be a court of record The Supreme Court shall be a court of record and shall have all the powers of such a court including the power to punish for contempt of itself,-0.0743837875366211,11,0
weather forecast tomorrow,130,"130. Seat of Supreme Court The Supreme Court shall sit in Delhi or in such other place or places, as the Chief Justice of India may, with the approval of the President, from time to time, appoint",-0.0779837875366211,12,0
weather forecast tomorrow,79,79. Constitution of Parliament There shall be a Parliament for the Union which shall consist of the President and two Houses to be known respectively as the council of States and the House of the People,-0.0807837875366211,13,0
weather forecast tomorrow,48A,48A. Protection and improvement of environment and safeguarding of forests and wild life The State shall endeavour to protect and improve the environment and to safeguard the forests and wild life of the country,-0.08438366832733155,14,0
weather forecast tomorrow,300,"300. A Persons not to be deprived of property save by authority of law No person shall be deprived of his property save by authority of law PART XIII TRADE, COMMERCE AND INTERCOURSE WITHIN THE TERRITORY OF INDIA",-0.0843837875366211,15,0
weather forecast tomorrow,1,1. Name and territory of the Union,-0.0867837875366211,16,0
weather forecast tomorrow,150,"150. Form of accounts of the Union and of the States The accounts of the Union and of the States shall be kept in such form as the President may, on the advice of the Comptroller and Auditor General of India, prescribe",-0.08718354911804199,17,0
weather forecast tomorrow,244,244. Administration of Scheduled Areas and Tribal Areas,-0.104383549118042,18,0
weather forecast tomorrow,48,"48. Organisation of agriculture and animal husbandry The State shall endeavour to organise agriculture and animal husbandry on modern and scientific lines and shall, in particular, take steps for preserving and improving the breeds, and prohibiting the slaughter, of cows and calves and other milch and draught cattle",-0.1267837875366211,19,0
weather forecast tomorrow,394,"394. Commencement This article and Articles 5, 6, 7, 8, 9, 60, 324, 366, 367, 379, 380, 388, 391, 392 and 393 shall come into force at once, and the remaining provisions of this Constitution shall come into force on the twenty sixth day of January, 1950 , which day is referred to in this Constitution as the commencement of this Constitution",-0.13678301267623902,20,0
weather forecast tomorrow,46,"46. Promotion of educational and economic interests of Scheduled Castes, Scheduled Tribes and other weaker sections The State shall promote with special care the educational and economic interests of the weaker sections of the people, and, in particular, of the Scheduled Castes and the Scheduled Tribes, and shall protect them from social injustice and all forms of exploitation",-0.151583549118042,21,0
weather forecast tomorrow,43,"43. Living wage, etc, for workers The State shall endeavour to secure, by suitable legislation or economic organisation or in any other way, to all workers, agricultural, industrial or otherwise, work, a living wage, conditions of work ensuring a decent standard of life and full enjoyment of leisure and social and cultural opportunities and, in particular, the State shall endeavour to promote cottage industries on an individual or co operative basis in rural areas",-0.18718319149017335,22,0
weather forecast tomorrow,297,297. Things of value within territorial waters or continental shelf and resources of the exclusive economic zone to vest in the Union,-0.2899834299087525,23,0
weather forecast tomorrow,273,273. Grants in lieu of export duty on jute and jute products,-0.30318366832733157,24,0
weather forecast tomorrow,243Z,243Z. C Part not to apply to certain areas,-0.32318104572296147,25,0
weather forecast tomorrow,334,"334. Reservation of seats and special representation to cease after forty years Notwithstanding anything in the foregoing provisions of this Part, the provisions of Constitution relating to",-0.3307836683273316,26,0
weather forecast tomorrow,75,75. Other provisions as to Ministers,-0.3735826550483704,27,0
weather forecast tomorrow,39,"39. Certain principles of policy to be followed by the State: The State shall, in particular, direct its policy towards securing",-0.40798319149017337,28,0
weather forecast tomorrow,336,336. Special provision for Anglo Indian community in certain services,-0.41838319149017333,29,0
weather forecast tomorrow,364,364. Special provisions as to major ports and aerodromes,-0.4351727010726929,30,0
weather forecast tomorrow,243Q,243Q. Constitution of Municipalities,-0.48358182058334354,31,0
weather forecast tomorrow,164,164. Other provisions as to Ministers,-0.4875819397926331,32,0
weather forecast tomorrow,369,"369. Temporary power to Parliament to make laws with respect to certain matters in the State List as if they were matters in the Concurrent List Notwithstanding anything in this Constitution, Parliament shall, during a period of five years from the commencement of this constitution, have power to make laws with respect to the following matters as if they were enumerated in the Concurrent List, namely:",-0.557175860118866,33,0
weather forecast tomorrow,243M,243M. Part not to apply to certain areas,-0.6191804496765138,34,0
weather forecast tomorrow,243T,243T. Reservation of seats,-0.6963813437461853,35,0
weather forecast tomorrow,330,330. Reservation of seats for Scheduled Castes and Scheduled Tribes in the House of the People,-0.6995769926071167,36,0
weather forecast tomorrow,243D,243D. Reservation of seats,-0.9943417066574097,37,0
weather forecast tomorrow,360,360. Provisions as to financial emergency,-1.0103379515647888,38,0
weather forecast tomorrow,352,352. Proclamation of Emergency,-1.0152528747558596,39,0
weather forecast tomorrow,371F,"371F. Special provisions with respect to the State of Sikkim Notwithstanding anything in this Constitution,",-2.350275491333008,40,0
ipl match score today,17,17. Abolition of Untouchability Untouchability is abolished and its practice in any form is forbidden The enforcement of any disability arising out of Untouchability shall be an offence punishable in accordance with law,1.4124168085098265,1,0
ipl match score today,14,"14. Equality before law The State shall not deny to any person equality before the law or the equal protection of the laws within the territory of India Prohibition of discrimination on grounds of religion, race, caste, sex or place of birth",1.403616450881958,2,0
ipl match score today,34,"34. Restriction on rights conferred by this Part while martial law is in force in any area Notwithstanding anything in the foregoing provisions of this Part, Parliament may by law indemnify any person in the service of the Union or of a State or any other person in respect of any act done by him in connection with the maintenance or restoration of order in any area within the territory of India where martial law was in force or validate any sentence passed, punishment inflicted, forfeiture ordered or other act done under martial law in such area",0.27961817941665645,3,0
ipl match score today,33,"33. Power of Parliament to modify the rights conferred by this Part in their application etc Parliament may, by law, determine to what extent any of the rights conferred by this Part shall, in their application to,",0.19161710653305053,4,0
ipl match score today,35,"35. Legislation to give effect to the provisions of this Part Notwithstanding anything in this Constitution,",-0.0003743103981018736,5,0
ipl match score today,52,52. The President of India There shall be a President of India,-0.024783668327331546,6,0
ipl match score today,63,63. The Vice President of India There shall be a Vice President of India,-0.028783668327331546,7,0
ipl match score today,329,329. A Special provision as to elections to Parliament in the case of Prime Minister and Speaker Omitted PART XVI SPECIAL PROVISIONS RELATING TO CERTAIN CLASSES,-0.0639837875366211,8,0
ipl match score today,129,129. Supreme Court to be a court of record The Supreme Court shall be a court of record and shall have all the powers of such a court including the power to punish for contempt of itself,-0.07437454881668092,9,0
ipl match score today,130,"130. Seat of Supreme Court The Supreme Court shall sit in Delhi or in such other place or places, as the Chief Justice of India may, with the approval of the President, from time to time, appoint",-0.07798342990875244,10,0
ipl match score today,302,"302. Power of Parliament to impose restrictions on trade, commerce and intercourse Parliament may by law impose such restrictions on the freedom of trade, commerce or intercourse between one State and another or within any part of the territory of India as may be required in the public interest",-0.1179837875366211,11,0
ipl match score today,395,"395. Repeals The Indian Independence Act, 1947 , and the Government of India Act, 1935 , together with all enactment s amending or supplementing the latter Act, but not including the Abolition of Privy Council Jurisdiction Act, 1949 , are hereby repealed FIRST SCHEDULE Articles 1 and 4 I THE STATES Name Territories",-0.12638265504837037,12,0
ipl match score today,121,121. Restriction on discussion in Parliament No discussions shall take place in Parliament with respect to the conduct of any Judge of the Supreme Court or of a High Court in the discharge of his duties expect upon a motion for presenting an address to the President praying for the removal of the Judge as hereinafter provided,-0.13078265504837036,13,0
ipl match score today,247,"247. Power of Parliament to provide for the establishment of certain additional courts Notwithstanding anything in this Chapter, Parliament may by law provide for the establishment of any additional courts for the better administration of laws made by Parliament or of any existing laws with respect to a matter enumerated in the Union List",-0.13598366832733155,14,0
ipl match score today,271,"271. Surcharge on certain duties and taxes for purposes of the Union Notwithstanding anything in Articles 269 and 270, Parliament may at any time increase any of the duties or taxes referred in those articles by a surcharge for purposes of the Union and the whole proceeds of any such surcharge shall form part the Consolidated Fund of India",-0.13638342990875243,15,0
ipl match score today,253,"253. Legislation for giving effect to international agreements Notwithstanding anything in the foregoing provisions of this Chapter, Parliament has power to make any law for the whole or any part of the territory of India for implementing any treaty, agreement or convention with any other country or countries or any decision made at any international conference, association or other body",-0.15598289346694946,16,0
ipl match score today,103,103. Decision on questions as to disqualifications of members,-0.195980628490448,17,0
ipl match score today,86,86. Right of President to address and send messages to Houses,-0.20038366832733157,18,0
ipl match score today,138,138. Enlargement of the jurisdiction of the Supreme Court,-0.200783549118042,19,0
ipl match score today,222,222. Transfer of a Judge from one High Court to another,-0.23918331069946291,20,0
ipl match score today,119,"119. Regulation by law of procedure in Parliament in relation to financial business Parliament may, for the purpose of the timely completion of financial business, regulate by law the procedure of, and the conduct of business in, each House of Parliament in relation to any financial matter or to any Bill for the appropriation of moneys out of the consolidated Fund of India, and, if and so far as any provision of any law so made is inconsistent with any rule made by a House of Parliament under clause ( 1 ) of Article 118 or with any rule or standing order having effect in relation to Parliament under clause ( 2 ) of that article, such provision shall prevail",-0.2659828934669495,21,0
ipl match score today,7,"7. Rights of citizenship of certain migrants to Pakistan Notwithstanding anything in Articles 5 and 6, a person who has after the first day of March, 1947 , migrated from the territory of India to the territory now included in Pakistan shall not be deemed to be a citizen of India: Provided that nothing in this article shall apply to a person who, after having so migrated to the territory now included in Pakistan, has returned to the territory of India under a permit for resettlement or permanent return issued by or under the authority of any law and every such person shall for the purposes of clause (b) of Article 6 be deemed to have migrated to the territory of India after the nineteenth day of July, 1948",-0.28598277425765994,22,0
ipl match score today,326,"326. Elections to the House of the People and to the Legislative Assemblies of States to be on the basis of adult suffrage The elections to the House of the People and to the Legislative Assembly of every State shall be on the basis of adult suffrage; but is to say, every person who is a citizen of India and who is not less than twenty one years of age on such date as may be fixed in that behalf by or under any law made by the appropriate legislature and is not otherwise disqualified under this constitution or any law made by the appropriate Legislature on the ground of non residence, unsoundness of mind, crime or corrupt or illegal practice, shall be entitled to be registered as a voter at any such election",-0.2867820590019226,23,0
ipl match score today,113,113. Procedure in Parliament with respect to estimates,-0.29758301267623904,24,0
ipl match score today,132,"132. Appellate jurisdiction of Supreme Court in appeals from High Courts in certain cases ( 1 ) An appeal shall lie to the Supreme Court from any judgment, decree or final order of a High Court in the territory of India, whether in a civil, criminal or other proceeding, if the High Court certifies under Article 134A that the case involves a substantial question of law as t the interpretation of this Constitution",-0.32238277425765993,25,0
ipl match score today,279,"279. Calculation of net proceeds, etc",-0.38597955560684205,26,0
ipl match score today,107,107. Provisions as to introduction and passing of Bills,-0.3867831914901734,27,0
ipl match score today,363,363. A Recognition granted to Rulers of Indian States to cease and privy purses to be abolished Notwithstanding anything in this Constitution or in any law for the time being in force,-0.3911823570251465,28,0
ipl match score today,118,118. Rules of procedure,-0.41438235702514653,29,0
ipl match score today,343,343. Official language of the Union,-0.4155680519104004,30,0
ipl match score today,134,134. Appellate jurisdiction of Supreme Court in regard to criminal matters,-0.44398265504837037,31,0
ipl match score today,270,270. Taxes levied and collected by the Union and distributed between the Union and the States,-0.6299823570251465,32,0
ipl match score today,2A,2A. The age of a Judge of the Supreme Court shall be determined by such authority and in such manner as Parliament may by law provide,-0.8227790787696839,33,0
ipl match score today,360,360. Provisions as to financial emergency,-1.0103632239341735,34,0
ipl match score today,352,352. Proclamation of Emergency,-1.0174186691284182,35,0
ipl match score today,370,370. Temporary provisions with respect to the State of Jammu and Kashmir,-1.0482204708099365,36,0
ipl match score today,359,359. Suspension of the enforcement of the rights conferred by Part III during emergencies,-1.0814666048049928,37,0
ipl match score today,312A,312A. Power of Parliament to vary or revoke conditions of service of officers of certain services,-1.1721198581695558,38,0
ipl match score today,269,269. Taxes levied and collected by the union but assigned to the States,-1.287167747116089,39,0
ipl match score today,366,"366. Definition In this Constitution, unless the context otherwise requires, the following expressions have l, the meanings hereby respectively assigned to them, that is to say",-2.7821912902832033,40,0
who is elon musk,257,257. A Assistance to States by deployment of armed forces or other forces of the Union Omitted,-0.03758193979263306,1,0
who is elon musk,265,265. Taxes not to be imposed save by authority of law No tax shall be levied or collected except by authority of law,-0.046383549118041996,2,0
who is elon musk,54,54. Election of President The President shall be elected by the members of an electoral college consisting of the elected members of both Houses of Parliament; and the elected members of the Legislative Assemblies of the States,-0.09076405839920045,3,0
who is elon musk,99,"99. Oath or affirmation by members Every member of either House of Parliament shall, before taking his seat, make and subscribe before the President, or some person appointed in that behalf by him, an oath or affirmation according to the form set out for the purpose in the Third Schedule",-0.11516626377105714,4,0
who is elon musk,188,"188. Oath or affirmation by members Every member of the Legislative Assembly or the Legislative Council of a State shall, before taking his seat, make and subscribe before the Governor, or some person appointed in that behalf by him, an oath or affirmation according to the form set out for the purpose in the Third Schedule",-0.12956548891067504,5,0
who is elon musk,331,"331. Representation of the Anglo Indian community in the Hose of the People Notwithstanding anything in Article 81, the President may, if he is of opinion that the Anglo Indian community is not adequately represented in the House of the people, nominate not more than two members of that community to the House of the People",-0.1295762773513794,6,0
who is elon musk,46,"46. Promotion of educational and economic interests of Scheduled Castes, Scheduled Tribes and other weaker sections The State shall promote with special care the educational and economic interests of the weaker sections of the people, and, in particular, of the Scheduled Castes and the Scheduled Tribes, and shall protect them from social injustice and all forms of exploitation",-0.15158044967651368,7,0
who is elon musk,243Z,243Z. A Elections to the Municipalities,-0.18438223781585694,8,0
who is elon musk,103,103. Decision on questions as to disqualifications of members,-0.195975323677063,9,0
who is elon musk,325,"325. No person to be ineligible for inclusion in, or to claim to be included in a special, electoral roll on grounds of religion, race, caste or sex There shall be one general electoral roll for every territorial constituency for election to either House of Parliament or to the House or either House of the Legislature of a State and no person shall be ineligible for inclusion in any such roll or claim to be included in any special electoral roll for any such constituency on grounds only of religion, race, caste, sex or any of them",-0.21433443489074708,10,0
who is elon musk,350,350. B Special Officer for linguistic minorities,-0.22876572732925415,11,0
who is elon musk,95,"95. Power of the Deputy Speaker or other person to perform the duties of the office of, or to act as, Speaker",-0.26588853931427003,12,0
who is elon musk,173,173. Qualification for membership of the State Legislature A person shall not be qualified to be chosen to fill a seat in the Legislature of a State unless he,-0.27195636940002443,13,0
who is elon musk,298,"298. Power to carry on trade, etc The executive power of the Union and of each State shall extend to the carrying on of any trade or business and to the acquisition, holding and disposal of property and the making of contracts for any purpose: Provided that (a) the said executive power of the Union shall, in so far as such trade or business or such purpose is not one with respect to which Parliament may make laws, be subject in each State to legislation by the State; and",-0.27478092651367186,14,0
who is elon musk,77,77. Conduct of business of the Government of India,-0.2799801516532898,15,0
who is elon musk,53,53. Executive power of the Union,-0.28075869398117065,16,0
who is elon musk,326,"326. Elections to the House of the People and to the Legislative Assemblies of States to be on the basis of adult suffrage The elections to the House of the People and to the Legislative Assembly of every State shall be on the basis of adult suffrage; but is to say, every person who is a citizen of India and who is not less than twenty one years of age on such date as may be fixed in that behalf by or under any law made by the appropriate legislature and is not otherwise disqualified under this constitution or any law made by the appropriate Legislature on the ground of non residence, unsoundness of mind, crime or corrupt or illegal practice, shall be entitled to be registered as a voter at any such election",-0.2867505281448364,17,0
who is elon musk,297,297. Things of value within territorial waters or continental shelf and resources of the exclusive economic zone to vest in the Union,-0.2899826550483704,18,0
who is elon musk,339,339. Control of the Union over the administration of Scheduled Areas and the welfare of Scheduled Tribes,-0.31197735023498535,19,0
who is elon musk,299,299. Contracts,-0.32637788667678835,20,0
who is elon musk,338,"338. Special Officer for Scheduled Castes, Scheduled Tribes etc",-0.35036352195739745,21,0
who is elon musk,111,"111. Assent to Bills When a Bill has been passed by the Houses of Parliament, it shall be presented to the President, and the President shall declare either that he assents to the Bill, or that he withholds assent therefrom Provided that the President may, as soon as possible after the presentation to him of a Bill for assent, return the Bill if it is not a Money Bill to the Houses with a message requesting that they will reconsider the Bill or any specified provisions thereof and, in particular, will consider the desirability of introducing any such amendments as he may recommend in his message, and when a Bill is so returned, the Houses shall reconsider the Bill accordingly, and if the Bill is passed again by the Houses with or without amendment and presented to the President for assent, the President shall not withhold assent therefrom Procedures in Financial Matters",-0.3527688267707825,22,0
who is elon musk,59,59. Conditions of Presidents office,-0.35513938207626344,23,0
who is elon musk,107,107. Provisions as to introduction and passing of Bills,-0.3867801516532898,24,0
who is elon musk,363,363. A Recognition granted to Rulers of Indian States to cease and privy purses to be abolished Notwithstanding anything in this Constitution or in any law for the time being in force,-0.39116882677078246,25,0
who is elon musk,258,"258. Power of the Union to confer powers, etc, on States in certain cases",-0.4611755024909973,26,0
who is elon musk,123,123. Power of President to promulgate Ordinances during recess of Parliament,-0.4855646544456482,27,0
who is elon musk,310,310. Tenure of office of persons serving the Union or a State,-0.5106219013214112,28,0
who is elon musk,109,109. Special procedure in respect of Money Bills,-0.5831795556068421,29,0
who is elon musk,198,198. Special procedure in respect of Money Bills,-0.6115810457229615,30,0
who is elon musk,270,270. Taxes levied and collected by the Union and distributed between the Union and the States,-0.6299760985374451,31,0
who is elon musk,197,197. Restriction on powers of Legislative Council as to Bills other than Money Bills,-0.6383800324440003,32,0
who is elon musk,101,101. Vacation of seats,-0.6898452663421631,33,0
who is elon musk,243T,243T. Reservation of seats,-0.6963545812606812,34,0
who is elon musk,190,190. Vacation of seats,-0.7266219013214111,35,0
who is elon musk,239B,239B. Power of administrator to promulgate Ordinances during recess of Legislature,-0.8199190568923951,36,0
who is elon musk,324,"324. Superintendence, direction and control of elections to be vested in an Election Commission",-0.981836564064026,37,0
who is elon musk,269,269. Taxes levied and collected by the union but assigned to the States,-1.2865557266235352,38,0
who is elon musk,371F,"371F. Special provisions with respect to the State of Sikkim Notwithstanding anything in this Constitution,",-2.350916360473633,39,0
who is elon musk,366,"366. Definition In this Constitution, unless the context otherwise requires, the following expressions have l, the meanings hereby respectively assigned to them, that is to say",-2.779551519775391,40,0
how does internet work,23,23. Prohibition of traffic in human beings and forced labour,0.3036938773155212,1,0
how does internet work,33,"33. Power of Parliament to modify the rights conferred by this Part in their application etc Parliament may, by law, determine to what extent any of the rights conferred by this Part shall, in their application to,",0.19189373168945312,2,0
how does internet work,54,54. Election of President The President shall be elected by the members of an electoral college consisting of the elected members of both Houses of Parliament; and the elected members of the Legislative Assemblies of the States,-0.09078074769973755,3,0
how does internet work,302,"302. Power of Parliament to impose restrictions on trade, commerce and intercourse Parliament may by law impose such restrictions on the freedom of trade, commerce or intercourse between one State and another or within any part of the territory of India as may be required in the public interest",-0.11780735778808595,4,0
how does internet work,355,355. Duty of the Union to protect States against external aggression and internal disturbance It shall be the duty of the Union to protect every State against external aggression and internal disturbance and to ensure that the government of every State is carried on in accordance with the provisions of this Constitution,-0.1283104142189026,5,0
how does internet work,223,"223. Appointment of acting Chief Justice When the office of Chief Justice of High Court is vacant or when any such Chief Justice is, by reason of absence or otherwise, unable to perform the duties of his office, the duties of the office shall be performed by such one of the other Judges of the Court as the President may appoint for the purposes",-0.1383788999557495,6,0
how does internet work,256,"256. Obligation of States and the Union The executive power of every State shall be so exercised as to ensure compliance with the laws made by Parliament and any existing laws which apply in that State, and the executive power of the Union shall extend to the giving of such directions to a State as may appear to the Government of India to be necessary for that purpose",-0.14791846084594729,7,0
how does internet work,375,"375. Courts, authorities and officers to continue to function subject to the provisions of the Constitution All courts of civil, criminal and revenue jurisdiction, all authorities and all officers, judicial, executive and ministerial, throughout the territory of India, shall continue to exercise their respective functions subject to the provisions of this Constitution",-0.14797395277023317,8,0
how does internet work,39A,39. A Equal justice and free legal aid,-0.15236650218963624,9,0
how does internet work,253,"253. Legislation for giving effect to international agreements Notwithstanding anything in the foregoing provisions of this Chapter, Parliament has power to make any law for the whole or any part of the territory of India for implementing any treaty, agreement or convention with any other country or countries or any decision made at any international conference, association or other body",-0.15595964765548706,10,0
how does internet work,245,245. Extent of laws made by Parliament and by the Legislatures of States,-0.16277735023498535,11,0
how does internet work,122,122. Courts not to inquire into proceedings of Parliament,-0.21194856119155886,12,0
how does internet work,239,239. Administration of Union territories,-0.2287706745147705,13,0
how does internet work,119,"119. Regulation by law of procedure in Parliament in relation to financial business Parliament may, for the purpose of the timely completion of financial business, regulate by law the procedure of, and the conduct of business in, each House of Parliament in relation to any financial matter or to any Bill for the appropriation of moneys out of the consolidated Fund of India, and, if and so far as any provision of any law so made is inconsistent with any rule made by a House of Parliament under clause ( 1 ) of Article 118 or with any rule or standing order having effect in relation to Parliament under clause ( 2 ) of that article, such provision shall prevail",-0.26595994567871095,14,0
how does internet work,298,"298. Power to carry on trade, etc The executive power of the Union and of each State shall extend to the carrying on of any trade or business and to the acquisition, holding and disposal of property and the making of contracts for any purpose: Provided that (a) the said executive power of the Union shall, in so far as such trade or business or such purpose is not one with respect to which Parliament may make laws, be subject in each State to legislation by the State; and",-0.27474564056396483,15,0
how does internet work,77,77. Conduct of business of the Government of India,-0.27995702505111697,16,0
how does internet work,250,250. Power of Parliament to legislate with respect to any matter in the State List if a Proclamation of Emergency is in operation,-0.3059668002128601,17,0
how does internet work,83,83. Duration of Houses of Parliament,-0.32637907876968386,18,0
how does internet work,166,166. Conduct of business of the Government of a State,-0.3355670386314392,19,0
how does internet work,263,263. Provisions with respect to an inter State Council If any any time it appears to the President that the public interests would be served by the establishment of a Council charged with the duty of,-0.3367461174011231,20,0
how does internet work,98,98. Secretariat of Parliament,-0.35396602535247806,21,0
how does internet work,208,208. Rules of procedure,-0.35994814395904545,22,0
how does internet work,279,"279. Calculation of net proceeds, etc",-0.3859775290489197,23,0
how does internet work,118,118. Rules of procedure,-0.4142623132705689,24,0
how does internet work,252,252. Power of Parliament to legislate for two or more States by consent and adoption of such legislation by any other State,-0.42829771842956543,25,0
how does internet work,241,241. High Courts for Union territories,-0.4523727010726929,26,0
how does internet work,258,"258. Power of the Union to confer powers, etc, on States in certain cases",-0.46115458126068115,27,0
how does internet work,227,227. Power of superintendence over all courts by the High Court,-0.46995243549346927,28,0
how does internet work,100,"100. Voting in Houses, power of Houses to act notwithstanding vacancies and quorum",-0.4911608397483826,29,0
how does internet work,353,"353. Effect of Proclamation of Emergency While a Proclamation of Emergency is in operation, then",-0.5059538660049439,30,0
how does internet work,312,312. All India Services,-0.5099693036079407,31,0
how does internet work,315,315. Public Service Commissions for the Union and for the States,-0.5283573230743408,32,0
how does internet work,288,288. Exemption from taxation by States in respect of water or electricity in certain cases,-0.5471608397483826,33,0
how does internet work,369,"369. Temporary power to Parliament to make laws with respect to certain matters in the State List as if they were matters in the Concurrent List Notwithstanding anything in this Constitution, Parliament shall, during a period of five years from the commencement of this constitution, have power to make laws with respect to the following matters as if they were enumerated in the Concurrent List, namely:",-0.5571563694000244,34,0
how does internet work,189,"189. Voting in Houses, power of Houses to act notwithstanding vacancies and quorum",-0.5587596476554871,35,0
how does internet work,249,249. Power of Parliament to legislate with respect to a matter in the State List in the national interest,-0.5907209642410278,36,0
how does internet work,257,257. Control of the Union over States in certain cases,-0.698588522720337,37,0
how does internet work,55,55. Manner of election of President,-0.8021602701187134,38,0
how does internet work,368,368. Power of Parliament to amend the Constitution and procedure therefor,-0.8037782707214356,39,0
how does internet work,145,"145. Rules of Court, etc",-1.2055669654846193,40,0
best laptop under 100000,130,"130. Seat of Supreme Court The Supreme Court shall sit in Delhi or in such other place or places, as the Chief Justice of India may, with the approval of the President, from time to time, appoint",-0.07798366832733154,1,0
best laptop under 100000,10,"10. Continuance of the rights of citizenship Every person who is or is deemed to be a citizen of India under any of the foregoing provisions of this Part shall, subject to the provisions of any law that may be made by Parliament, continue to be such citizen",-0.10278366832733155,2,0
best laptop under 100000,97,"97. Salaries and allowances of the Chairman and Deputy Chairman and the Speaker and Deputy Speaker There shall be paid to the Chairman and the Deputy Chairman of the council of States, and to the Speaker and the Deputy Speaker of the House of the People, such salaries and allowances as may be respectively fixed by Parliament by law and, until provision in that behalf is so made, such salaries and allowances as are specified in the Second Schedule",-0.17998319149017336,3,0
best laptop under 100000,43,"43. Living wage, etc, for workers The State shall endeavour to secure, by suitable legislation or economic organisation or in any other way, to all workers, agricultural, industrial or otherwise, work, a living wage, conditions of work ensuring a decent standard of life and full enjoyment of leisure and social and cultural opportunities and, in particular, the State shall endeavour to promote cottage industries on an individual or co operative basis in rural areas",-0.18718277425765992,4,0
best laptop under 100000,106,"106. Salaries and allowances of members Members of either House of Parliament shall be entitled to receive such salaries and allowances as may from time to time be determined by Parliament by law and, until provision in that in that respect is so made, allowances at such rates and upon such conditions as were immediately before the commencement of this Constitution applicable in the case of members of the Constituent Assembly of the Dominion of India Legislative Procedure",-0.19038122453689577,5,0
best laptop under 100000,104,"104. Penalty for sitting and voting before making oath or affirmation under Article 99 or when not qualified or when disqualified If a person sits or votes as a member of either House of Parliament before he has complied with the requirements of Article 99, or when he knows that he is not qualified or that he is disqualified for membership thereof, or that he is prohibited from so doing by the provisions of any law made by Parliament, he shall be liable in respect of each day on which he so sits or votes to a penalty of five hundred rupees to be recovered as a debt due to the Union Powers, Privileges and Immunities of Parliament and its Members",-0.2607826550483704,6,0
best laptop under 100000,120,120. Language to be used in Parliament,-0.2679833106994629,7,0
best laptop under 100000,221,"221. Salaries etc, of Judges",-0.272383549118042,8,0
best laptop under 100000,297,297. Things of value within territorial waters or continental shelf and resources of the exclusive economic zone to vest in the Union,-0.2899834299087525,9,0
best laptop under 100000,125,"125. Salaries, etc, of Judges",-0.296383549118042,10,0
best laptop under 100000,124,124. Establishment and constitution of Supreme Court,-0.34638205900192265,11,0
best laptop under 100000,98,98. Secretariat of Parliament,-0.35398354911804203,12,0
best laptop under 100000,59,59. Conditions of Presidents office,-0.3551823570251465,13,0
best laptop under 100000,296,"296. Property accruing by escheat or lapse or as bona vacantia Subject as hereinafter provided any property in the territory of India which, if this Constitution had not come into operation, would have accrued to His Majesty or, as the case may be, to the Ruler of an Indian State by escheat or lapse, or as bona vacantia for want of a rightful owner, shall, if it is property situate in a State, vest in such State, and shall, in any other case, vest in the Union: Provided that any property which at the date when it wouldhave so accrued to His Majesty or to the Ruler of an Indian State was in the possession or under the control of the Government of India or the Government of a State shall, according as the purposes for which it was then used or held were purposes of the Union or a State, vest in the Union or in that State Explanation In the article, the expressions Ruler and Indian State have the same meanings as in Article 363",-0.3751804496765137,14,0
best laptop under 100000,127,127. Appointment of ad hoc Judges,-0.3791828934669495,15,0
best laptop under 100000,107,107. Provisions as to introduction and passing of Bills,-0.3867819397926331,16,0
best laptop under 100000,363,363. A Recognition granted to Rulers of Indian States to cease and privy purses to be abolished Notwithstanding anything in this Constitution or in any law for the time being in force,-0.3911823570251465,17,0
best laptop under 100000,343,343. Official language of the Union,-0.4155826550483704,18,0
best laptop under 100000,102,102. Disqualification s for membership,-0.4247820590019226,19,0
best laptop under 100000,340,340. Appointment of a Commission to investigate the conditions of backward classes,-0.44037717142105104,20,0
best laptop under 100000,158,158. Conditions of Governor office,-0.4563828934669495,21,0
best laptop under 100000,191,191. Disqualifications for membership,-0.4831820590019226,22,0
best laptop under 100000,100,"100. Voting in Houses, power of Houses to act notwithstanding vacancies and quorum",-0.49118277425765994,23,0
best laptop under 100000,210,210. Language to be used in the Legislature,-0.5043813437461854,24,0
best laptop under 100000,310,310. Tenure of office of persons serving the Union or a State,-0.5107824762344361,25,0
best laptop under 100000,61,61. Procedure for impeachment of the President,-0.5143826550483704,26,0
best laptop under 100000,146,146. Officers and servants and the expenses of the Supreme Court,-0.5159815225601196,27,0
best laptop under 100000,105,"105. Powers, privileges, etc of the Houses of Parliament and of the members and committees thereof",-0.52358277425766,28,0
best laptop under 100000,254,254. Inconsistency between laws made by Parliament and laws made by the Legislatures of States,-0.5363822378158569,29,0
best laptop under 100000,369,"369. Temporary power to Parliament to make laws with respect to certain matters in the State List as if they were matters in the Concurrent List Notwithstanding anything in this Constitution, Parliament shall, during a period of five years from the commencement of this constitution, have power to make laws with respect to the following matters as if they were enumerated in the Concurrent List, namely:",-0.5571803304672241,30,0
best laptop under 100000,189,"189. Voting in Houses, power of Houses to act notwithstanding vacancies and quorum",-0.558782237815857,31,0
best laptop under 100000,323B,323B. Tribunals for other matters,-0.5883771714210511,32,0
best laptop under 100000,101,101. Vacation of seats,-0.689982237815857,33,0
best laptop under 100000,190,190. Vacation of seats,-0.7267818205833435,34,0
best laptop under 100000,170,170. Composition of the Legislative Assemblies,-0.799980628490448,35,0
best laptop under 100000,2A,2A. The age of a Judge of the Supreme Court shall be determined by such authority and in such manner as Parliament may by law provide,-0.8227732971191407,36,0
best laptop under 100000,374,"374. Provisions as to Judges of the Federal Court and proceedings pending in the Federal Court or before His Majesty in Council ( 1 ) The Judges of the Federal Court holding office immediately before the commencement of this Constitution shall, unless they have elected otherwise, become on such commencement the Judges of the Supreme Court and shall thereupon be entitled to such salaries and allowances and to such rights in respect of leave of absence and pension as are provided for under Article 125 in respect of the Judges of the Supreme Court",-0.874349336051941,37,0
best laptop under 100000,360,360. Provisions as to financial emergency,-1.0102427629470825,38,0
best laptop under 100000,108,108. Joint sitting of both Houses in certain cases,-1.0473694492340089,39,0
best laptop under 100000,269,269. Taxes levied and collected by the union but assigned to the States,-1.2859386993408204,40,0
how to learn programming,29,29. Protection of interests of minorities,0.32921657009124755,1,0
how to learn programming,30,30. Right of minorities to establish and administer educational institutions,0.17161794099807737,2,0
how to learn programming,28,28. Freedom as to attendance at religious instruction or religious worship in certain educational institutions,0.13441937150955197,3,0
how to learn programming,45,"45. Provision for free and compulsory education for children The State shall endeavour to provide, within a period of ten years from the commencement of this Constitution, for free and compulsory education for all children until they complete the age of fourteen years",-0.10718092651367188,4,0
how to learn programming,99,"99. Oath or affirmation by members Every member of either House of Parliament shall, before taking his seat, make and subscribe before the President, or some person appointed in that behalf by him, an oath or affirmation according to the form set out for the purpose in the Third Schedule",-0.11518277425765992,5,0
how to learn programming,188,"188. Oath or affirmation by members Every member of the Legislative Assembly or the Legislative Council of a State shall, before taking his seat, make and subscribe before the Governor, or some person appointed in that behalf by him, an oath or affirmation according to the form set out for the purpose in the Third Schedule",-0.129583012676239,6,0
how to learn programming,219,"219. Oath or affirmation by Judges of High Courts Every person appointed to be a Judge of a High Court shall, before he enters upon his office, make and subscribe before the Governor of the State, or some person appointed in that behalf by him, an oath or affirmation according to the form set out for the purpose in the Third Schedule",-0.13398319149017335,7,0
how to learn programming,41,"41. Right to work, to education and to public assistance in certain cases The State shall, within the limits of its economic capacity and development, make effective provision for securing the right to work, to education and to public assistance in cases of unemployment, old age, sickness and disablement, and in other cases of undeserved want",-0.13758247623443604,8,0
how to learn programming,350,350. A Facilities for instruction in mother tongue at primary stage It shall be the endeavour of every State and of every local authority within the State to provide adequate facilities for instruction in the mother tongue at the primary stage of education to children belonging to linguistic minority groups; and the President may issue such directions to any State as he considers necessary or proper for securing the provision of such facilities,-0.1790190402984619,9,0
how to learn programming,168,168. Constitution of Legislatures in States,-0.19758223781585693,10,0
how to learn programming,351,"351. Directive for development of the Hindi language It shall be the duty of the Union to promote the spread of the Hindi language, to develop it so that it may serve as a medium of expression for all the elements of the composite culture of India and to secure its enrichment by assimilating without interfering with its genius, the forms, style and expressions used in Hindustani and in the other languages of India specified in the Eighth Schedule, and by drawing, wherever necessary or desirable, for its vocabulary, primarily on Sanskrit and secondarily on other languages PART XVIII EMERGENCY PROVISIONS",-0.24357091293334962,11,0
how to learn programming,84,84. Qualification for membership of Parliament A person shall not be qualified to be chosen to fill a seat in Parliament unless he,-0.2599827742576599,12,0
how to learn programming,104,"104. Penalty for sitting and voting before making oath or affirmation under Article 99 or when not qualified or when disqualified If a person sits or votes as a member of either House of Parliament before he has complied with the requirements of Article 99, or when he knows that he is not qualified or that he is disqualified for membership thereof, or that he is prohibited from so doing by the provisions of any law made by Parliament, he shall be liable in respect of each day on which he so sits or votes to a penalty of five hundred rupees to be recovered as a debt due to the Union Powers, Privileges and Immunities of Parliament and its Members",-0.26078223781585697,13,0
how to learn programming,120,120. Language to be used in Parliament,-0.2679820590019226,14,0
how to learn programming,173,173. Qualification for membership of the State Legislature A person shall not be qualified to be chosen to fill a seat in the Legislature of a State unless he,-0.2719828934669495,15,0
how to learn programming,326,"326. Elections to the House of the People and to the Legislative Assemblies of States to be on the basis of adult suffrage The elections to the House of the People and to the Legislative Assembly of every State shall be on the basis of adult suffrage; but is to say, every person who is a citizen of India and who is not less than twenty one years of age on such date as may be fixed in that behalf by or under any law made by the appropriate legislature and is not otherwise disqualified under this constitution or any law made by the appropriate Legislature on the ground of non residence, unsoundness of mind, crime or corrupt or illegal practice, shall be entitled to be registered as a voter at any such election",-0.2867818205833435,16,0
how to learn programming,193,"193. Penalty for sitting and voting before making oath or affirmation under Article 188 or when not qualified or when disqualified If a person sits or votes as a member of the Legislative Assembly or the Legislative Council of a State before he has complied with the requirements of Article 188, or when he knows that he is not qualified or that he is disqualified for membership thereof, or that he is prohibited from so doing by the provisions of any law made by Parliament or the legislature of the State, he shall be liable in respect of each day on which he so sits or votes to a penalty of five hundred rupees to be recovered as a debt due to the State Powers, Privileges and Immunities of State Legislatures and their Members",-0.2927818205833435,17,0
how to learn programming,58,58. Qualifications for election as President,-0.2983820590019226,18,0
how to learn programming,159,"159. Oath or affirmation by Governor Every Governor and every person discharging the functions of the Governor shall, before entering upon his office, make and subscribe in the presence of the chief Justice of the High Court exercising jurisdiction in relation to the State, or, in his absence, the senior most Judge of that court available, an oath or affirmation in the following form, that is to say swear in the name of God I, A B, do that I solemnly affirm will faithfully execute the office of Governor (or discharge the functions of the Governor) of (name of the State) and will to the best of my ability preserve, protect and defend the Constitution and the law and that I will devote myself to the service and well being of the people of (name of the State)",-0.3063816417694092,19,0
how to learn programming,111,"111. Assent to Bills When a Bill has been passed by the Houses of Parliament, it shall be presented to the President, and the President shall declare either that he assents to the Bill, or that he withholds assent therefrom Provided that the President may, as soon as possible after the presentation to him of a Bill for assent, return the Bill if it is not a Money Bill to the Houses with a message requesting that they will reconsider the Bill or any specified provisions thereof and, in particular, will consider the desirability of introducing any such amendments as he may recommend in his message, and when a Bill is so returned, the Houses shall reconsider the Bill accordingly, and if the Bill is passed again by the Houses with or without amendment and presented to the President for assent, the President shall not withhold assent therefrom Procedures in Financial Matters",-0.3527803304672241,20,0
how to learn programming,208,208. Rules of procedure,-0.3599828934669495,21,0
how to learn programming,75,75. Other provisions as to Ministers,-0.3735819397926331,22,0
how to learn programming,372,372. A Power of the President to adapt laws,-0.37598247623443604,23,0
how to learn programming,107,107. Provisions as to introduction and passing of Bills,-0.3867834299087525,24,0
how to learn programming,337,"337. Special provision with respect to educational grants for the benefit of Anglo Indian community During the first three financial years after the commencement of this Constitution, the same grants, if any, shall be made by the Union and by each State for the benefit of the Anglo Indian community in respect of education as were made in the financial year ending on the thirty first day of March, 1948 During every succeeding period of three years the grants may be less by ten per cent than those for the immediately preceding period of three years: Provided that at the end of ten years from the commencement of this Constitution such grants, to the extent to which they are a special concession to the Anglo Indian community, shall cease: Provided further that no educational institution shall be entitled to receive any grant under this article unless at least forty per cent of annual admissions therein are made available to members of communities other than the Anglo Indian community",-0.397575323677063,25,0
how to learn programming,118,118. Rules of procedure,-0.41438235702514653,26,0
how to learn programming,343,343. Official language of the Union,-0.41558205900192263,27,0
how to learn programming,196,196. Provisions as to introduction and passing of Bills,-0.42358277425765994,28,0
how to learn programming,102,102. Disqualification s for membership,-0.4247818205833435,29,0
how to learn programming,191,191. Disqualifications for membership,-0.48318223781585695,30,0
how to learn programming,210,210. Language to be used in the Legislature,-0.5043815225601197,31,0
how to learn programming,369,"369. Temporary power to Parliament to make laws with respect to certain matters in the State List as if they were matters in the Concurrent List Notwithstanding anything in this Constitution, Parliament shall, during a period of five years from the commencement of this constitution, have power to make laws with respect to the following matters as if they were enumerated in the Concurrent List, namely:",-0.5571816417694092,32,0
how to learn programming,66,66. Election of Vice President,-0.5655812245368957,33,0
how to learn programming,198,198. Special procedure in respect of Money Bills,-0.6115823570251465,34,0
how to learn programming,55,55. Manner of election of President,-0.8023670386314392,35,0
how to learn programming,368,368. Power of Parliament to amend the Constitution and procedure therefor,-0.8039809265136719,36,0
how to learn programming,2A,2A. The age of a Judge of the Supreme Court shall be determined by such authority and in such manner as Parliament may by law provide,-0.8227629259109498,37,0
how to learn programming,171,171. Composition of the Legislative Councils,-0.9665997283935547,38,0
how to learn programming,145,"145. Rules of Court, etc",-1.2058907379150392,39,0
how to learn programming,371D,371D. Special provisions with respect to the state of Andhra Pradesh,-2.8973607849121095,40,0
what is blockchain,17,17. Abolition of Untouchability Untouchability is abolished and its practice in any form is forbidden The enforcement of any disability arising out of Untouchability shall be an offence punishable in accordance with law,1.41241722574234,1,0
what is blockchain,14,"14. Equality before law The State shall not deny to any person equality before the law or the equal protection of the laws within the territory of India Prohibition of discrimination on grounds of religion, race, caste, sex or place of birth",1.403616689300537,2,0
what is blockchain,29,29. Protection of interests of minorities,0.32921633167266845,3,0
what is blockchain,15,"15. Prohibition of discrimination on grounds of religion, race, caste, sex or place of birth",0.08801806020736691,4,0
what is blockchain,25,"25. Freedom of conscience and free profession, practice and propagation of religion",0.06882163648605344,5,0
what is blockchain,393,393. Short title This Constitution may be called the Constitution of India,-0.02958396635055542,6,0
what is blockchain,44,44. Uniform civil code for the citizens The State shall endeavour to secure for the citizens a uniform civil code throughout the territory of India,-0.058783429908752446,7,0
what is blockchain,141,141. Law declared by Supreme Court to be binding on all courts The law declared by the Supreme Court shall be binding on all courts within the territory of India,-0.06438301267623901,8,0
what is blockchain,301,"301. Freedom of trade, commerce and intercourse Subject to the other provisions of this Part, trade, commerce and intercourse throughout the territory of India shall be free",-0.06918289346694946,9,0
what is blockchain,129,129. Supreme Court to be a court of record The Supreme Court shall be a court of record and shall have all the powers of such a court including the power to punish for contempt of itself,-0.07438205900192262,10,0
what is blockchain,1,1. Name and territory of the Union,-0.0867837875366211,11,0
what is blockchain,302,"302. Power of Parliament to impose restrictions on trade, commerce and intercourse Parliament may by law impose such restrictions on the freedom of trade, commerce or intercourse between one State and another or within any part of the territory of India as may be required in the public interest",-0.117980628490448,12,0
what is blockchain,48,"48. Organisation of agriculture and animal husbandry The State shall endeavour to organise agriculture and animal husbandry on modern and scientific lines and shall, in particular, take steps for preserving and improving the breeds, and prohibiting the slaughter, of cows and calves and other milch and draught cattle",-0.126783549118042,13,0
what is blockchain,375,"375. Courts, authorities and officers to continue to function subject to the provisions of the Constitution All courts of civil, criminal and revenue jurisdiction, all authorities and all officers, judicial, executive and ministerial, throughout the territory of India, shall continue to exercise their respective functions subject to the provisions of this Constitution",-0.14798182058334353,14,0
what is blockchain,325,"325. No person to be ineligible for inclusion in, or to claim to be included in a special, electoral roll on grounds of religion, race, caste or sex There shall be one general electoral roll for every territorial constituency for election to either House of Parliament or to the House or either House of the Legislature of a State and no person shall be ineligible for inclusion in any such roll or claim to be included in any special electoral roll for any such constituency on grounds only of religion, race, caste, sex or any of them",-0.2143813437461853,15,0
what is blockchain,284,284. Custody of suitors deposits and other moneys received by public servants an courts All moneys received by or deposited with,-0.23037472763061526,16,0
what is blockchain,119,"119. Regulation by law of procedure in Parliament in relation to financial business Parliament may, for the purpose of the timely completion of financial business, regulate by law the procedure of, and the conduct of business in, each House of Parliament in relation to any financial matter or to any Bill for the appropriation of moneys out of the consolidated Fund of India, and, if and so far as any provision of any law so made is inconsistent with any rule made by a House of Parliament under clause ( 1 ) of Article 118 or with any rule or standing order having effect in relation to Parliament under clause ( 2 ) of that article, such provision shall prevail",-0.26597395277023317,17,0
what is blockchain,298,"298. Power to carry on trade, etc The executive power of the Union and of each State shall extend to the carrying on of any trade or business and to the acquisition, holding and disposal of property and the making of contracts for any purpose: Provided that (a) the said executive power of the Union shall, in so far as such trade or business or such purpose is not one with respect to which Parliament may make laws, be subject in each State to legislation by the State; and",-0.2747778866767883,18,0
what is blockchain,77,77. Conduct of business of the Government of India,-0.2799796748161316,19,0
what is blockchain,297,297. Things of value within territorial waters or continental shelf and resources of the exclusive economic zone to vest in the Union,-0.28998205900192264,20,0
what is blockchain,304,"304. Restrictions on trade, commerce and intercourse among States Notwithstanding anything in Article 301 or Article 303, the Legislature of a State may by law",-0.2979820590019226,21,0
what is blockchain,243P,"243P. Definitions In this Part, unless the context otherwise requires,",-0.34317955560684205,22,0
what is blockchain,111,"111. Assent to Bills When a Bill has been passed by the Houses of Parliament, it shall be presented to the President, and the President shall declare either that he assents to the Bill, or that he withholds assent therefrom Provided that the President may, as soon as possible after the presentation to him of a Bill for assent, return the Bill if it is not a Money Bill to the Houses with a message requesting that they will reconsider the Bill or any specified provisions thereof and, in particular, will consider the desirability of introducing any such amendments as he may recommend in his message, and when a Bill is so returned, the Houses shall reconsider the Bill accordingly, and if the Bill is passed again by the Houses with or without amendment and presented to the President for assent, the President shall not withhold assent therefrom Procedures in Financial Matters",-0.3527646544456482,23,0
what is blockchain,296,"296. Property accruing by escheat or lapse or as bona vacantia Subject as hereinafter provided any property in the territory of India which, if this Constitution had not come into operation, would have accrued to His Majesty or, as the case may be, to the Ruler of an Indian State by escheat or lapse, or as bona vacantia for want of a rightful owner, shall, if it is property situate in a State, vest in such State, and shall, in any other case, vest in the Union: Provided that any property which at the date when it wouldhave so accrued to His Majesty or to the Ruler of an Indian State was in the possession or under the control of the Government of India or the Government of a State shall, according as the purposes for which it was then used or held were purposes of the Union or a State, vest in the Union or in that State Explanation In the article, the expressions Ruler and Indian State have the same meanings as in Article 363",-0.3751516606330872,24,0
what is blockchain,279,"279. Calculation of net proceeds, etc",-0.38597156858444215,25,0
what is blockchain,107,107. Provisions as to introduction and passing of Bills,-0.3867809265136719,26,0
what is blockchain,243,"243. Definitions In this Part, unless the context otherwise requires,",-0.38798003244400026,27,0
what is blockchain,196,196. Provisions as to introduction and passing of Bills,-0.4235823570251465,28,0
what is blockchain,243Q,243Q. Constitution of Municipalities,-0.4835728798866272,29,0
what is blockchain,266,266. Consolidated Funds and public accounts of India and of the States,-0.5147749064445496,30,0
what is blockchain,293,293. Borrowing by States,-0.5259807476997376,31,0
what is blockchain,283,"283. Custody, etc of Consolidated Funds, Contingency Funds and moneys credited to the public accounts",-0.5287552965164185,32,0
what is blockchain,369,"369. Temporary power to Parliament to make laws with respect to certain matters in the State List as if they were matters in the Concurrent List Notwithstanding anything in this Constitution, Parliament shall, during a period of five years from the commencement of this constitution, have power to make laws with respect to the following matters as if they were enumerated in the Concurrent List, namely:",-0.5571685287475586,33,0
what is blockchain,323B,323B. Tribunals for other matters,-0.5883771714210511,34,0
what is blockchain,295,"295. Succession to property, assets, rights, liabilities and obligations in other cases",-0.6483665021896362,35,0
what is blockchain,243I,243I. Constitution of finance Commissions to review financial position,-0.6975720454216003,36,0
what is blockchain,110,110. Definition of Money Bill,-0.7886655319213868,37,0
what is blockchain,199,199. Definition of Money Bills,-0.8007015927314759,38,0
what is blockchain,352,352. Proclamation of Emergency,-1.0169504150390627,39,0
what is blockchain,366,"366. Definition In this Constitution, unless the context otherwise requires, the following expressions have l, the meanings hereby respectively assigned to them, that is to say",-2.7820863861083986,40,0
how to crack interview,16,16. Equality of opportunity in matters of public employment,0.9512359416007995,1,0
how to crack interview,22,22. Protection against arrest and detention in certain cases,0.5274099275588989,2,0
how to crack interview,99,"99. Oath or affirmation by members Every member of either House of Parliament shall, before taking his seat, make and subscribe before the President, or some person appointed in that behalf by him, an oath or affirmation according to the form set out for the purpose in the Third Schedule",-0.11518104572296144,3,0
how to crack interview,350,"350. Language to be used in representations for redress of grievances Every person shall be entitled to submit a representation for the redress of any grievance to any officer or authority of the Union or a State in any of the languages used in the Union or in the State, as the case may be",-0.11598152256011963,4,0
how to crack interview,219,"219. Oath or affirmation by Judges of High Courts Every person appointed to be a Judge of a High Court shall, before he enters upon his office, make and subscribe before the Governor of the State, or some person appointed in that behalf by him, an oath or affirmation according to the form set out for the purpose in the Third Schedule",-0.13398003244400025,5,0
how to crack interview,93,"93. The Speaker and Deputy Speaker of the House of the People The House of the People shall, as soon as may be, choose two members of the House to be respectively Speaker and Deputy Speaker thereof and, so often as the office of Speaker or Deputy Speaker becomes vacant, the House shall choose another member to be Speaker or Deputy Speaker, as the case may be",-0.14398289346694948,6,0
how to crack interview,69,"69. Oath or affirmation by the Vice President Every Vice President shall, before entering upon his office, make and subscribe before the President, or some person appointed in that behalf by him, an oath or affirmation in the following form, that is to say swear in the name of God I, A B, do that solemnly affirm will bear true faith, and allegiance to the Constitution of India as by law established and that I will faithfully discharge the duty upon which I am about to enter",-0.1911791979789734,7,0
how to crack interview,90,"90. Vacation and resignation of, and removal from, the office of Deputy Chairman A member holding office as Deputy chairman of the Council of States",-0.24317985363006592,8,0
how to crack interview,84,84. Qualification for membership of Parliament A person shall not be qualified to be chosen to fill a seat in Parliament unless he,-0.25998152256011964,9,0
how to crack interview,95,"95. Power of the Deputy Speaker or other person to perform the duties of the office of, or to act as, Speaker",-0.26598193979263307,10,0
how to crack interview,120,120. Language to be used in Parliament,-0.26798301267623903,11,0
how to crack interview,173,173. Qualification for membership of the State Legislature A person shall not be qualified to be chosen to fill a seat in the Legislature of a State unless he,-0.2719819397926331,12,0
how to crack interview,68,68. Time of holding election to fill vacancy in the office of Vice President and the term of office of person elected to fill casual vacancy,-0.2795820590019226,13,0
how to crack interview,60,"60. Oath or affirmation by the President Every President and every person acting as President or discharging the functions of the President shall, before entering upon his office, make and subscribe in the presence of the Chief Justice of India or, in his absence, the senior most Judge of the Supreme Court available, an oath or affirmation in the following form, that is to say swear in the name of God I, A B, do that I olemnly affirm will faithfully execute the office of President (or discharge the functions of thePresident) of India and will do the best of my ability preserve, protect and defend the Constitution and the law and that I will devote myself to the service and well being of the people of India",-0.2859796748161316,14,0
how to crack interview,183,"183. Vacation and resignation of, and removal from, the offices of Chairman and Deputy Chairman A member holding office as Chairman or Deputy Chairman of a Legislative Council",-0.29398301267623905,15,0
how to crack interview,62,62. Time of holding election to fill vacancy in the office of President and the term of office of person elected to fill casual vacancy,-0.2943820590019226,16,0
how to crack interview,58,58. Qualifications for election as President,-0.29837854232788086,17,0
how to crack interview,159,"159. Oath or affirmation by Governor Every Governor and every person discharging the functions of the Governor shall, before entering upon his office, make and subscribe in the presence of the chief Justice of the High Court exercising jurisdiction in relation to the State, or, in his absence, the senior most Judge of that court available, an oath or affirmation in the following form, that is to say swear in the name of God I, A B, do that I solemnly affirm will faithfully execute the office of Governor (or discharge the functions of the Governor) of (name of the State) and will to the best of my ability preserve, protect and defend the Constitution and the law and that I will devote myself to the service and well being of the people of (name of the State)",-0.30638193979263306,18,0
how to crack interview,179,"179. Vacation and resignation of, and removal from, the offices of Speaker and Deputy Speaker A member holding office as Speaker or Deputy Speaker of an Assembly",-0.3087833106994629,19,0
how to crack interview,75,75. Other provisions as to Ministers,-0.3735824762344361,20,0
how to crack interview,127,127. Appointment of ad hoc Judges,-0.37918205900192264,21,0
how to crack interview,94,"94. Vacation and resignation of, and removal from, the offices of Speaker and Deputy Speaker A member holding office as Speaker or Deputy Speaker of the House of the People",-0.38158247623443603,22,0
how to crack interview,392,392. Power of the President to remove difficulties,-0.39438033046722415,23,0
how to crack interview,96,96. The Speaker or the Deputy Speaker not to preside while a resolution for his removal from office is under consideration,-0.42718277425765994,24,0
how to crack interview,181,181. The Speaker or the Deputy Speaker not to preside while a resolution for his removal from office is under consideration,-0.42918319149017337,25,0
how to crack interview,340,340. Appointment of a Commission to investigate the conditions of backward classes,-0.4403826550483704,26,0
how to crack interview,100,"100. Voting in Houses, power of Houses to act notwithstanding vacancies and quorum",-0.49118301267623904,27,0
how to crack interview,61,61. Procedure for impeachment of the President,-0.5143728798866273,28,0
how to crack interview,189,"189. Voting in Houses, power of Houses to act notwithstanding vacancies and quorum",-0.5587824762344361,29,0
how to crack interview,66,66. Election of Vice President,-0.5655731183052063,30,0
how to crack interview,311,"311. Dismissal, removal or reduction in rank of persons employed in civil capacities under the Union or a State",-0.7086902678489685,31,0
how to crack interview,148,148. Comptroller and Auditor General of India,-0.7315791979789734,32,0
how to crack interview,55,55. Manner of election of President,-0.8023508857727051,33,0
how to crack interview,2A,2A. The age of a Judge of the Supreme Court shall be determined by such authority and in such manner as Parliament may by law provide,-0.8227359846115113,34,0
how to crack interview,344,344. Commission and Committee of Parliament on official language,-0.9031158382415772,35,0
how to crack interview,324,"324. Superintendence, direction and control of elections to be vested in an Election Commission",-0.9819741315841676,36,0
how to crack interview,243D,243D. Reservation of seats,-0.9943307990074158,37,0
how to crack interview,217,217. Appointment and conditions of the office of a Judge of a High Court,-1.0933051818847657,38,0
how to crack interview,320,320. Functions of Public Service Commissions,-1.385240609741211,39,0
how to crack interview,371F,"371F. Special provisions with respect to the State of Sikkim Notwithstanding anything in this Constitution,",-2.351118539428711,40,0
how to improve memory,22,22. Protection against arrest and detention in certain cases,0.5276045963287354,1,0
how to improve memory,157,157. Qualifications for appointment as Governor No person shall be eligible for appointment as Governor unless he is a citizen of India and has completed the age of thirty five years,-0.07278366832733155,2,0
how to improve memory,48A,48A. Protection and improvement of environment and safeguarding of forests and wild life The State shall endeavour to protect and improve the environment and to safeguard the forests and wild life of the country,-0.0843837875366211,3,0
how to improve memory,292,"292. Borrowing by the Government of India The executive power of the Union extends to borrowing upon the security of the Consolidated Fund of India within such limits, if any, as may from time to time be fixed by Parliament by law and to the giving of guarantees within such limits, if any, as may be so fixed",-0.12358319149017334,4,0
how to improve memory,49,"49. Protection of monuments and places and objects of national importance It shall be the obligation of the State to protect every monument or place or object of artistic or historic interests, declared by or under law made by Parliament to be of national importance, from spoliation, disfigurement, destruction, removal, disposal or export, as the case may be",-0.14398265504837038,5,0
how to improve memory,46,"46. Promotion of educational and economic interests of Scheduled Castes, Scheduled Tribes and other weaker sections The State shall promote with special care the educational and economic interests of the weaker sections of the people, and, in particular, of the Scheduled Castes and the Scheduled Tribes, and shall protect them from social injustice and all forms of exploitation",-0.15158277425765992,6,0
how to improve memory,39A,39. A Equal justice and free legal aid,-0.15238342990875245,7,0
how to improve memory,161,"161. Power of Governor to grant pardons, etc, and to suspend, remit or commute sentences in certain cases The Governor of a State shall have the power to grant pardons, reprieves, respites or remissions of punishment or to suspend, remit or commute the sentence of any person convicted of any offence against any law relating to a matter to which the executive power of the State extends",-0.15478193979263308,8,0
how to improve memory,51,51. Promotion of international peace and security The State shall endeavour to,-0.15878342990875244,9,0
how to improve memory,350,350. A Facilities for instruction in mother tongue at primary stage It shall be the endeavour of every State and of every local authority within the State to provide adequate facilities for instruction in the mother tongue at the primary stage of education to children belonging to linguistic minority groups; and the President may issue such directions to any State as he considers necessary or proper for securing the provision of such facilities,-0.17918247623443603,10,0
how to improve memory,47,"47. Duty of the State to raise the level of nutrition and the standard of living and to improve public health The State shall regard the raising of the level of nutrition and the standard of living of its people and the improvement of public health as among its primary duties and, in particular, the State shall endeavour to bring about prohibition of the consumption except for medicinal purposes of intoxicating drinks and of drugs which are injurious to health",-0.18551387128829958,11,0
how to improve memory,87,87. Special address by the President,-0.19198319149017334,12,0
how to improve memory,373,"373. Power of President to make order in respect of persons under preventive detention in certain cases Until provision is made by Parliament under clause ( 7 ) of Article 22, or until the expiration of one year from the commencement of this Constitution, whichever is earlier, the said article shall have effect as if for any reference to Parliament in clauses ( 4 ) and ( 7 ) thereof there were substituted a reference to the Parliament in those clauses there were substituted a reference to an order made by the President",-0.20958247623443604,13,0
how to improve memory,351,"351. Directive for development of the Hindi language It shall be the duty of the Union to promote the spread of the Hindi language, to develop it so that it may serve as a medium of expression for all the elements of the composite culture of India and to secure its enrichment by assimilating without interfering with its genius, the forms, style and expressions used in Hindustani and in the other languages of India specified in the Eighth Schedule, and by drawing, wherever necessary or desirable, for its vocabulary, primarily on Sanskrit and secondarily on other languages PART XVIII EMERGENCY PROVISIONS",-0.24357180700302125,14,0
how to improve memory,104,"104. Penalty for sitting and voting before making oath or affirmation under Article 99 or when not qualified or when disqualified If a person sits or votes as a member of either House of Parliament before he has complied with the requirements of Article 99, or when he knows that he is not qualified or that he is disqualified for membership thereof, or that he is prohibited from so doing by the provisions of any law made by Parliament, he shall be liable in respect of each day on which he so sits or votes to a penalty of five hundred rupees to be recovered as a debt due to the Union Powers, Privileges and Immunities of Parliament and its Members",-0.26078205900192264,15,0
how to improve memory,60,"60. Oath or affirmation by the President Every President and every person acting as President or discharging the functions of the President shall, before entering upon his office, make and subscribe in the presence of the Chief Justice of India or, in his absence, the senior most Judge of the Supreme Court available, an oath or affirmation in the following form, that is to say swear in the name of God I, A B, do that I olemnly affirm will faithfully execute the office of President (or discharge the functions of thePresident) of India and will do the best of my ability preserve, protect and defend the Constitution and the law and that I will devote myself to the service and well being of the people of India",-0.2859787211418152,16,0
how to improve memory,72,"72. Power of President to grant pardons, etc, and to suspend, remit or commute sentences in certain cases",-0.31198122453689575,17,0
how to improve memory,339,339. Control of the Union over the administration of Scheduled Areas and the welfare of Scheduled Tribes,-0.3119820590019226,18,0
how to improve memory,201,"201. Bill reserved for consideration When a Bill is reserved by a Governor for the consideration of the President, the President shall declare either that he assents to the Bill or that he withholds assent therefrom: Provided that, where the Bill is not a Money Bill, the President may direct the Governor to return the Bill to the House or, as the case may be, the Houses of the Legislature of the State together with such a message as it mentioned in the first proviso to Article 200 and, when a Bill is so returned, the House or Houses shall reconsider it accordingly within a period of six months from the date of receipt of such message and, if it is again passed by the House or Houses with or without amendment, it shall be presented again to the President for his consideration Procedure in Financial Matters",-0.3263819397926331,19,0
how to improve memory,224,224. Appointment of additional and acting Judges,-0.35678223781585694,20,0
how to improve memory,372,372. A Power of the President to adapt laws,-0.37598265504837036,21,0
how to improve memory,127,127. Appointment of ad hoc Judges,-0.37918205900192264,22,0
how to improve memory,363,363. A Recognition granted to Rulers of Indian States to cease and privy purses to be abolished Notwithstanding anything in this Constitution or in any law for the time being in force,-0.3911818205833435,23,0
how to improve memory,392,392. Power of the President to remove difficulties,-0.39437329711914065,24,0
how to improve memory,337,"337. Special provision with respect to educational grants for the benefit of Anglo Indian community During the first three financial years after the commencement of this Constitution, the same grants, if any, shall be made by the Union and by each State for the benefit of the Anglo Indian community in respect of education as were made in the financial year ending on the thirty first day of March, 1948 During every succeeding period of three years the grants may be less by ten per cent than those for the immediately preceding period of three years: Provided that at the end of ten years from the commencement of this Constitution such grants, to the extent to which they are a special concession to the Anglo Indian community, shall cease: Provided further that no educational institution shall be entitled to receive any grant under this article unless at least forty per cent of annual admissions therein are made available to members of communities other than the Anglo Indian community",-0.3975818205833435,25,0
how to improve memory,336,336. Special provision for Anglo Indian community in certain services,-0.4183823570251465,26,0
how to improve memory,340,340. Appointment of a Commission to investigate the conditions of backward classes,-0.4403672770500183,27,0
how to improve memory,231,231. Establishment of a common High Court for two or more States,-0.4843820590019226,28,0
how to improve memory,164,164. Other provisions as to Ministers,-0.48758134374618534,29,0
how to improve memory,293,293. Borrowing by States,-0.5259819397926331,30,0
how to improve memory,240,240. Power of President to make regulations for certain Union territories,-0.5419819397926331,31,0
how to improve memory,369,"369. Temporary power to Parliament to make laws with respect to certain matters in the State List as if they were matters in the Concurrent List Notwithstanding anything in this Constitution, Parliament shall, during a period of five years from the commencement of this constitution, have power to make laws with respect to the following matters as if they were enumerated in the Concurrent List, namely:",-0.5571810457229615,32,0
how to improve memory,109,109. Special procedure in respect of Money Bills,-0.5831819397926331,33,0
how to improve memory,243T,243T. Reservation of seats,-0.6963809265136719,34,0
how to improve memory,2A,2A. The age of a Judge of the Supreme Court shall be determined by such authority and in such manner as Parliament may by law provide,-0.8227125003814698,35,0
how to improve memory,344,344. Commission and Committee of Parliament on official language,-0.903054564666748,36,0
how to improve memory,243D,243D. Reservation of seats,-0.9942885393142701,37,0
how to improve memory,217,217. Appointment and conditions of the office of a Judge of a High Court,-1.093179296875,38,0
how to improve memory,320,320. Functions of Public Service Commissions,-1.3861952377319338,39,0
how to improve memory,371D,371D. Special provisions with respect to the state of Andhra Pradesh,-2.895026190185547,40,0
how to stay motivated,22,22. Protection against arrest and detention in certain cases,0.5274694129943848,1,0
how to stay motivated,26,"26. Freedom to manage religious affairs Subject to public order, morality and health, every religious denomination or any section thereof shall have the right",0.33681657009124755,2,0
how to stay motivated,29,29. Protection of interests of minorities,0.329216987323761,3,0
how to stay motivated,157,157. Qualifications for appointment as Governor No person shall be eligible for appointment as Governor unless he is a citizen of India and has completed the age of thirty five years,-0.0727837875366211,4,0
how to stay motivated,10,"10. Continuance of the rights of citizenship Every person who is or is deemed to be a citizen of India under any of the foregoing provisions of this Part shall, subject to the provisions of any law that may be made by Parliament, continue to be such citizen",-0.10278301267623902,5,0
how to stay motivated,219,"219. Oath or affirmation by Judges of High Courts Every person appointed to be a Judge of a High Court shall, before he enters upon his office, make and subscribe before the Governor of the State, or some person appointed in that behalf by him, an oath or affirmation according to the form set out for the purpose in the Third Schedule",-0.1339823570251465,6,0
how to stay motivated,46,"46. Promotion of educational and economic interests of Scheduled Castes, Scheduled Tribes and other weaker sections The State shall promote with special care the educational and economic interests of the weaker sections of the people, and, in particular, of the Scheduled Castes and the Scheduled Tribes, and shall protect them from social injustice and all forms of exploitation",-0.15158247623443605,7,0
how to stay motivated,39A,39. A Equal justice and free legal aid,-0.15238342990875245,8,0
how to stay motivated,51,51. Promotion of international peace and security The State shall endeavour to,-0.15878247623443603,9,0
how to stay motivated,43,"43. Living wage, etc, for workers The State shall endeavour to secure, by suitable legislation or economic organisation or in any other way, to all workers, agricultural, industrial or otherwise, work, a living wage, conditions of work ensuring a decent standard of life and full enjoyment of leisure and social and cultural opportunities and, in particular, the State shall endeavour to promote cottage industries on an individual or co operative basis in rural areas",-0.18718092651367188,10,0
how to stay motivated,174,"174. Sessions of the State Legislature, prorogation and dissolution",-0.19078247623443603,11,0
how to stay motivated,156,156. Term of office of Governor,-0.19878319149017334,12,0
how to stay motivated,277,"277. Savings Any taxes, duties, cesses or fees which, immediately before the commencement of this Constitution, were being lawfully levied by the Government of any State or by any municipality or other local authority or body for the purposes of the State, municipality, district or other local area may, notwithstanding that those taxes, duties, cesses or fees are mentioned in the Union List, continue to be levied and to be applied to the same purposes until provision to the contrary is made by Parliament by law",-0.20638152256011963,13,0
how to stay motivated,38,38. State to secure a social order for the promotion of welfare of the people,-0.2403791979789734,14,0
how to stay motivated,351,"351. Directive for development of the Hindi language It shall be the duty of the Union to promote the spread of the Hindi language, to develop it so that it may serve as a medium of expression for all the elements of the composite culture of India and to secure its enrichment by assimilating without interfering with its genius, the forms, style and expressions used in Hindustani and in the other languages of India specified in the Eighth Schedule, and by drawing, wherever necessary or desirable, for its vocabulary, primarily on Sanskrit and secondarily on other languages PART XVIII EMERGENCY PROVISIONS",-0.243580628490448,15,0
how to stay motivated,84,84. Qualification for membership of Parliament A person shall not be qualified to be chosen to fill a seat in Parliament unless he,-0.25998247623443604,16,0
how to stay motivated,173,173. Qualification for membership of the State Legislature A person shall not be qualified to be chosen to fill a seat in the Legislature of a State unless he,-0.2719823570251465,17,0
how to stay motivated,58,58. Qualifications for election as President,-0.298378244304657,18,0
how to stay motivated,201,"201. Bill reserved for consideration When a Bill is reserved by a Governor for the consideration of the President, the President shall declare either that he assents to the Bill or that he withholds assent therefrom: Provided that, where the Bill is not a Money Bill, the President may direct the Governor to return the Bill to the House or, as the case may be, the Houses of the Legislature of the State together with such a message as it mentioned in the first proviso to Article 200 and, when a Bill is so returned, the House or Houses shall reconsider it accordingly within a period of six months from the date of receipt of such message and, if it is again passed by the House or Houses with or without amendment, it shall be presented again to the President for his consideration Procedure in Financial Matters",-0.32638033046722414,19,0
how to stay motivated,83,83. Duration of Houses of Parliament,-0.32638152256011965,20,0
how to stay motivated,243Z,"243Z. F Continuance of existing laws and Municipalities Notwithstanding anything in this Part, any provision of any law relating to Municipalities in force in a State immediately before the commencement of the Constitution (Seventy fourth Amendment) Act, 1992 , which is inconsistent with the provisions of this Part, shall continue to be in force until amended or repealed by a competent Legislature or other competent authority or until the expiration of one year from such commencement, whichever is earlier: Provided that all the Municipalities existing immediately before such commencement shall continue till the expiration of their duration, unless sooner dissolved by a resolution passed to that effect by the Legislative Assembly of that State or, in the case of a State having a Legislative Council, by each House of the Legislature of that State",-0.34238033046722416,21,0
how to stay motivated,75,75. Other provisions as to Ministers,-0.3735812245368958,22,0
how to stay motivated,107,107. Provisions as to introduction and passing of Bills,-0.38678277425765994,23,0
how to stay motivated,39,"39. Certain principles of policy to be followed by the State: The State shall, in particular, direct its policy towards securing",-0.40797889995574954,24,0
how to stay motivated,102,102. Disqualification s for membership,-0.4247762773513794,25,0
how to stay motivated,243E,"243E. Duration of Panchayats, etc",-0.4607816417694092,26,0
how to stay motivated,191,191. Disqualifications for membership,-0.4831743103981018,27,0
how to stay motivated,164,164. Other provisions as to Ministers,-0.4875795556068421,28,0
how to stay motivated,51A,"51A. Fundamental duties It shall be the duty of every citizen of India (a) to abide by the Constitution and respect its ideals and institutions, the national Flag and the National Anthem;",-0.5009618591308594,29,0
how to stay motivated,310,310. Tenure of office of persons serving the Union or a State,-0.5107768137931824,30,0
how to stay motivated,243U,"243U. Duration of Municipalities, etc",-0.5227812245368958,31,0
how to stay motivated,249,249. Power of Parliament to legislate with respect to a matter in the State List in the national interest,-0.5907793767929077,32,0
how to stay motivated,110,110. Definition of Money Bill,-0.7887592900276185,33,0
how to stay motivated,2A,2A. The age of a Judge of the Supreme Court shall be determined by such authority and in such manner as Parliament may by law provide,-0.8225766017913819,34,0
how to stay motivated,356,356. Provisions in case of failure of constitutional machinery in State,-0.8812877624511719,35,0
how to stay motivated,243D,243D. Reservation of seats,-0.994260167503357,36,0
how to stay motivated,360,360. Provisions as to financial emergency,-1.0100874332427978,37,0
how to stay motivated,352,352. Proclamation of Emergency,-1.011709020996094,38,0
how to stay motivated,217,217. Appointment and conditions of the office of a Judge of a High Court,-1.0926318878173829,39,0
how to stay motivated,372,372. Continuance in force of existing laws and their adaptation,-1.1844175102233887,40,0
latest iphone price,17,17. Abolition of Untouchability Untouchability is abolished and its practice in any form is forbidden The enforcement of any disability arising out of Untouchability shall be an offence punishable in accordance with law,1.4124168085098265,1,0
latest iphone price,291,"291. Privy purse sums of Rulers Rep by the Constitution (Twenty sixth Amendment) Act, 1971 , Section 2 CHAPTER II BORROWING",-0.049183787536621094,2,0
latest iphone price,301,"301. Freedom of trade, commerce and intercourse Subject to the other provisions of this Part, trade, commerce and intercourse throughout the territory of India shall be free",-0.06918378753662109,3,0
latest iphone price,278,"278. Agreement with States in Part B of the First Schedule with regard to certain financial matters Rep by the Constitution (Seventh Amendment) Act, 1956 , Section 29 and Schedule",-0.07158378753662109,4,0
latest iphone price,306,"306. Power of certain States in Part B of the First Schedule to impose restrictions on trade and commerce Rep by the Constitution (Seventh Amendment) Act, 1956 , Section 29 and Schedule",-0.07398396635055543,5,0
latest iphone price,228A,"228A. Special provisions as to disposal of question relating to constitutional validity of State Laws Rep by the Constitution (Forty third Amendment) Act, 1977 , sec 10, (w e f 13 4 1978 )",-0.0751837875366211,6,0
latest iphone price,300,"300. A Persons not to be deprived of property save by authority of law No person shall be deprived of his property save by authority of law PART XIII TRADE, COMMERCE AND INTERCOURSE WITHIN THE TERRITORY OF INDIA",-0.08438366832733155,7,0
latest iphone price,395,"395. Repeals The Indian Independence Act, 1947 , and the Government of India Act, 1935 , together with all enactment s amending or supplementing the latter Act, but not including the Abolition of Privy Council Jurisdiction Act, 1949 , are hereby repealed FIRST SCHEDULE Articles 1 and 4 I THE STATES Name Territories",-0.1263837875366211,8,0
latest iphone price,394,"394. Commencement This article and Articles 5, 6, 7, 8, 9, 60, 324, 366, 367, 379, 380, 388, 391, 392 and 393 shall come into force at once, and the remaining provisions of this Constitution shall come into force on the twenty sixth day of January, 1950 , which day is referred to in this Constitution as the commencement of this Constitution",-0.136783549118042,9,0
latest iphone price,43,"43. Living wage, etc, for workers The State shall endeavour to secure, by suitable legislation or economic organisation or in any other way, to all workers, agricultural, industrial or otherwise, work, a living wage, conditions of work ensuring a decent standard of life and full enjoyment of leisure and social and cultural opportunities and, in particular, the State shall endeavour to promote cottage industries on an individual or co operative basis in rural areas",-0.18718289346694947,10,0
latest iphone price,290,"290. A Annual payment to certain Devaswom Funds A sum of forty six lakhs and fifty thousand rupees shall be charged on, and paid out of, the Consolidated Fund of the State of Kerala every year to the Travancore Devaswom Fund; and a sum of thirteen lakhs and fifty thousand rupees shall be charged on, and paid out of the Consolidated Fund of the State of Tamil Nadu every year to the Devaswom Fund established in that State for the maintenance of Hindu temples and shrines in the territories transferred to that State on the 1 st day of November, 1956 , from the State of Travancore Cochin",-0.23558277425765992,11,0
latest iphone price,221,"221. Salaries etc, of Judges",-0.272383549118042,12,0
latest iphone price,297,297. Things of value within territorial waters or continental shelf and resources of the exclusive economic zone to vest in the Union,-0.289983549118042,13,0
latest iphone price,125,"125. Salaries, etc, of Judges",-0.296383549118042,14,0
latest iphone price,273,273. Grants in lieu of export duty on jute and jute products,-0.303183549118042,15,0
latest iphone price,372,372. A Power of the President to adapt laws,-0.375983549118042,16,0
latest iphone price,279,"279. Calculation of net proceeds, etc",-0.38597735023498536,17,0
latest iphone price,363,363. A Recognition granted to Rulers of Indian States to cease and privy purses to be abolished Notwithstanding anything in this Constitution or in any law for the time being in force,-0.39118289346694946,18,0
latest iphone price,337,"337. Special provision with respect to educational grants for the benefit of Anglo Indian community During the first three financial years after the commencement of this Constitution, the same grants, if any, shall be made by the Union and by each State for the benefit of the Anglo Indian community in respect of education as were made in the financial year ending on the thirty first day of March, 1948 During every succeeding period of three years the grants may be less by ten per cent than those for the immediately preceding period of three years: Provided that at the end of ten years from the commencement of this Constitution such grants, to the extent to which they are a special concession to the Anglo Indian community, shall cease: Provided further that no educational institution shall be entitled to receive any grant under this article unless at least forty per cent of annual admissions therein are made available to members of communities other than the Anglo Indian community",-0.39758223781585694,19,0
latest iphone price,274,274. Prior recommendation of President required to Bills affecting taxation in which States are interested,-0.40518319149017334,20,0
latest iphone price,39,"39. Certain principles of policy to be followed by the State: The State shall, in particular, direct its policy towards securing",-0.40798223781585696,21,0
latest iphone price,243Y,243Y. Finance Commission,-0.46438277425765995,22,0
latest iphone price,117,117. Special provisions as to financial Bills,-0.4759819397926331,23,0
latest iphone price,207,207. Special provisions as to financial Bills,-0.4811823570251465,24,0
latest iphone price,164,164. Other provisions as to Ministers,-0.4875828934669495,25,0
latest iphone price,290,"290. Adjustment in respect of certain expenses and pensions Where under the provisions of this Constitution the expenses of any court or Commission, or the pension payable to or in respect of a person who has served before the commencement in connection with the affairs of the Union or of a State, are charged on the Consolidated Fund of India or the Consolidated Fund of a State, then, if",-0.4923813437461853,26,0
latest iphone price,61,61. Procedure for impeachment of the President,-0.5143819397926331,27,0
latest iphone price,146,146. Officers and servants and the expenses of the Supreme Court,-0.5159820590019226,28,0
latest iphone price,229,229. Officers and servants and the expenses of High Courts,-0.5251822378158569,29,0
latest iphone price,115,"115. Supplementary, additional or excess grants",-0.5675787211418152,30,0
latest iphone price,109,109. Special procedure in respect of Money Bills,-0.5831816417694092,31,0
latest iphone price,270,270. Taxes levied and collected by the Union and distributed between the Union and the States,-0.6299810457229614,32,0
latest iphone price,276,"276. Taxes on professions, trades, callings and employments",-0.6335810457229615,33,0
latest iphone price,243I,243I. Constitution of finance Commissions to review financial position,-0.6975804496765137,34,0
latest iphone price,112,112. Annual financial statement,-0.8415711513519287,35,0
latest iphone price,374,"374. Provisions as to Judges of the Federal Court and proceedings pending in the Federal Court or before His Majesty in Council ( 1 ) The Judges of the Federal Court holding office immediately before the commencement of this Constitution shall, unless they have elected otherwise, become on such commencement the Judges of the Supreme Court and shall thereupon be entitled to such salaries and allowances and to such rights in respect of leave of absence and pension as are provided for under Article 125 in respect of the Judges of the Supreme Court",-0.8743384284019471,36,0
latest iphone price,360,360. Provisions as to financial emergency,-1.0102968839645385,37,0
latest iphone price,275,275. Grants from the Union to certain States,-1.1228592998504638,38,0
latest iphone price,269,269. Taxes levied and collected by the union but assigned to the States,-1.286167581176758,39,0
latest iphone price,366,"366. Definition In this Constitution, unless the context otherwise requires, the following expressions have l, the meanings hereby respectively assigned to them, that is to say",-2.7813959259033205,40,0
how to reduce stress,19,19. Protection of certain rights regarding freedom of speech etc,0.3747798278808594,1,0
how to reduce stress,50,50. Separation of judiciary from executive The State shall take steps to separate the judiciary from the executive in the public services of the State,-0.059983310699462895,2,0
how to reduce stress,42,42. Provision for just and humane conditions of work and maternity relief The State shall make provision for securing just and humane conditions of work and for maternity relief,-0.07078366832733154,3,0
how to reduce stress,46,"46. Promotion of educational and economic interests of Scheduled Castes, Scheduled Tribes and other weaker sections The State shall promote with special care the educational and economic interests of the weaker sections of the people, and, in particular, of the Scheduled Castes and the Scheduled Tribes, and shall protect them from social injustice and all forms of exploitation",-0.1515823570251465,4,0
how to reduce stress,39A,39. A Equal justice and free legal aid,-0.1523833106994629,5,0
how to reduce stress,161,"161. Power of Governor to grant pardons, etc, and to suspend, remit or commute sentences in certain cases The Governor of a State shall have the power to grant pardons, reprieves, respites or remissions of punishment or to suspend, remit or commute the sentence of any person convicted of any offence against any law relating to a matter to which the executive power of the State extends",-0.15478182058334353,6,0
how to reduce stress,51,51. Promotion of international peace and security The State shall endeavour to,-0.15878104572296142,7,0
how to reduce stress,85,"85. Sessions of Parliament, prorogation and dissolution",-0.1743813437461853,8,0
how to reduce stress,47,"47. Duty of the State to raise the level of nutrition and the standard of living and to improve public health The State shall regard the raising of the level of nutrition and the standard of living of its people and the improvement of public health as among its primary duties and, in particular, the State shall endeavour to bring about prohibition of the consumption except for medicinal purposes of intoxicating drinks and of drugs which are injurious to health",-0.18556024370193483,9,0
how to reduce stress,43,"43. Living wage, etc, for workers The State shall endeavour to secure, by suitable legislation or economic organisation or in any other way, to all workers, agricultural, industrial or otherwise, work, a living wage, conditions of work ensuring a decent standard of life and full enjoyment of leisure and social and cultural opportunities and, in particular, the State shall endeavour to promote cottage industries on an individual or co operative basis in rural areas",-0.18718003244400025,10,0
how to reduce stress,174,"174. Sessions of the State Legislature, prorogation and dissolution",-0.190780628490448,11,0
how to reduce stress,156,156. Term of office of Governor,-0.1987823570251465,12,0
how to reduce stress,38,38. State to secure a social order for the promotion of welfare of the people,-0.24036024370193482,13,0
how to reduce stress,90,"90. Vacation and resignation of, and removal from, the office of Deputy Chairman A member holding office as Deputy chairman of the Council of States",-0.24318074769973755,14,0
how to reduce stress,60,"60. Oath or affirmation by the President Every President and every person acting as President or discharging the functions of the President shall, before entering upon his office, make and subscribe in the presence of the Chief Justice of India or, in his absence, the senior most Judge of the Supreme Court available, an oath or affirmation in the following form, that is to say swear in the name of God I, A B, do that I olemnly affirm will faithfully execute the office of President (or discharge the functions of thePresident) of India and will do the best of my ability preserve, protect and defend the Constitution and the law and that I will devote myself to the service and well being of the people of India",-0.2859722242355347,15,0
how to reduce stress,183,"183. Vacation and resignation of, and removal from, the offices of Chairman and Deputy Chairman A member holding office as Chairman or Deputy Chairman of a Legislative Council",-0.293982237815857,16,0
how to reduce stress,250,250. Power of Parliament to legislate with respect to any matter in the State List if a Proclamation of Emergency is in operation,-0.3059823570251465,17,0
how to reduce stress,179,"179. Vacation and resignation of, and removal from, the offices of Speaker and Deputy Speaker A member holding office as Speaker or Deputy Speaker of an Assembly",-0.30878247623443605,18,0
how to reduce stress,72,"72. Power of President to grant pardons, etc, and to suspend, remit or commute sentences in certain cases",-0.3119810457229614,19,0
how to reduce stress,83,83. Duration of Houses of Parliament,-0.3263796748161316,20,0
how to reduce stress,75,75. Other provisions as to Ministers,-0.37357627735137944,21,0
how to reduce stress,127,127. Appointment of ad hoc Judges,-0.37917985363006596,22,0
how to reduce stress,94,"94. Vacation and resignation of, and removal from, the offices of Speaker and Deputy Speaker A member holding office as Speaker or Deputy Speaker of the House of the People",-0.3815818205833435,23,0
how to reduce stress,279,"279. Calculation of net proceeds, etc",-0.3859813437461853,24,0
how to reduce stress,392,392. Power of the President to remove difficulties,-0.3940724128723145,25,0
how to reduce stress,39,"39. Certain principles of policy to be followed by the State: The State shall, in particular, direct its policy towards securing",-0.40797019767761233,26,0
how to reduce stress,181,181. The Speaker or the Deputy Speaker not to preside while a resolution for his removal from office is under consideration,-0.4291823570251465,27,0
how to reduce stress,340,340. Appointment of a Commission to investigate the conditions of backward classes,-0.4403762773513794,28,0
how to reduce stress,164,164. Other provisions as to Ministers,-0.48757156858444217,29,0
how to reduce stress,51A,"51A. Fundamental duties It shall be the duty of every citizen of India (a) to abide by the Constitution and respect its ideals and institutions, the national Flag and the National Anthem;",-0.5014110397338868,30,0
how to reduce stress,310,310. Tenure of office of persons serving the Union or a State,-0.5107766349792481,31,0
how to reduce stress,101,101. Vacation of seats,-0.6899075531959534,32,0
how to reduce stress,311,"311. Dismissal, removal or reduction in rank of persons employed in civil capacities under the Union or a State",-0.7087268651008606,33,0
how to reduce stress,190,190. Vacation of seats,-0.7265546672821045,34,0
how to reduce stress,317,317. Removal and suspension of a member of a Public Service Commission,-0.7590676776885986,35,0
how to reduce stress,170,170. Composition of the Legislative Assemblies,-0.7999145269393921,36,0
how to reduce stress,243D,243D. Reservation of seats,-0.994096969985962,37,0
how to reduce stress,352,352. Proclamation of Emergency,-1.0063455566406252,38,0
how to reduce stress,360,360. Provisions as to financial emergency,-1.0094854263305664,39,0
how to reduce stress,312A,312A. Power of Parliament to vary or revoke conditions of service of officers of certain services,-1.1702675842285157,40,0
what is cloud computing,393,393. Short title This Constitution may be called the Constitution of India,-0.029583787536621095,1,0
what is cloud computing,44,44. Uniform civil code for the citizens The State shall endeavour to secure for the citizens a uniform civil code throughout the territory of India,-0.0587837875366211,2,0
what is cloud computing,129,129. Supreme Court to be a court of record The Supreme Court shall be a court of record and shall have all the powers of such a court including the power to punish for contempt of itself,-0.0743837875366211,3,0
what is cloud computing,1,1. Name and territory of the Union,-0.08678331069946289,4,0
what is cloud computing,292,"292. Borrowing by the Government of India The executive power of the Union extends to borrowing upon the security of the Consolidated Fund of India within such limits, if any, as may from time to time be fixed by Parliament by law and to the giving of guarantees within such limits, if any, as may be so fixed",-0.123583549118042,5,0
what is cloud computing,355,355. Duty of the Union to protect States against external aggression and internal disturbance It shall be the duty of the Union to protect every State against external aggression and internal disturbance and to ensure that the government of every State is carried on in accordance with the provisions of this Constitution,-0.12838342990875246,6,0
what is cloud computing,271,"271. Surcharge on certain duties and taxes for purposes of the Union Notwithstanding anything in Articles 269 and 270, Parliament may at any time increase any of the duties or taxes referred in those articles by a surcharge for purposes of the Union and the whole proceeds of any such surcharge shall form part the Consolidated Fund of India",-0.13638354911804199,7,0
what is cloud computing,375,"375. Courts, authorities and officers to continue to function subject to the provisions of the Constitution All courts of civil, criminal and revenue jurisdiction, all authorities and all officers, judicial, executive and ministerial, throughout the territory of India, shall continue to exercise their respective functions subject to the provisions of this Constitution",-0.14798366832733156,8,0
what is cloud computing,243Z,243Z. A Elections to the Municipalities,-0.18438366832733155,9,0
what is cloud computing,277,"277. Savings Any taxes, duties, cesses or fees which, immediately before the commencement of this Constitution, were being lawfully levied by the Government of any State or by any municipality or other local authority or body for the purposes of the State, municipality, district or other local area may, notwithstanding that those taxes, duties, cesses or fees are mentioned in the Union List, continue to be levied and to be applied to the same purposes until provision to the contrary is made by Parliament by law",-0.20638289346694946,10,0
what is cloud computing,243O,243O. Bar to interference by courts in electoral matters Notwithstanding anything in this Constitution,-0.22558354911804201,11,0
what is cloud computing,235,"235. Control over subordinate courts The control over district courts and courts subordinate thereto including the posting and promotion of, and the grant of leave to, persons belonging to the judicial service of a State and holding any post inferior to the post of district judge shall be vested in the High Court, but nothing in this article shall be construed as taking away from any such person any right of appeal which he may under the law regulating the conditions of his service or as authorising the High Court to deal with him otherwise than in accordance with the conditions of his service prescribed under such law",-0.250383549118042,12,0
what is cloud computing,230,230. Extension of jurisdiction of High Courts to Union territories,-0.25398342990875244,13,0
what is cloud computing,239,239. A Creation of local Legislatures or Council of Ministers or both for certain Union territories,-0.26958366832733155,14,0
what is cloud computing,297,297. Things of value within territorial waters or continental shelf and resources of the exclusive economic zone to vest in the Union,-0.2899836683273316,15,0
what is cloud computing,273,273. Grants in lieu of export duty on jute and jute products,-0.3031837875366211,16,0
what is cloud computing,263,263. Provisions with respect to an inter State Council If any any time it appears to the President that the public interests would be served by the establishment of a Council charged with the duty of,-0.33677872114181523,17,0
what is cloud computing,243P,"243P. Definitions In this Part, unless the context otherwise requires,",-0.34318265504837037,18,0
what is cloud computing,243W,"243W. Powers, authority and responsibilities of Municipalities, etc Subject to the provisions of this Constitution, the Legislature of a State may, by law, endow",-0.3735834299087525,19,0
what is cloud computing,243,"243. Definitions In this Part, unless the context otherwise requires,",-0.3879828934669495,20,0
what is cloud computing,300,300. Suits and proceedings,-0.4139834299087525,21,0
what is cloud computing,361,361. A Protection of publication of proceedings of Parliament and State Legislature,-0.4315695420265198,22,0
what is cloud computing,364,364. Special provisions as to major ports and aerodromes,-0.4351807476997376,23,0
what is cloud computing,243Q,243Q. Constitution of Municipalities,-0.48358223781585696,24,0
what is cloud computing,231,231. Establishment of a common High Court for two or more States,-0.4843833106994629,25,0
what is cloud computing,290,"290. Adjustment in respect of certain expenses and pensions Where under the provisions of this Constitution the expenses of any court or Commission, or the pension payable to or in respect of a person who has served before the commencement in connection with the affairs of the Union or of a State, are charged on the Consolidated Fund of India or the Consolidated Fund of a State, then, if",-0.4923804496765137,26,0
what is cloud computing,312,312. All India Services,-0.5099823570251465,27,0
what is cloud computing,310,310. Tenure of office of persons serving the Union or a State,-0.5107816417694092,28,0
what is cloud computing,266,266. Consolidated Funds and public accounts of India and of the States,-0.5147826550483704,29,0
what is cloud computing,243U,"243U. Duration of Municipalities, etc",-0.5227828934669495,30,0
what is cloud computing,283,"283. Custody, etc of Consolidated Funds, Contingency Funds and moneys credited to the public accounts",-0.5287812245368958,31,0
what is cloud computing,369,"369. Temporary power to Parliament to make laws with respect to certain matters in the State List as if they were matters in the Concurrent List Notwithstanding anything in this Constitution, Parliament shall, during a period of five years from the commencement of this constitution, have power to make laws with respect to the following matters as if they were enumerated in the Concurrent List, namely:",-0.5571815225601197,32,0
what is cloud computing,270,270. Taxes levied and collected by the Union and distributed between the Union and the States,-0.6299815225601196,33,0
what is cloud computing,257,257. Control of the Union over States in certain cases,-0.6987807476997376,34,0
what is cloud computing,370,370. Temporary provisions with respect to the State of Jammu and Kashmir,-1.0481327327728271,35,0
what is cloud computing,275,275. Grants from the Union to certain States,-1.1229966289520263,36,0
what is cloud computing,312A,312A. Power of Parliament to vary or revoke conditions of service of officers of certain services,-1.1721748136520387,37,0
what is cloud computing,269,269. Taxes levied and collected by the union but assigned to the States,-1.2870535446166993,38,0
what is cloud computing,320,320. Functions of Public Service Commissions,-1.3870535446166994,39,0
what is cloud computing,366,"366. Definition In this Constitution, unless the context otherwise requires, the following expressions have l, the meanings hereby respectively assigned to them, that is to say",-2.781023992919922,40,0
best movies 2025,22,22. Protection against arrest and detention in certain cases,0.5273015067100525,1,0
best movies 2025,25,"25. Freedom of conscience and free profession, practice and propagation of religion",0.06881996755599973,2,0
best movies 2025,52,52. The President of India There shall be a President of India,-0.024783966350555423,3,0
best movies 2025,214,214. High Courts for States There shall be a High Court for each State,-0.02798331069946289,4,0
best movies 2025,257,257. A Assistance to States by deployment of armed forces or other forces of the Union Omitted,-0.03758342990875244,5,0
best movies 2025,265,265. Taxes not to be imposed save by authority of law No tax shall be levied or collected except by authority of law,-0.046383310699462894,6,0
best movies 2025,155,155. Appointment of Governor The Governor of a State shall be appointed by the President by warrant under his hand and seal,-0.04918331069946289,7,0
best movies 2025,2A,"2A. Sikkim to be associated with the Union Rep by the Constitution Thirty six Amendment Act, 1975 , Section 5 (w e f 26 04 1975 )",-0.05158342990875244,8,0
best movies 2025,216,216. Constitution of High Courts Every High Court shall consist of a Chief Justice and such other Judges as the President may from time to time deem it necessary to appoint,-0.06878319149017334,9,0
best movies 2025,157,157. Qualifications for appointment as Governor No person shall be eligible for appointment as Governor unless he is a citizen of India and has completed the age of thirty five years,-0.072783549118042,10,0
best movies 2025,215,215. High Courts to be courts of record Every High Court shall be a court of record and shall have all the powers of such a court including the power to punish for contempt of itself,-0.072783549118042,11,0
best movies 2025,48A,48A. Protection and improvement of environment and safeguarding of forests and wild life The State shall endeavour to protect and improve the environment and to safeguard the forests and wild life of the country,-0.08438289346694947,12,0
best movies 2025,244,244. Administration of Scheduled Areas and Tribal Areas,-0.10438342990875245,13,0
best movies 2025,45,"45. Provision for free and compulsory education for children The State shall endeavour to provide, within a period of ten years from the commencement of this Constitution, for free and compulsory education for all children until they complete the age of fourteen years",-0.10718342990875245,14,0
best movies 2025,395,"395. Repeals The Indian Independence Act, 1947 , and the Government of India Act, 1935 , together with all enactment s amending or supplementing the latter Act, but not including the Abolition of Privy Council Jurisdiction Act, 1949 , are hereby repealed FIRST SCHEDULE Articles 1 and 4 I THE STATES Name Territories",-0.126383549118042,15,0
best movies 2025,394,"394. Commencement This article and Articles 5, 6, 7, 8, 9, 60, 324, 366, 367, 379, 380, 388, 391, 392 and 393 shall come into force at once, and the remaining provisions of this Constitution shall come into force on the twenty sixth day of January, 1950 , which day is referred to in this Constitution as the commencement of this Constitution",-0.13678342990875245,16,0
best movies 2025,43,"43. Living wage, etc, for workers The State shall endeavour to secure, by suitable legislation or economic organisation or in any other way, to all workers, agricultural, industrial or otherwise, work, a living wage, conditions of work ensuring a decent standard of life and full enjoyment of leisure and social and cultural opportunities and, in particular, the State shall endeavour to promote cottage industries on an individual or co operative basis in rural areas",-0.1871818205833435,17,0
best movies 2025,325,"325. No person to be ineligible for inclusion in, or to claim to be included in a special, electoral roll on grounds of religion, race, caste or sex There shall be one general electoral roll for every territorial constituency for election to either House of Parliament or to the House or either House of the Legislature of a State and no person shall be ineligible for inclusion in any such roll or claim to be included in any special electoral roll for any such constituency on grounds only of religion, race, caste, sex or any of them",-0.21438265504837037,18,0
best movies 2025,38,38. State to secure a social order for the promotion of welfare of the people,-0.24038319149017334,19,0
best movies 2025,255,"255. Requirements as to recommendations and previous sanctions to be regarded as matters of procedure only No Act of Parliament or of the legislature of a State and no provision in any such Act, shall be invalid by reason only that some recommendation or previous sanction required by this Constitution was not given, if assent to that Act was given",-0.28638265504837035,20,0
best movies 2025,326,"326. Elections to the House of the People and to the Legislative Assemblies of States to be on the basis of adult suffrage The elections to the House of the People and to the Legislative Assembly of every State shall be on the basis of adult suffrage; but is to say, every person who is a citizen of India and who is not less than twenty one years of age on such date as may be fixed in that behalf by or under any law made by the appropriate legislature and is not otherwise disqualified under this constitution or any law made by the appropriate Legislature on the ground of non residence, unsoundness of mind, crime or corrupt or illegal practice, shall be entitled to be registered as a voter at any such election",-0.2867813437461853,21,0
best movies 2025,250,250. Power of Parliament to legislate with respect to any matter in the State List if a Proclamation of Emergency is in operation,-0.30598289346694946,22,0
best movies 2025,124,124. Establishment and constitution of Supreme Court,-0.3463790787696839,23,0
best movies 2025,75,75. Other provisions as to Ministers,-0.37358182058334355,24,0
best movies 2025,39,"39. Certain principles of policy to be followed by the State: The State shall, in particular, direct its policy towards securing",-0.4079816417694092,25,0
best movies 2025,280,280. Finance Commission,-0.42278265504837037,26,0
best movies 2025,243E,"243E. Duration of Panchayats, etc",-0.4607824762344361,27,0
best movies 2025,243Y,243Y. Finance Commission,-0.4643823570251465,28,0
best movies 2025,243Q,243Q. Constitution of Municipalities,-0.48358134374618533,29,0
best movies 2025,164,164. Other provisions as to Ministers,-0.48758182058334354,30,0
best movies 2025,243U,"243U. Duration of Municipalities, etc",-0.5227813437461853,31,0
best movies 2025,240,240. Power of President to make regulations for certain Union territories,-0.5419823570251465,32,0
best movies 2025,369,"369. Temporary power to Parliament to make laws with respect to certain matters in the State List as if they were matters in the Concurrent List Notwithstanding anything in this Constitution, Parliament shall, during a period of five years from the commencement of this constitution, have power to make laws with respect to the following matters as if they were enumerated in the Concurrent List, namely:",-0.5571769926071167,33,0
best movies 2025,243M,243M. Part not to apply to certain areas,-0.6191812245368958,34,0
best movies 2025,243T,243T. Reservation of seats,-0.6963790787696839,35,0
best movies 2025,243I,243I. Constitution of finance Commissions to review financial position,-0.6975803304672241,36,0
best movies 2025,243D,243D. Reservation of seats,-0.9943675750732422,37,0
best movies 2025,275,275. Grants from the Union to certain States,-1.122568667602539,38,0
best movies 2025,269,269. Taxes levied and collected by the union but assigned to the States,-1.287033994293213,39,0
best movies 2025,371A,371A. Special provision with respect to the State of Nagaland,-2.555674398803711,40,0
how to learn guitar,22,22. Protection against arrest and detention in certain cases,0.5273252889633179,1,0
how to learn guitar,30,30. Right of minorities to establish and administer educational institutions,0.17161794099807737,2,0
how to learn guitar,28,28. Freedom as to attendance at religious instruction or religious worship in certain educational institutions,0.13442282857894894,3,0
how to learn guitar,45,"45. Provision for free and compulsory education for children The State shall endeavour to provide, within a period of ten years from the commencement of this Constitution, for free and compulsory education for all children until they complete the age of fourteen years",-0.10718033046722412,4,0
how to learn guitar,99,"99. Oath or affirmation by members Every member of either House of Parliament shall, before taking his seat, make and subscribe before the President, or some person appointed in that behalf by him, an oath or affirmation according to the form set out for the purpose in the Third Schedule",-0.11518319149017335,5,0
how to learn guitar,188,"188. Oath or affirmation by members Every member of the Legislative Assembly or the Legislative Council of a State shall, before taking his seat, make and subscribe before the Governor, or some person appointed in that behalf by him, an oath or affirmation according to the form set out for the purpose in the Third Schedule",-0.12958331069946288,6,0
how to learn guitar,219,"219. Oath or affirmation by Judges of High Courts Every person appointed to be a Judge of a High Court shall, before he enters upon his office, make and subscribe before the Governor of the State, or some person appointed in that behalf by him, an oath or affirmation according to the form set out for the purpose in the Third Schedule",-0.13398319149017335,7,0
how to learn guitar,394,"394. Commencement This article and Articles 5, 6, 7, 8, 9, 60, 324, 366, 367, 379, 380, 388, 391, 392 and 393 shall come into force at once, and the remaining provisions of this Constitution shall come into force on the twenty sixth day of January, 1950 , which day is referred to in this Constitution as the commencement of this Constitution",-0.1367823570251465,8,0
how to learn guitar,85,"85. Sessions of Parliament, prorogation and dissolution",-0.17438247623443603,9,0
how to learn guitar,350,350. A Facilities for instruction in mother tongue at primary stage It shall be the endeavour of every State and of every local authority within the State to provide adequate facilities for instruction in the mother tongue at the primary stage of education to children belonging to linguistic minority groups; and the President may issue such directions to any State as he considers necessary or proper for securing the provision of such facilities,-0.1791713897705078,10,0
how to learn guitar,174,"174. Sessions of the State Legislature, prorogation and dissolution",-0.1907827742576599,11,0
how to learn guitar,103,103. Decision on questions as to disqualifications of members,-0.195983549118042,12,0
how to learn guitar,168,168. Constitution of Legislatures in States,-0.19758289346694946,13,0
how to learn guitar,325,"325. No person to be ineligible for inclusion in, or to claim to be included in a special, electoral roll on grounds of religion, race, caste or sex There shall be one general electoral roll for every territorial constituency for election to either House of Parliament or to the House or either House of the Legislature of a State and no person shall be ineligible for inclusion in any such roll or claim to be included in any special electoral roll for any such constituency on grounds only of religion, race, caste, sex or any of them",-0.2143818205833435,14,0
how to learn guitar,84,84. Qualification for membership of Parliament A person shall not be qualified to be chosen to fill a seat in Parliament unless he,-0.259983012676239,15,0
how to learn guitar,104,"104. Penalty for sitting and voting before making oath or affirmation under Article 99 or when not qualified or when disqualified If a person sits or votes as a member of either House of Parliament before he has complied with the requirements of Article 99, or when he knows that he is not qualified or that he is disqualified for membership thereof, or that he is prohibited from so doing by the provisions of any law made by Parliament, he shall be liable in respect of each day on which he so sits or votes to a penalty of five hundred rupees to be recovered as a debt due to the Union Powers, Privileges and Immunities of Parliament and its Members",-0.26078223781585697,16,0
how to learn guitar,173,173. Qualification for membership of the State Legislature A person shall not be qualified to be chosen to fill a seat in the Legislature of a State unless he,-0.27198301267623903,17,0
how to learn guitar,60,"60. Oath or affirmation by the President Every President and every person acting as President or discharging the functions of the President shall, before entering upon his office, make and subscribe in the presence of the Chief Justice of India or, in his absence, the senior most Judge of the Supreme Court available, an oath or affirmation in the following form, that is to say swear in the name of God I, A B, do that I olemnly affirm will faithfully execute the office of President (or discharge the functions of thePresident) of India and will do the best of my ability preserve, protect and defend the Constitution and the law and that I will devote myself to the service and well being of the people of India",-0.2859809265136719,18,0
how to learn guitar,326,"326. Elections to the House of the People and to the Legislative Assemblies of States to be on the basis of adult suffrage The elections to the House of the People and to the Legislative Assembly of every State shall be on the basis of adult suffrage; but is to say, every person who is a citizen of India and who is not less than twenty one years of age on such date as may be fixed in that behalf by or under any law made by the appropriate legislature and is not otherwise disqualified under this constitution or any law made by the appropriate Legislature on the ground of non residence, unsoundness of mind, crime or corrupt or illegal practice, shall be entitled to be registered as a voter at any such election",-0.2867810457229614,19,0
how to learn guitar,193,"193. Penalty for sitting and voting before making oath or affirmation under Article 188 or when not qualified or when disqualified If a person sits or votes as a member of the Legislative Assembly or the Legislative Council of a State before he has complied with the requirements of Article 188, or when he knows that he is not qualified or that he is disqualified for membership thereof, or that he is prohibited from so doing by the provisions of any law made by Parliament or the legislature of the State, he shall be liable in respect of each day on which he so sits or votes to a penalty of five hundred rupees to be recovered as a debt due to the State Powers, Privileges and Immunities of State Legislatures and their Members",-0.29278193979263306,20,0
how to learn guitar,159,"159. Oath or affirmation by Governor Every Governor and every person discharging the functions of the Governor shall, before entering upon his office, make and subscribe in the presence of the chief Justice of the High Court exercising jurisdiction in relation to the State, or, in his absence, the senior most Judge of that court available, an oath or affirmation in the following form, that is to say swear in the name of God I, A B, do that I solemnly affirm will faithfully execute the office of Governor (or discharge the functions of the Governor) of (name of the State) and will to the best of my ability preserve, protect and defend the Constitution and the law and that I will devote myself to the service and well being of the people of (name of the State)",-0.30638104572296143,21,0
how to learn guitar,107,107. Provisions as to introduction and passing of Bills,-0.3867831914901734,22,0
how to learn guitar,392,392. Power of the President to remove difficulties,-0.39438223781585696,23,0
how to learn guitar,337,"337. Special provision with respect to educational grants for the benefit of Anglo Indian community During the first three financial years after the commencement of this Constitution, the same grants, if any, shall be made by the Union and by each State for the benefit of the Anglo Indian community in respect of education as were made in the financial year ending on the thirty first day of March, 1948 During every succeeding period of three years the grants may be less by ten per cent than those for the immediately preceding period of three years: Provided that at the end of ten years from the commencement of this Constitution such grants, to the extent to which they are a special concession to the Anglo Indian community, shall cease: Provided further that no educational institution shall be entitled to receive any grant under this article unless at least forty per cent of annual admissions therein are made available to members of communities other than the Anglo Indian community",-0.3975755024909973,24,0
how to learn guitar,343,343. Official language of the Union,-0.4155816417694092,25,0
how to learn guitar,102,102. Disqualification s for membership,-0.4247816417694092,26,0
how to learn guitar,252,252. Power of Parliament to legislate for two or more States by consent and adoption of such legislation by any other State,-0.42838152256011963,27,0
how to learn guitar,340,340. Appointment of a Commission to investigate the conditions of backward classes,-0.4403816417694092,28,0
how to learn guitar,241,241. High Courts for Union territories,-0.4523819397926331,29,0
how to learn guitar,100,"100. Voting in Houses, power of Houses to act notwithstanding vacancies and quorum",-0.4911809265136719,30,0
how to learn guitar,369,"369. Temporary power to Parliament to make laws with respect to certain matters in the State List as if they were matters in the Concurrent List Notwithstanding anything in this Constitution, Parliament shall, during a period of five years from the commencement of this constitution, have power to make laws with respect to the following matters as if they were enumerated in the Concurrent List, namely:",-0.5571812245368958,31,0
how to learn guitar,66,66. Election of Vice President,-0.5655803304672241,32,0
how to learn guitar,101,101. Vacation of seats,-0.6899806284904481,33,0
how to learn guitar,55,55. Manner of election of President,-0.8023713897705078,34,0
how to learn guitar,368,368. Power of Parliament to amend the Constitution and procedure therefor,-0.8039785423278809,35,0
how to learn guitar,2A,2A. The age of a Judge of the Supreme Court shall be determined by such authority and in such manner as Parliament may by law provide,-0.8227668002128602,36,0
how to learn guitar,344,344. Commission and Committee of Parliament on official language,-0.903069704246521,37,0
how to learn guitar,171,171. Composition of the Legislative Councils,-0.9665508525848389,38,0
how to learn guitar,145,"145. Rules of Court, etc",-1.2061174739837648,39,0
how to learn guitar,366,"366. Definition In this Constitution, unless the context otherwise requires, the following expressions have l, the meanings hereby respectively assigned to them, that is to say",-2.779753698730469,40,0
how to speak english fluently,19,19. Protection of certain rights regarding freedom of speech etc,0.3747187927246094,1,0
how to speak english fluently,54,54. Election of President The President shall be elected by the members of an electoral college consisting of the elected members of both Houses of Parliament; and the elected members of the Legislative Assemblies of the States,-0.09078235702514649,2,0
how to speak english fluently,99,"99. Oath or affirmation by members Every member of either House of Parliament shall, before taking his seat, make and subscribe before the President, or some person appointed in that behalf by him, an oath or affirmation according to the form set out for the purpose in the Third Schedule",-0.11518247623443605,3,0
how to speak english fluently,350,"350. Language to be used in representations for redress of grievances Every person shall be entitled to submit a representation for the redress of any grievance to any officer or authority of the Union or a State in any of the languages used in the Union or in the State, as the case may be",-0.11582595443725587,4,0
how to speak english fluently,331,"331. Representation of the Anglo Indian community in the Hose of the People Notwithstanding anything in Article 81, the President may, if he is of opinion that the Anglo Indian community is not adequately represented in the House of the people, nominate not more than two members of that community to the House of the People",-0.1295788999557495,5,0
how to speak english fluently,93,"93. The Speaker and Deputy Speaker of the House of the People The House of the People shall, as soon as may be, choose two members of the House to be respectively Speaker and Deputy Speaker thereof and, so often as the office of Speaker or Deputy Speaker becomes vacant, the House shall choose another member to be Speaker or Deputy Speaker, as the case may be",-0.1439823570251465,6,0
how to speak english fluently,178,"178. The Speaker and Deputy Speaker of the Legislative Assembly Every Legislative Assembly of a State shall, as soon as may be, choose two members of the Assembly to be respectively Speaker and Deputy Speakers thereof and, so often as the office of Speaker or Deputy Speaker becomes vacant, the Assembly shall choose another member to be Speaker or Deputy Speaker, as the case may be",-0.15318265504837036,7,0
how to speak english fluently,347,"347. Special provision relating to language spoken by a section of the population of a State On a demand being made in that behalf the President may, if he is satisfied that a substantial proportion of the population of a State desire the use of any language spoken by them to be recognised throughout that State or any part thereof for such purpose as he may specify CHAPTER III LANGUAGE OF THE SUPREME COURT, HIGH COURTS, ETC",-0.1692750747680664,8,0
how to speak english fluently,85,"85. Sessions of Parliament, prorogation and dissolution",-0.1743820590019226,9,0
how to speak english fluently,350,350. A Facilities for instruction in mother tongue at primary stage It shall be the endeavour of every State and of every local authority within the State to provide adequate facilities for instruction in the mother tongue at the primary stage of education to children belonging to linguistic minority groups; and the President may issue such directions to any State as he considers necessary or proper for securing the provision of such facilities,-0.1784208480834961,10,0
how to speak english fluently,69,"69. Oath or affirmation by the Vice President Every Vice President shall, before entering upon his office, make and subscribe before the President, or some person appointed in that behalf by him, an oath or affirmation in the following form, that is to say swear in the name of God I, A B, do that solemnly affirm will bear true faith, and allegiance to the Constitution of India as by law established and that I will faithfully discharge the duty upon which I am about to enter",-0.19118033046722413,11,0
how to speak english fluently,87,87. Special address by the President,-0.19197836351394654,12,0
how to speak english fluently,346,"346. Official language for communication between one State and another or between a State and the Union The language for the time being authorised for use in the Union for official purposes shall be the official language for communication between one State and another State and between a State and the Union: Provided that if two or more States agree that the Hindi language should be the official language for communication between such States, that language may be used for such communication",-0.1977621774673462,13,0
how to speak english fluently,86,86. Right of President to address and send messages to Houses,-0.2003823570251465,14,0
how to speak english fluently,345,"345. Official language or languages of a State Subject to the provisions of Article 346 and 347, the Legislature of a State may by law adopt any one or more of the languages in use in the State or Hindi as the language or languages to be used for all or any of the official purposes of that State: Provided that, until the Legislature of the State otherwise provides by law, the English language shall continue to be used for those official purposes within the State for which it was being used immediately before the commencement of this Constitution",-0.21957984008789064,15,0
how to speak english fluently,350,350. B Special Officer for linguistic minorities,-0.2285262954711914,16,0
how to speak english fluently,351,"351. Directive for development of the Hindi language It shall be the duty of the Union to promote the spread of the Hindi language, to develop it so that it may serve as a medium of expression for all the elements of the composite culture of India and to secure its enrichment by assimilating without interfering with its genius, the forms, style and expressions used in Hindustani and in the other languages of India specified in the Eighth Schedule, and by drawing, wherever necessary or desirable, for its vocabulary, primarily on Sanskrit and secondarily on other languages PART XVIII EMERGENCY PROVISIONS",-0.24314867362976075,17,0
how to speak english fluently,84,84. Qualification for membership of Parliament A person shall not be qualified to be chosen to fill a seat in Parliament unless he,-0.25997395277023316,18,0
how to speak english fluently,120,120. Language to be used in Parliament,-0.2650989227294922,19,0
how to speak english fluently,95,"95. Power of the Deputy Speaker or other person to perform the duties of the office of, or to act as, Speaker",-0.26598033046722414,20,0
how to speak english fluently,60,"60. Oath or affirmation by the President Every President and every person acting as President or discharging the functions of the President shall, before entering upon his office, make and subscribe in the presence of the Chief Justice of India or, in his absence, the senior most Judge of the Supreme Court available, an oath or affirmation in the following form, that is to say swear in the name of God I, A B, do that I olemnly affirm will faithfully execute the office of President (or discharge the functions of thePresident) of India and will do the best of my ability preserve, protect and defend the Constitution and the law and that I will devote myself to the service and well being of the people of India",-0.2859685287475586,21,0
how to speak english fluently,349,"349. Special procedure for enactment of certain laws relating to language During the period of fifteen years from the commencement of this Constitution, no Bill or amendment making provision for the language to be used for any of the purposes mentioned in clause ( 1 ) of Article 348 shall be introduced or moved in either House of Parliament without the previous sanction of the President, and the President shall not give his sanction to the introduction of any such Bill or the moving of any such amendment except after he has taken into consideration the recommendations of the Commission constituted under clause ( 1 ) of Article 344 and the report of the Committee constituted under clause ( 4 ) of that article CHAPTER IV SPECIAL DIRECTIVES",-0.29863394145965577,22,0
how to speak english fluently,159,"159. Oath or affirmation by Governor Every Governor and every person discharging the functions of the Governor shall, before entering upon his office, make and subscribe in the presence of the chief Justice of the High Court exercising jurisdiction in relation to the State, or, in his absence, the senior most Judge of that court available, an oath or affirmation in the following form, that is to say swear in the name of God I, A B, do that I solemnly affirm will faithfully execute the office of Governor (or discharge the functions of the Governor) of (name of the State) and will to the best of my ability preserve, protect and defend the Constitution and the law and that I will devote myself to the service and well being of the people of (name of the State)",-0.3063690651893616,23,0
how to speak english fluently,179,"179. Vacation and resignation of, and removal from, the offices of Speaker and Deputy Speaker A member holding office as Speaker or Deputy Speaker of an Assembly",-0.3087826550483704,24,0
how to speak english fluently,111,"111. Assent to Bills When a Bill has been passed by the Houses of Parliament, it shall be presented to the President, and the President shall declare either that he assents to the Bill, or that he withholds assent therefrom Provided that the President may, as soon as possible after the presentation to him of a Bill for assent, return the Bill if it is not a Money Bill to the Houses with a message requesting that they will reconsider the Bill or any specified provisions thereof and, in particular, will consider the desirability of introducing any such amendments as he may recommend in his message, and when a Bill is so returned, the Houses shall reconsider the Bill accordingly, and if the Bill is passed again by the Houses with or without amendment and presented to the President for assent, the President shall not withhold assent therefrom Procedures in Financial Matters",-0.35277717142105103,25,0
how to speak english fluently,94,"94. Vacation and resignation of, and removal from, the offices of Speaker and Deputy Speaker A member holding office as Speaker or Deputy Speaker of the House of the People",-0.38158247623443603,26,0
how to speak english fluently,118,118. Rules of procedure,-0.4143815225601197,27,0
how to speak english fluently,343,343. Official language of the Union,-0.41456335601806643,28,0
how to speak english fluently,100,"100. Voting in Houses, power of Houses to act notwithstanding vacancies and quorum",-0.49118104572296145,29,0
how to speak english fluently,51A,"51A. Fundamental duties It shall be the duty of every citizen of India (a) to abide by the Constitution and respect its ideals and institutions, the national Flag and the National Anthem;",-0.5022161792755128,30,0
how to speak english fluently,210,210. Language to be used in the Legislature,-0.5024201721191407,31,0
how to speak english fluently,105,"105. Powers, privileges, etc of the Houses of Parliament and of the members and committees thereof",-0.523532885169983,32,0
how to speak english fluently,348,"348. Language to be used in the Supreme Court and in the High Courts and for Acts, Bills, etc",-0.7453185333251954,33,0
how to speak english fluently,55,55. Manner of election of President,-0.8023324083328247,34,0
how to speak english fluently,368,368. Power of Parliament to amend the Constitution and procedure therefor,-0.8039743103981019,35,0
how to speak english fluently,2A,2A. The age of a Judge of the Supreme Court shall be determined by such authority and in such manner as Parliament may by law provide,-0.8227384284019471,36,0
how to speak english fluently,344,344. Commission and Committee of Parliament on official language,-0.8994787628173828,37,0
how to speak english fluently,360,360. Provisions as to financial emergency,-1.0103131560325622,38,0
how to speak english fluently,352,352. Proclamation of Emergency,-1.0155218109130861,39,0
how to speak english fluently,366,"366. Definition In this Constitution, unless the context otherwise requires, the following expressions have l, the meanings hereby respectively assigned to them, that is to say",-2.779398931884766,40,0
how to start business in india,19,19. Protection of certain rights regarding freedom of speech etc,0.420926220703125,1,0
how to start business in india,18,"18. Abolition of titles No title, not being a military or academic distinction, shall be conferred by the State No citizen of India shall accept any title from any foreign State No person who is not a citizen of India shall, while he holds any office of profit or trust under the State, accept without the consent of the President any title from any foreign State No person holding any office of profit or trust under the State shall, without the consent of the President, accept any present, emolument, or office of any kind from or under any foreign State Right to Freedom",0.27280516662597654,2,0
how to start business in india,25,"25. Freedom of conscience and free profession, practice and propagation of religion",0.06982424621582028,3,0
how to start business in india,301,"301. Freedom of trade, commerce and intercourse Subject to the other provisions of this Part, trade, commerce and intercourse throughout the territory of India shall be free",-0.06514497680664062,4,0
how to start business in india,300,"300. A Persons not to be deprived of property save by authority of law No person shall be deprived of his property save by authority of law PART XIII TRADE, COMMERCE AND INTERCOURSE WITHIN THE TERRITORY OF INDIA",-0.08347827377319336,5,0
how to start business in india,1,1. Name and territory of the Union,-0.08675803833007813,6,0
how to start business in india,302,"302. Power of Parliament to impose restrictions on trade, commerce and intercourse Parliament may by law impose such restrictions on the freedom of trade, commerce or intercourse between one State and another or within any part of the territory of India as may be required in the public interest",-0.1168842010498047,7,0
how to start business in india,5,5. Citizenship at the commencement of the Constitution At the commencement of this Constitution every person who has his domicile in the territory of India and,-0.16761172180175782,8,0
how to start business in india,77,77. Conduct of business of the Government of India,-0.2589581298828125,9,0
how to start business in india,84,84. Qualification for membership of Parliament A person shall not be qualified to be chosen to fill a seat in Parliament unless he,-0.25988317489624024,10,0
how to start business in india,119,"119. Regulation by law of procedure in Parliament in relation to financial business Parliament may, for the purpose of the timely completion of financial business, regulate by law the procedure of, and the conduct of business in, each House of Parliament in relation to any financial matter or to any Bill for the appropriation of moneys out of the consolidated Fund of India, and, if and so far as any provision of any law so made is inconsistent with any rule made by a House of Parliament under clause ( 1 ) of Article 118 or with any rule or standing order having effect in relation to Parliament under clause ( 2 ) of that article, such provision shall prevail",-0.26199456787109376,11,0
how to start business in india,120,120. Language to be used in Parliament,-0.26373516845703127,12,0
how to start business in india,60,"60. Oath or affirmation by the President Every President and every person acting as President or discharging the functions of the President shall, before entering upon his office, make and subscribe in the presence of the Chief Justice of India or, in his absence, the senior most Judge of the Supreme Court available, an oath or affirmation in the following form, that is to say swear in the name of God I, A B, do that I olemnly affirm will faithfully execute the office of President (or discharge the functions of thePresident) of India and will do the best of my ability preserve, protect and defend the Constitution and the law and that I will devote myself to the service and well being of the people of India",-0.28586767768859866,13,0
how to start business in india,297,297. Things of value within territorial waters or continental shelf and resources of the exclusive economic zone to vest in the Union,-0.28982190132141117,14,0
how to start business in india,58,58. Qualifications for election as President,-0.2981062683105469,15,0
how to start business in india,8,"8. Rights of citizenship of certain persons of India origin residing outside India Notwithstanding anything in Article 5, any person who or either of whose parents or any of whose grand parents was born in India as defined in the Government of India Act, 1935 (as originally enacted), and who is ordinarily residing in any country outside India as so defined shall be deemed to be a citizen of India if he has been registered as a citizen of India by the diplomatic or consular representative of India in the country where he is for the time being residing on an application made by him therefor to such diplomatic or consular representative, whether before or after the commencement of this Constitution, in the form and manner prescribed by the Government of the Dominion of India or the Government of India",-0.32290381774902344,16,0
how to start business in india,303,303. Restrictions on the legislative powers of the Union and of the States with regard to trade and commerce,-0.3440989166259766,17,0
how to start business in india,124,124. Establishment and constitution of Supreme Court,-0.3462390674591065,18,0
how to start business in india,75,75. Other provisions as to Ministers,-0.3730745254516602,19,0
how to start business in india,363,363. A Recognition granted to Rulers of Indian States to cease and privy purses to be abolished Notwithstanding anything in this Constitution or in any law for the time being in force,-0.3910568296432495,20,0
how to start business in india,118,118. Rules of procedure,-0.39563168945312505,21,0
how to start business in india,274,274. Prior recommendation of President required to Bills affecting taxation in which States are interested,-0.4048922016143799,22,0
how to start business in india,300,300. Suits and proceedings,-0.41330381774902347,23,0
how to start business in india,343,343. Official language of the Union,-0.41553795156478884,24,0
how to start business in india,286,286. Restrictions as to imposition of tax on the sale or purchase of goods,-0.41717452850341796,25,0
how to start business in india,294,"294. Succession to property, assets, rights, liabilities and obligations in certain cases s from the commencement of this Constitution",-0.4212140003204346,26,0
how to start business in india,280,280. Finance Commission,-0.42238109855651856,27,0
how to start business in india,102,102. Disqualification s for membership,-0.4245527599334717,28,0
how to start business in india,117,117. Special provisions as to financial Bills,-0.47416894531250003,29,0
how to start business in india,6,"6. Rights of citizenship of certain persons who have migrated to India from Pakistan Notwithstanding anything in Article 5, a person who has migrated to the territory of India from the territory now included in Pakistan shall be deemed to be a citizen of India at the commencement of this Constitution if",-0.4795306594848633,30,0
how to start business in india,191,191. Disqualifications for membership,-0.48276107139587404,31,0
how to start business in india,363,"363. Bar to interference by courts in disputes arising out of certain treaties, agreements, etc",-0.49174864044189454,32,0
how to start business in india,210,210. Language to be used in the Legislature,-0.4998605102539063,33,0
how to start business in india,51A,"51A. Fundamental duties It shall be the duty of every citizen of India (a) to abide by the Constitution and respect its ideals and institutions, the national Flag and the National Anthem;",-0.5007510971069337,34,0
how to start business in india,312,312. All India Services,-0.5097153282165527,35,0
how to start business in india,293,293. Borrowing by States,-0.5248164901733399,36,0
how to start business in india,270,270. Taxes levied and collected by the Union and distributed between the Union and the States,-0.6292208480834961,37,0
how to start business in india,295,"295. Succession to property, assets, rights, liabilities and obligations in other cases",-0.6481546672821045,38,0
how to start business in india,344,344. Commission and Committee of Parliament on official language,-0.9020212585449219,39,0
how to start business in india,269,269. Taxes levied and collected by the union but assigned to the States,-1.2800240112304688,40,0
how to invest in stocks,43,"43. A Participation of workers in management of industries The State shall take steps, by suitable legislation or in any other way, to secure the participation of workers in the management of undertakings, establishments or other organisations engaged in any industry",-0.10678277425765992,1,0
how to invest in stocks,87,87. Special address by the President,-0.19198342990875245,2,0
how to invest in stocks,86,86. Right of President to address and send messages to Houses,-0.20038378753662112,3,0
how to invest in stocks,325,"325. No person to be ineligible for inclusion in, or to claim to be included in a special, electoral roll on grounds of religion, race, caste or sex There shall be one general electoral roll for every territorial constituency for election to either House of Parliament or to the House or either House of the Legislature of a State and no person shall be ineligible for inclusion in any such roll or claim to be included in any special electoral roll for any such constituency on grounds only of religion, race, caste, sex or any of them",-0.214383549118042,4,0
how to invest in stocks,119,"119. Regulation by law of procedure in Parliament in relation to financial business Parliament may, for the purpose of the timely completion of financial business, regulate by law the procedure of, and the conduct of business in, each House of Parliament in relation to any financial matter or to any Bill for the appropriation of moneys out of the consolidated Fund of India, and, if and so far as any provision of any law so made is inconsistent with any rule made by a House of Parliament under clause ( 1 ) of Article 118 or with any rule or standing order having effect in relation to Parliament under clause ( 2 ) of that article, such provision shall prevail",-0.265944806098938,5,0
how to invest in stocks,120,120. Language to be used in Parliament,-0.2679813437461853,6,0
how to invest in stocks,326,"326. Elections to the House of the People and to the Legislative Assemblies of States to be on the basis of adult suffrage The elections to the House of the People and to the Legislative Assembly of every State shall be on the basis of adult suffrage; but is to say, every person who is a citizen of India and who is not less than twenty one years of age on such date as may be fixed in that behalf by or under any law made by the appropriate legislature and is not otherwise disqualified under this constitution or any law made by the appropriate Legislature on the ground of non residence, unsoundness of mind, crime or corrupt or illegal practice, shall be entitled to be registered as a voter at any such election",-0.28678265504837036,7,0
how to invest in stocks,297,297. Things of value within territorial waters or continental shelf and resources of the exclusive economic zone to vest in the Union,-0.2899834299087525,8,0
how to invest in stocks,113,113. Procedure in Parliament with respect to estimates,-0.2975720454216004,9,0
how to invest in stocks,58,58. Qualifications for election as President,-0.29837609853744507,10,0
how to invest in stocks,209,"209. Regulation by law of procedure in the Legislature of the State in relation to financial business The Legislature of a State may, for the purpose of the timely completion of financial business, regulate by law the procedure of, and the conduct of business in, the House or Houses of the Legislature of the State in relation to any financial matter or to any Bill for the appropriation of moneys out of the Consolidated Fund of the State, and, if and so far as any provision of any law so made is inconsistent with any rule made by the House or either House of the Legislature of the State under clause ( 1 ) of article 208 or with any rule or standing order having effect in relation to the Legislature of the State under clause ( 2 ) of that article, such provision shall prevail",-0.3135430775642395,11,0
how to invest in stocks,201,"201. Bill reserved for consideration When a Bill is reserved by a Governor for the consideration of the President, the President shall declare either that he assents to the Bill or that he withholds assent therefrom: Provided that, where the Bill is not a Money Bill, the President may direct the Governor to return the Bill to the House or, as the case may be, the Houses of the Legislature of the State together with such a message as it mentioned in the first proviso to Article 200 and, when a Bill is so returned, the House or Houses shall reconsider it accordingly within a period of six months from the date of receipt of such message and, if it is again passed by the House or Houses with or without amendment, it shall be presented again to the President for his consideration Procedure in Financial Matters",-0.3263614953994751,12,0
how to invest in stocks,31A,"31A. Saving of laws providing for acquisition of estates, etc ( 1 ) Notwithstanding anything contained in Article 13, no law providing for",-0.33152454051971436,13,0
how to invest in stocks,111,"111. Assent to Bills When a Bill has been passed by the Houses of Parliament, it shall be presented to the President, and the President shall declare either that he assents to the Bill, or that he withholds assent therefrom Provided that the President may, as soon as possible after the presentation to him of a Bill for assent, return the Bill if it is not a Money Bill to the Houses with a message requesting that they will reconsider the Bill or any specified provisions thereof and, in particular, will consider the desirability of introducing any such amendments as he may recommend in his message, and when a Bill is so returned, the Houses shall reconsider the Bill accordingly, and if the Bill is passed again by the Houses with or without amendment and presented to the President for assent, the President shall not withhold assent therefrom Procedures in Financial Matters",-0.3527000430107117,14,0
how to invest in stocks,107,107. Provisions as to introduction and passing of Bills,-0.3867796748161316,15,0
how to invest in stocks,274,274. Prior recommendation of President required to Bills affecting taxation in which States are interested,-0.40517329711914063,16,0
how to invest in stocks,286,286. Restrictions as to imposition of tax on the sale or purchase of goods,-0.4183783635139465,17,0
how to invest in stocks,280,280. Finance Commission,-0.4226440742492676,18,0
how to invest in stocks,196,196. Provisions as to introduction and passing of Bills,-0.42357889995574954,19,0
how to invest in stocks,114,114. Appropriation Bills,-0.42915565414428714,20,0
how to invest in stocks,267,267. Contingency Fund,-0.43732289123535156,21,0
how to invest in stocks,204,204. Appropriation Bills,-0.4427741315841675,22,0
how to invest in stocks,117,117. Special provisions as to financial Bills,-0.47578685379028324,23,0
how to invest in stocks,207,207. Special provisions as to financial Bills,-0.48107566471099855,24,0
how to invest in stocks,266,266. Consolidated Funds and public accounts of India and of the States,-0.5146623132705689,25,0
how to invest in stocks,293,293. Borrowing by States,-0.5259527931213379,26,0
how to invest in stocks,283,"283. Custody, etc of Consolidated Funds, Contingency Funds and moneys credited to the public accounts",-0.5284874332427979,27,0
how to invest in stocks,66,66. Election of Vice President,-0.5655685287475586,28,0
how to invest in stocks,116,"116. Votes on account, votes of credit and exceptional grants",-0.5727493360519409,29,0
how to invest in stocks,109,109. Special procedure in respect of Money Bills,-0.5831783635139466,30,0
how to invest in stocks,206,"206. Votes on account, votes of credit and exceptional grants",-0.5899741315841676,31,0
how to invest in stocks,198,198. Special procedure in respect of Money Bills,-0.6115803304672242,32,0
how to invest in stocks,270,270. Taxes levied and collected by the Union and distributed between the Union and the States,-0.6299731183052063,33,0
how to invest in stocks,243I,243I. Constitution of finance Commissions to review financial position,-0.6975434947967529,34,0
how to invest in stocks,55,55. Manner of election of President,-0.8023646544456482,35,0
how to invest in stocks,368,368. Power of Parliament to amend the Constitution and procedure therefor,-0.8039662637710572,36,0
how to invest in stocks,112,112. Annual financial statement,-0.8414103380203247,37,0
how to invest in stocks,360,360. Provisions as to financial emergency,-1.0096985725402832,38,0
how to invest in stocks,269,269. Taxes levied and collected by the union but assigned to the States,-1.2815956665039063,39,0
how to invest in stocks,366,"366. Definition In this Constitution, unless the context otherwise requires, the following expressions have l, the meanings hereby respectively assigned to them, that is to say",-2.77225400390625,40,0
how to become rich,150,"150. Form of accounts of the Union and of the States The accounts of the Union and of the States shall be kept in such form as the President may, on the advice of the Comptroller and Auditor General of India, prescribe",-0.08718033046722412,1,0
how to become rich,54,54. Election of President The President shall be elected by the members of an electoral college consisting of the elected members of both Houses of Parliament; and the elected members of the Legislative Assemblies of the States,-0.09078122453689576,2,0
how to become rich,99,"99. Oath or affirmation by members Every member of either House of Parliament shall, before taking his seat, make and subscribe before the President, or some person appointed in that behalf by him, an oath or affirmation according to the form set out for the purpose in the Third Schedule",-0.11501904029846192,3,0
how to become rich,43,"43. Living wage, etc, for workers The State shall endeavour to secure, by suitable legislation or economic organisation or in any other way, to all workers, agricultural, industrial or otherwise, work, a living wage, conditions of work ensuring a decent standard of life and full enjoyment of leisure and social and cultural opportunities and, in particular, the State shall endeavour to promote cottage industries on an individual or co operative basis in rural areas",-0.18643849105834961,4,0
how to become rich,325,"325. No person to be ineligible for inclusion in, or to claim to be included in a special, electoral roll on grounds of religion, race, caste or sex There shall be one general electoral roll for every territorial constituency for election to either House of Parliament or to the House or either House of the Legislature of a State and no person shall be ineligible for inclusion in any such roll or claim to be included in any special electoral roll for any such constituency on grounds only of religion, race, caste, sex or any of them",-0.21429277124404908,5,0
how to become rich,38,38. State to secure a social order for the promotion of welfare of the people,-0.2381569580078125,6,0
how to become rich,84,84. Qualification for membership of Parliament A person shall not be qualified to be chosen to fill a seat in Parliament unless he,-0.25986445903778077,7,0
how to become rich,173,173. Qualification for membership of the State Legislature A person shall not be qualified to be chosen to fill a seat in the Legislature of a State unless he,-0.27189771842956545,8,0
how to become rich,60,"60. Oath or affirmation by the President Every President and every person acting as President or discharging the functions of the President shall, before entering upon his office, make and subscribe in the presence of the Chief Justice of India or, in his absence, the senior most Judge of the Supreme Court available, an oath or affirmation in the following form, that is to say swear in the name of God I, A B, do that I olemnly affirm will faithfully execute the office of President (or discharge the functions of thePresident) of India and will do the best of my ability preserve, protect and defend the Constitution and the law and that I will devote myself to the service and well being of the people of India",-0.28589849328994754,9,0
how to become rich,326,"326. Elections to the House of the People and to the Legislative Assemblies of States to be on the basis of adult suffrage The elections to the House of the People and to the Legislative Assembly of every State shall be on the basis of adult suffrage; but is to say, every person who is a citizen of India and who is not less than twenty one years of age on such date as may be fixed in that behalf by or under any law made by the appropriate legislature and is not otherwise disqualified under this constitution or any law made by the appropriate Legislature on the ground of non residence, unsoundness of mind, crime or corrupt or illegal practice, shall be entitled to be registered as a voter at any such election",-0.28669771842956543,10,0
how to become rich,58,58. Qualifications for election as President,-0.29805667724609375,11,0
how to become rich,201,"201. Bill reserved for consideration When a Bill is reserved by a Governor for the consideration of the President, the President shall declare either that he assents to the Bill or that he withholds assent therefrom: Provided that, where the Bill is not a Money Bill, the President may direct the Governor to return the Bill to the House or, as the case may be, the Houses of the Legislature of the State together with such a message as it mentioned in the first proviso to Article 200 and, when a Bill is so returned, the House or Houses shall reconsider it accordingly within a period of six months from the date of receipt of such message and, if it is again passed by the House or Houses with or without amendment, it shall be presented again to the President for his consideration Procedure in Financial Matters",-0.3260316432952881,12,0
how to become rich,111,"111. Assent to Bills When a Bill has been passed by the Houses of Parliament, it shall be presented to the President, and the President shall declare either that he assents to the Bill, or that he withholds assent therefrom Provided that the President may, as soon as possible after the presentation to him of a Bill for assent, return the Bill if it is not a Money Bill to the Houses with a message requesting that they will reconsider the Bill or any specified provisions thereof and, in particular, will consider the desirability of introducing any such amendments as he may recommend in his message, and when a Bill is so returned, the Houses shall reconsider the Bill accordingly, and if the Bill is passed again by the Houses with or without amendment and presented to the President for assent, the President shall not withhold assent therefrom Procedures in Financial Matters",-0.3516260269165039,13,0
how to become rich,59,59. Conditions of Presidents office,-0.35453338165283205,14,0
how to become rich,279,"279. Calculation of net proceeds, etc",-0.3859302625656128,15,0
how to become rich,107,107. Provisions as to introduction and passing of Bills,-0.386676618385315,16,0
how to become rich,363,363. A Recognition granted to Rulers of Indian States to cease and privy purses to be abolished Notwithstanding anything in this Constitution or in any law for the time being in force,-0.39112966651916503,17,0
how to become rich,39,"39. Certain principles of policy to be followed by the State: The State shall, in particular, direct its policy towards securing",-0.40466213989257815,18,0
how to become rich,280,280. Finance Commission,-0.42271780519485475,19,0
how to become rich,102,102. Disqualification s for membership,-0.4245868537902832,20,0
how to become rich,114,114. Appropriation Bills,-0.42914564056396487,21,0
how to become rich,267,267. Contingency Fund,-0.43783131885528564,22,0
how to become rich,158,158. Conditions of Governor office,-0.45622190132141116,23,0
how to become rich,191,191. Disqualifications for membership,-0.482904122543335,24,0
how to become rich,266,266. Consolidated Funds and public accounts of India and of the States,-0.5146545646667481,25,0
how to become rich,66,66. Election of Vice President,-0.5647507530212402,26,0
how to become rich,116,"116. Votes on account, votes of credit and exceptional grants",-0.5726961091041565,27,0
how to become rich,109,109. Special procedure in respect of Money Bills,-0.5830968839645386,28,0
how to become rich,206,"206. Votes on account, votes of credit and exceptional grants",-0.5899138712882996,29,0
how to become rich,198,198. Special procedure in respect of Money Bills,-0.6115240040779114,30,0
how to become rich,270,270. Taxes levied and collected by the Union and distributed between the Union and the States,-0.6297241497039795,31,0
how to become rich,243I,243I. Constitution of finance Commissions to review financial position,-0.6973800588607788,32,0
how to become rich,110,110. Definition of Money Bill,-0.787666081237793,33,0
how to become rich,199,199. Definition of Money Bills,-0.8001433952331544,34,0
how to become rich,2A,2A. The age of a Judge of the Supreme Court shall be determined by such authority and in such manner as Parliament may by law provide,-0.8224154308319093,35,0
how to become rich,112,112. Annual financial statement,-0.8408847442626953,36,0
how to become rich,360,360. Provisions as to financial emergency,-1.0091506866455078,37,0
how to become rich,275,275. Grants from the Union to certain States,-1.1208119995117187,38,0
how to become rich,269,269. Taxes levied and collected by the union but assigned to the States,-1.279055078125,39,0
how to become rich,366,"366. Definition In this Constitution, unless the context otherwise requires, the following expressions have l, the meanings hereby respectively assigned to them, that is to say",-2.739813818359375,40,0
what is physics,14,"14. Equality before law The State shall not deny to any person equality before the law or the equal protection of the laws within the territory of India Prohibition of discrimination on grounds of religion, race, caste, sex or place of birth",1.4036199675559997,1,0
what is physics,12,"12. Definition In this part, unless the context otherwise requires, the State includes the Government and Parliament of India and the Government and the Legislature of each of the States and all local or other authorities within the territory of India or under the control of the Government of India",0.3804183582305908,2,0
what is physics,19,19. Protection of certain rights regarding freedom of speech etc,0.37312258033752443,3,0
what is physics,23,23. Prohibition of traffic in human beings and forced labour,0.30363373622894285,4,0
what is physics,25,"25. Freedom of conscience and free profession, practice and propagation of religion",0.06884035234451291,5,0
what is physics,13,13. Laws inconsistent with or in derogation of the fundamental rights,0.05002485513687133,6,0
what is physics,35,"35. Legislation to give effect to the provisions of this Part Notwithstanding anything in this Constitution,",-0.0003274611473084166,7,0
what is physics,36,"36. Definition In this Part, unless the context otherwise requires, the State has the same meaning as in Part III",-0.04518134374618531,8,0
what is physics,48A,48A. Protection and improvement of environment and safeguarding of forests and wild life The State shall endeavour to protect and improve the environment and to safeguard the forests and wild life of the country,-0.08437532367706299,9,0
what is physics,1,1. Name and territory of the Union,-0.08678193979263306,10,0
what is physics,248,248. Residuary powers of legislation,-0.11078164176940919,11,0
what is physics,37,"37. Application of the principles contained in this Part The provisions contained in this Part shall not be enforceable by any court, but the principles therein laid down are nevertheless fundamental in the governance of the country and it shall be the duty of the State to apply these principles in making laws",-0.12435732307434083,12,0
what is physics,355,355. Duty of the Union to protect States against external aggression and internal disturbance It shall be the duty of the Union to protect every State against external aggression and internal disturbance and to ensure that the government of every State is carried on in accordance with the provisions of this Constitution,-0.12836238946914674,13,0
what is physics,41,"41. Right to work, to education and to public assistance in certain cases The State shall, within the limits of its economic capacity and development, make effective provision for securing the right to work, to education and to public assistance in cases of unemployment, old age, sickness and disablement, and in other cases of undeserved want",-0.13750969896316528,14,0
what is physics,375,"375. Courts, authorities and officers to continue to function subject to the provisions of the Constitution All courts of civil, criminal and revenue jurisdiction, all authorities and all officers, judicial, executive and ministerial, throughout the territory of India, shall continue to exercise their respective functions subject to the provisions of this Constitution",-0.14797490644454958,15,0
what is physics,46,"46. Promotion of educational and economic interests of Scheduled Castes, Scheduled Tribes and other weaker sections The State shall promote with special care the educational and economic interests of the weaker sections of the people, and, in particular, of the Scheduled Castes and the Scheduled Tribes, and shall protect them from social injustice and all forms of exploitation",-0.1515542236328125,16,0
what is physics,39A,39. A Equal justice and free legal aid,-0.15237806549072266,17,0
what is physics,313,"313. Transitional provisions Until other provision is made in this behalf under this Constitution, all the laws in force immediately before the commencement of this Constitution and applicable to any public service or any post which continues to exist after the commencement of service or post under the Union or a State shall continue in force so far as consistent with the provisions of this Constitution",-0.16237717142105104,18,0
what is physics,47,"47. Duty of the State to raise the level of nutrition and the standard of living and to improve public health The State shall regard the raising of the level of nutrition and the standard of living of its people and the improvement of public health as among its primary duties and, in particular, the State shall endeavour to bring about prohibition of the consumption except for medicinal purposes of intoxicating drinks and of drugs which are injurious to health",-0.1855046325683594,19,0
what is physics,168,168. Constitution of Legislatures in States,-0.1975813437461853,20,0
what is physics,162,"162. Extent of executive power of State Subject to the provisions of this Constitution, the executive power of a State shall extend to the matters with respect to which the Legislature of the State has power to make laws Provided that in any matter with respect to which the Legislature of a State and Parliament have power to make laws, the executive power of the State shall be subject to, and limited by, the executive power expressly conferred by the Constitution or by any law made by Parliament upon the Union or authorities thereof Council of Ministers",-0.2235760985374451,21,0
what is physics,212,212. Courts not to inquire into proceedings of the Legislature,-0.22757806549072268,22,0
what is physics,38,38. State to secure a social order for the promotion of welfare of the people,-0.24037472763061524,23,0
what is physics,329,329. Bar to interference by courts in electoral matters Notwithstanding anything in this Constitution,-0.25158074769973754,24,0
what is physics,297,297. Things of value within territorial waters or continental shelf and resources of the exclusive economic zone to vest in the Union,-0.28988496303558353,25,0
what is physics,246,246. Subject matter of laws made by Parliament and by the Legislatures of States,-0.321980628490448,26,0
what is physics,131,"131. Original jurisdiction of the Supreme Court Subject to the provisions of this Constitution, the Supreme Court shall, to the exclusion of any other court, have original jurisdiction in any dispute",-0.3707430775642395,27,0
what is physics,367,367. Interpretation,-0.37596405839920044,28,0
what is physics,39,"39. Certain principles of policy to be followed by the State: The State shall, in particular, direct its policy towards securing",-0.40797353553771976,29,0
what is physics,340,340. Appointment of a Commission to investigate the conditions of backward classes,-0.4403566674232483,30,0
what is physics,258,"258. Power of the Union to confer powers, etc, on States in certain cases",-0.46117490644454956,31,0
what is physics,51A,"51A. Fundamental duties It shall be the duty of every citizen of India (a) to abide by the Constitution and respect its ideals and institutions, the national Flag and the National Anthem;",-0.5021305870056153,32,0
what is physics,310,310. Tenure of office of persons serving the Union or a State,-0.5107629259109497,33,0
what is physics,288,288. Exemption from taxation by States in respect of water or electricity in certain cases,-0.5471573230743408,34,0
what is physics,257,257. Control of the Union over States in certain cases,-0.6987680519104005,35,0
what is physics,311,"311. Dismissal, removal or reduction in rank of persons employed in civil capacities under the Union or a State",-0.708654564666748,36,0
what is physics,374,"374. Provisions as to Judges of the Federal Court and proceedings pending in the Federal Court or before His Majesty in Council ( 1 ) The Judges of the Federal Court holding office immediately before the commencement of this Constitution shall, unless they have elected otherwise, become on such commencement the Judges of the Supreme Court and shall thereupon be entitled to such salaries and allowances and to such rights in respect of leave of absence and pension as are provided for under Article 125 in respect of the Judges of the Supreme Court",-0.8742876452445985,37,0
what is physics,372,372. Continuance in force of existing laws and their adaptation,-1.18475415725708,38,0
what is physics,320,320. Functions of Public Service Commissions,-1.3869433952331545,39,0
what is physics,366,"366. Definition In this Constitution, unless the context otherwise requires, the following expressions have l, the meanings hereby respectively assigned to them, that is to say",-2.7824659484863283,40,0
