query,article_id,article_title,neural_score,rank,is_correct
equality before law,14,"14. Equality before law The State shall not deny to any person equality before the law or the equal protection of the laws within the territory of India Prohibition of discrimination on grounds of religion, race, caste, sex or place of birth",10.805436395263673,1,1
equality before law,16,16. Equality of opportunity in matters of public employment,1.8331016218185425,2,0
equality before law,13,13. Laws inconsistent with or in derogation of the fundamental rights,-0.6343490600585937,3,0
equality before law,39A,39. A Equal justice and free legal aid,-1.7965255807876588,4,0
equality before law,39,"39. Certain principles of policy to be followed by the State: The State shall, in particular, direct its policy towards securing",-6.2900638656616215,5,0
equality before law,19,19. Protection of certain rights regarding freedom of speech etc,-6.474470011901856,6,0
equality before law,22,22. Protection against arrest and detention in certain cases,-6.5954596832275385,7,0
equality before law,374,"374. Provisions as to Judges of the Federal Court and proceedings pending in the Federal Court or before His Majesty in Council ( 1 ) The Judges of the Federal Court holding office immediately before the commencement of this Constitution shall, unless they have elected otherwise, become on such commencement the Judges of the Supreme Court and shall thereupon be entitled to such salaries and allowances and to such rights in respect of leave of absence and pension as are provided for under Article 125 in respect of the Judges of the Supreme Court",-7.1889608901977535,8,0
equality before law,30,30. Right of minorities to establish and administer educational institutions,-7.233609541320801,9,0
equality before law,15,"15. Prohibition of discrimination on grounds of religion, race, caste, sex or place of birth",-7.455985366821289,10,0
equality before law,225,"225. Jurisdiction of existing High Courts Subject to the provisions of this Constitution and to the provisions of any law of the appropriate Legislature made by virtue of powers conferred on that Legislature by this Constitution, the jurisdiction of, and the law administered in, any existing High Court, and the respective powers of the Judges thereof in relation to the administration of justice in the Court, including any power to make rules of Court and to regulate the sittings of the Court and of members thereof sitting alone or in Division Courts, shall be the same as immediately before the commencement of this Constitution: Provided that any restriction to which the exercise of original jurisdiction by any of the High Courts with respect to any matter concerning the revenue or concerning any act ordered or done in the collection thereof was subject immediately before the commencement of this Constitution shall no longer apply to the exercise of such jurisdiction",-7.481662551879883,11,0
equality before law,38,38. State to secure a social order for the promotion of welfare of the people,-7.790572805786133,12,0
equality before law,295,"295. Succession to property, assets, rights, liabilities and obligations in other cases",-8.27964179840088,13,0
equality before law,326,"326. Elections to the House of the People and to the Legislative Assemblies of States to be on the basis of adult suffrage The elections to the House of the People and to the Legislative Assembly of every State shall be on the basis of adult suffrage; but is to say, every person who is a citizen of India and who is not less than twenty one years of age on such date as may be fixed in that behalf by or under any law made by the appropriate legislature and is not otherwise disqualified under this constitution or any law made by the appropriate Legislature on the ground of non residence, unsoundness of mind, crime or corrupt or illegal practice, shall be entitled to be registered as a voter at any such election",-8.552522274780273,14,0
equality before law,243D,243D. Reservation of seats,-8.61361787261963,15,0
equality before law,323,"323. A Administrative tribunals Parliament may, by law, provide for the adjudication or trial by administrative tribunals of disputes and complaints with respect to recruitment and conditions of service of persons appointed to public services and posts in connection with the affairs of the Union or of any State or of any local or other authority within the territory of India or under the control of the Government of India or of any corporation owned or controlled by the Government",-8.836338275146485,16,0
equality before law,369,"369. Temporary power to Parliament to make laws with respect to certain matters in the State List as if they were matters in the Concurrent List Notwithstanding anything in this Constitution, Parliament shall, during a period of five years from the commencement of this constitution, have power to make laws with respect to the following matters as if they were enumerated in the Concurrent List, namely:",-9.100916430664062,17,0
equality before law,325,"325. No person to be ineligible for inclusion in, or to claim to be included in a special, electoral roll on grounds of religion, race, caste or sex There shall be one general electoral roll for every territorial constituency for election to either House of Parliament or to the House or either House of the Legislature of a State and no person shall be ineligible for inclusion in any such roll or claim to be included in any special electoral roll for any such constituency on grounds only of religion, race, caste, sex or any of them",-9.636814779663085,18,0
equality before law,243T,243T. Reservation of seats,-9.885267568969727,19,0
equality before law,303,303. Restrictions on the legislative powers of the Union and of the States with regard to trade and commerce,-9.899109712219238,20,0
equality before law,23,23. Prohibition of traffic in human beings and forced labour,-10.001339270019532,21,0
equality before law,233,"233. A Validation of appointments of, and judgments, etc, delivered by, certain district judges Notwithstanding any judgment, decree or order of any court,",-10.179403622436524,22,0
equality before law,376,376. Provisions as to Judges of High Courts,-10.245659420776366,23,0
equality before law,33,"33. Power of Parliament to modify the rights conferred by this Part in their application etc Parliament may, by law, determine to what extent any of the rights conferred by this Part shall, in their application to,",-10.25528892364502,24,0
equality before law,45,"45. Provision for free and compulsory education for children The State shall endeavour to provide, within a period of ten years from the commencement of this Constitution, for free and compulsory education for all children until they complete the age of fourteen years",-10.289432856750489,25,0
equality before law,55,55. Manner of election of President,-10.364636785888672,26,0
equality before law,46,"46. Promotion of educational and economic interests of Scheduled Castes, Scheduled Tribes and other weaker sections The State shall promote with special care the educational and economic interests of the weaker sections of the people, and, in particular, of the Scheduled Castes and the Scheduled Tribes, and shall protect them from social injustice and all forms of exploitation",-10.495115396118164,27,0
equality before law,371D,371D. Special provisions with respect to the state of Andhra Pradesh,-10.523387892150879,28,0
equality before law,41,"41. Right to work, to education and to public assistance in certain cases The State shall, within the limits of its economic capacity and development, make effective provision for securing the right to work, to education and to public assistance in cases of unemployment, old age, sickness and disablement, and in other cases of undeserved want",-10.558770234680177,29,0
equality before law,11,11. Parliament to regulate the right of citizenship by law Nothing in the foregoing provisions of this Part shall derogate from the power of Parliament to make any provision with respect to the acquisition and termination of citizenship and all other matters relating to citizenship PART III FUNDAMENTAL RIGHTS General,-10.599946849060059,30,0
equality before law,131,"131. Original jurisdiction of the Supreme Court Subject to the provisions of this Constitution, the Supreme Court shall, to the exclusion of any other court, have original jurisdiction in any dispute",-10.632114392089843,31,0
equality before law,312,312. All India Services,-10.671266326904297,32,0
equality before law,323B,323B. Tribunals for other matters,-10.686079138183594,33,0
equality before law,371F,"371F. Special provisions with respect to the State of Sikkim Notwithstanding anything in this Constitution,",-10.888693307495117,34,0
equality before law,340,340. Appointment of a Commission to investigate the conditions of backward classes,-10.910267706298828,35,0
equality before law,262,262. Adjudication of disputes relating to waters of inter State rivers or river valleys,-10.961261071777344,36,0
equality before law,320,320. Functions of Public Service Commissions,-11.00205713043213,37,0
equality before law,42,42. Provision for just and humane conditions of work and maternity relief The State shall make provision for securing just and humane conditions of work and for maternity relief,-11.022976094055176,38,0
equality before law,51,51. Promotion of international peace and security The State shall endeavour to,-11.046264523315429,39,0
equality before law,300,300. Suits and proceedings,-11.193817581176758,40,0
abolition of untouchability,17,17. Abolition of Untouchability Untouchability is abolished and its practice in any form is forbidden The enforcement of any disability arising out of Untouchability shall be an offence punishable in accordance with law,10.29550718536377,1,1
abolition of untouchability,18,"18. Abolition of titles No title, not being a military or academic distinction, shall be conferred by the State No citizen of India shall accept any title from any foreign State No person who is not a citizen of India shall, while he holds any office of profit or trust under the State, accept without the consent of the President any title from any foreign State No person holding any office of profit or trust under the State shall, without the consent of the President, accept any present, emolument, or office of any kind from or under any foreign State Right to Freedom",-3.207563447570801,2,0
abolition of untouchability,169,169. Abolition or creation of Legislative Councils in States,-5.731216255187988,3,0
abolition of untouchability,363,363. A Recognition granted to Rulers of Indian States to cease and privy purses to be abolished Notwithstanding anything in this Constitution or in any law for the time being in force,-7.485392504882812,4,0
abolition of untouchability,19,19. Protection of certain rights regarding freedom of speech etc,-9.032362811279297,5,0
abolition of untouchability,395,"395. Repeals The Indian Independence Act, 1947 , and the Government of India Act, 1935 , together with all enactment s amending or supplementing the latter Act, but not including the Abolition of Privy Council Jurisdiction Act, 1949 , are hereby repealed FIRST SCHEDULE Articles 1 and 4 I THE STATES Name Territories",-9.075610166931153,6,0
abolition of untouchability,356,356. Provisions in case of failure of constitutional machinery in State,-9.429644772338868,7,0
abolition of untouchability,21,21. Protection of life and personal liberty No person shall be deprived of his life or personal liberty except according to procedure established by law,-9.654985829162598,8,0
abolition of untouchability,14,"14. Equality before law The State shall not deny to any person equality before the law or the equal protection of the laws within the territory of India Prohibition of discrimination on grounds of religion, race, caste, sex or place of birth",-9.80343887939453,9,0
abolition of untouchability,372,372. Continuance in force of existing laws and their adaptation,-10.187306666564941,10,0
abolition of untouchability,360,360. Provisions as to financial emergency,-10.344111624145508,11,0
abolition of untouchability,31A,"31A. Saving of laws providing for acquisition of estates, etc ( 1 ) Notwithstanding anything contained in Article 13, no law providing for",-10.497752000427246,12,0
abolition of untouchability,31B,"31B. Validation of certain Acts and Regulations Without prejudice to the generality of the provisions contained in Article 31A, none of the Acts and Regulations specified in the Ninth Schedule nor any of the provisions thereof shall be deemed to be void, or ever to have become void, on the ground that such Act, Regulation or provision is inconsistent with, or takes away or abridges any of the rights conferred by, any provisions of this Part, and notwithstanding any judgment, decree or order of any court or tribunal to the contrary, each of the said Acts and Regulations shall, subject to the power of any competent Legislature to repeal or amend it, continue in force",-10.608280810546875,13,0
abolition of untouchability,352,352. Proclamation of Emergency,-10.68789462890625,14,0
abolition of untouchability,34,"34. Restriction on rights conferred by this Part while martial law is in force in any area Notwithstanding anything in the foregoing provisions of this Part, Parliament may by law indemnify any person in the service of the Union or of a State or any other person in respect of any act done by him in connection with the maintenance or restoration of order in any area within the territory of India where martial law was in force or validate any sentence passed, punishment inflicted, forfeiture ordered or other act done under martial law in such area",-10.751232290649414,15,0
abolition of untouchability,31C,"31C. Saving of laws giving effect to certain directive principles Notwithstanding anything contained in Article 13, no law giving effect to the policy of the State towards securing all or any of the principles laid down in Part IV shall be deemed to be void on the ground that it is inconsistent with, or takes away or abridges any of the rights conferred by Article 14 or Article 19 and no law containing a declaration that it is for giving effect to such policy shall be called in question in any court on the ground that it does not give effect to such policy: Provided that where such law is made by the Legislature of a State, the provisions of this Article shall not apply thereto unless such law, having been reserved for the consideration of the President, has received his assent Right to Constitutional Remedies",-10.76104792175293,16,0
abolition of untouchability,359,359. Suspension of the enforcement of the rights conferred by Part III during emergencies,-10.899039079284668,17,0
abolition of untouchability,311,"311. Dismissal, removal or reduction in rank of persons employed in civil capacities under the Union or a State",-10.957316082763672,18,0
abolition of untouchability,13,13. Laws inconsistent with or in derogation of the fundamental rights,-11.007838439941406,19,0
abolition of untouchability,49,"49. Protection of monuments and places and objects of national importance It shall be the obligation of the State to protect every monument or place or object of artistic or historic interests, declared by or under law made by Parliament to be of national importance, from spoliation, disfigurement, destruction, removal, disposal or export, as the case may be",-11.224151557922363,20,0
abolition of untouchability,300,"300. A Persons not to be deprived of property save by authority of law No person shall be deprived of his property save by authority of law PART XIII TRADE, COMMERCE AND INTERCOURSE WITHIN THE TERRITORY OF INDIA",-11.277767004394532,21,0
abolition of untouchability,392,392. Power of the President to remove difficulties,-11.309007048034667,22,0
abolition of untouchability,37,"37. Application of the principles contained in this Part The provisions contained in this Part shall not be enforceable by any court, but the principles therein laid down are nevertheless fundamental in the governance of the country and it shall be the duty of the State to apply these principles in making laws",-11.352145056152343,23,0
abolition of untouchability,317,317. Removal and suspension of a member of a Public Service Commission,-11.356692218017578,24,0
abolition of untouchability,305,"305. Saving of existing laws and laws providing for State monopolies Nothing in Articles 301 and 303 shall affect the provisions of any existing law except in so far as the President may be order otherwise direct; and nothing in Article 301 shall affect the operation of any law made before the commencement of the Constitution (Fourth Amendment) Act, 1955 , in so far as it relates to, or prevent Parliament or the Legislature of a State from making any law relating to, any such matter as is referred to in sub clause (ii) of clause ( 6 ) of Article 19",-11.390546266174317,25,0
abolition of untouchability,239B,239B. Power of administrator to promulgate Ordinances during recess of Legislature,-11.414624519348145,26,0
abolition of untouchability,372,372. A Power of the President to adapt laws,-11.416557861328124,27,0
abolition of untouchability,255,"255. Requirements as to recommendations and previous sanctions to be regarded as matters of procedure only No Act of Parliament or of the legislature of a State and no provision in any such Act, shall be invalid by reason only that some recommendation or previous sanction required by this Constitution was not given, if assent to that Act was given",-11.465587774658204,28,0
abolition of untouchability,257,257. A Assistance to States by deployment of armed forces or other forces of the Union Omitted,-11.471717317199706,29,0
abolition of untouchability,72,"72. Power of President to grant pardons, etc, and to suspend, remit or commute sentences in certain cases",-11.48980303955078,30,0
abolition of untouchability,289,289. Exemption of property and income of a State from Union taxation,-11.50849234008789,31,0
abolition of untouchability,285,285. Exemption of property of the Union from State taxation,-11.527095153808594,32,0
abolition of untouchability,329,329. Bar to interference by courts in electoral matters Notwithstanding anything in this Constitution,-11.561086389160156,33,0
abolition of untouchability,61,61. Procedure for impeachment of the President,-11.6503281539917,34,0
abolition of untouchability,233,"233. A Validation of appointments of, and judgments, etc, delivered by, certain district judges Notwithstanding any judgment, decree or order of any court,",-11.67987187652588,35,0
abolition of untouchability,123,123. Power of President to promulgate Ordinances during recess of Parliament,-11.687365060424804,36,0
abolition of untouchability,319,319. Prohibition as to the holding of offices by members of Commission on ceasing to be such members On ceasing to hold office,-11.708339813232422,37,0
abolition of untouchability,358,358. Suspension of provisions of Article 19 during emergencies,-11.731577407836914,38,0
abolition of untouchability,361,361. Protection of President and Governors and Rajpramukhs,-11.735134182739257,39,0
abolition of untouchability,371A,371A. Special provision with respect to the State of Nagaland,-12.804597700500489,40,0
freedom of religion,25,"25. Freedom of conscience and free profession, practice and propagation of religion",5.064859417724609,1,1
freedom of religion,26,"26. Freedom to manage religious affairs Subject to public order, morality and health, every religious denomination or any section thereof shall have the right",4.688785931396485,2,0
freedom of religion,28,28. Freedom as to attendance at religious instruction or religious worship in certain educational institutions,3.330943455123901,3,0
freedom of religion,27,"27. Freedom as to payment of taxes for promotion of any particular religion No person shall be compelled to pay any taxes, the proceeds of which are specifically appropriated in payment of expenses for the promotion or maintenance of any particular religion or religions denomination",3.172287651824951,4,0
freedom of religion,15,"15. Prohibition of discrimination on grounds of religion, race, caste, sex or place of birth",-2.6834011669158935,5,0
freedom of religion,19,19. Protection of certain rights regarding freedom of speech etc,-3.47424327583313,6,0
freedom of religion,16,16. Equality of opportunity in matters of public employment,-5.050656803894043,7,0
freedom of religion,29,29. Protection of interests of minorities,-5.228650360870361,8,0
freedom of religion,30,30. Right of minorities to establish and administer educational institutions,-5.742051466369629,9,0
freedom of religion,21,21. Protection of life and personal liberty No person shall be deprived of his life or personal liberty except according to procedure established by law,-5.887515469360352,10,0
freedom of religion,14,"14. Equality before law The State shall not deny to any person equality before the law or the equal protection of the laws within the territory of India Prohibition of discrimination on grounds of religion, race, caste, sex or place of birth",-6.0663811935424805,11,0
freedom of religion,51A,"51A. Fundamental duties It shall be the duty of every citizen of India (a) to abide by the Constitution and respect its ideals and institutions, the national Flag and the National Anthem;",-6.963974554443359,12,0
freedom of religion,301,"301. Freedom of trade, commerce and intercourse Subject to the other provisions of this Part, trade, commerce and intercourse throughout the territory of India shall be free",-7.0833439437866215,13,0
freedom of religion,325,"325. No person to be ineligible for inclusion in, or to claim to be included in a special, electoral roll on grounds of religion, race, caste or sex There shall be one general electoral roll for every territorial constituency for election to either House of Parliament or to the House or either House of the Legislature of a State and no person shall be ineligible for inclusion in any such roll or claim to be included in any special electoral roll for any such constituency on grounds only of religion, race, caste, sex or any of them",-7.166571325683594,14,0
freedom of religion,18,"18. Abolition of titles No title, not being a military or academic distinction, shall be conferred by the State No citizen of India shall accept any title from any foreign State No person who is not a citizen of India shall, while he holds any office of profit or trust under the State, accept without the consent of the President any title from any foreign State No person holding any office of profit or trust under the State shall, without the consent of the President, accept any present, emolument, or office of any kind from or under any foreign State Right to Freedom",-8.055722283935546,15,0
freedom of religion,194,"194. Powers, privileges, etc, of the House of Legislatures and of the members and committees thereof",-8.865023362731934,16,0
freedom of religion,23,23. Prohibition of traffic in human beings and forced labour,-8.943309141540528,17,0
freedom of religion,105,"105. Powers, privileges, etc of the Houses of Parliament and of the members and committees thereof",-9.025555032348633,18,0
freedom of religion,302,"302. Power of Parliament to impose restrictions on trade, commerce and intercourse Parliament may by law impose such restrictions on the freedom of trade, commerce or intercourse between one State and another or within any part of the territory of India as may be required in the public interest",-9.091054885864258,19,0
freedom of religion,32,32. Remedies for enforcement of rights conferred by this Part,-9.201710162353516,20,0
freedom of religion,17,17. Abolition of Untouchability Untouchability is abolished and its practice in any form is forbidden The enforcement of any disability arising out of Untouchability shall be an offence punishable in accordance with law,-9.398787744140625,21,0
freedom of religion,20,20. Protection in respect of conviction for offences,-9.399035005187988,22,0
freedom of religion,304,"304. Restrictions on trade, commerce and intercourse among States Notwithstanding anything in Article 301 or Article 303, the Legislature of a State may by law",-9.4682880859375,23,0
freedom of religion,371A,371A. Special provision with respect to the State of Nagaland,-10.1539810546875,24,0
freedom of religion,371G,"371G. Special provision with respect to the State of Mizoram Notwithstanding anything in this Constitution,",-10.157122361755372,25,0
freedom of religion,69,"69. Oath or affirmation by the Vice President Every Vice President shall, before entering upon his office, make and subscribe before the President, or some person appointed in that behalf by him, an oath or affirmation in the following form, that is to say swear in the name of God I, A B, do that solemnly affirm will bear true faith, and allegiance to the Constitution of India as by law established and that I will faithfully discharge the duty upon which I am about to enter",-10.246166926574707,26,0
freedom of religion,33,"33. Power of Parliament to modify the rights conferred by this Part in their application etc Parliament may, by law, determine to what extent any of the rights conferred by this Part shall, in their application to,",-10.359751547241212,27,0
freedom of religion,159,"159. Oath or affirmation by Governor Every Governor and every person discharging the functions of the Governor shall, before entering upon his office, make and subscribe in the presence of the chief Justice of the High Court exercising jurisdiction in relation to the State, or, in his absence, the senior most Judge of that court available, an oath or affirmation in the following form, that is to say swear in the name of God I, A B, do that I solemnly affirm will faithfully execute the office of Governor (or discharge the functions of the Governor) of (name of the State) and will to the best of my ability preserve, protect and defend the Constitution and the law and that I will devote myself to the service and well being of the people of (name of the State)",-10.437602697753906,28,0
freedom of religion,60,"60. Oath or affirmation by the President Every President and every person acting as President or discharging the functions of the President shall, before entering upon his office, make and subscribe in the presence of the Chief Justice of India or, in his absence, the senior most Judge of the Supreme Court available, an oath or affirmation in the following form, that is to say swear in the name of God I, A B, do that I olemnly affirm will faithfully execute the office of President (or discharge the functions of thePresident) of India and will do the best of my ability preserve, protect and defend the Constitution and the law and that I will devote myself to the service and well being of the people of India",-10.614675270080566,29,0
freedom of religion,45,"45. Provision for free and compulsory education for children The State shall endeavour to provide, within a period of ten years from the commencement of this Constitution, for free and compulsory education for all children until they complete the age of fourteen years",-10.637689921569825,30,0
freedom of religion,355,355. Duty of the Union to protect States against external aggression and internal disturbance It shall be the duty of the Union to protect every State against external aggression and internal disturbance and to ensure that the government of every State is carried on in accordance with the provisions of this Constitution,-10.682698400878905,31,0
freedom of religion,11,11. Parliament to regulate the right of citizenship by law Nothing in the foregoing provisions of this Part shall derogate from the power of Parliament to make any provision with respect to the acquisition and termination of citizenship and all other matters relating to citizenship PART III FUNDAMENTAL RIGHTS General,-10.844735018920899,32,0
freedom of religion,161,"161. Power of Governor to grant pardons, etc, and to suspend, remit or commute sentences in certain cases The Governor of a State shall have the power to grant pardons, reprieves, respites or remissions of punishment or to suspend, remit or commute the sentence of any person convicted of any offence against any law relating to a matter to which the executive power of the State extends",-10.911859097290039,33,0
freedom of religion,361,361. A Protection of publication of proceedings of Parliament and State Legislature,-10.943434144592285,34,0
freedom of religion,121,121. Restriction on discussion in Parliament No discussions shall take place in Parliament with respect to the conduct of any Judge of the Supreme Court or of a High Court in the discharge of his duties expect upon a motion for presenting an address to the President praying for the removal of the Judge as hereinafter provided,-11.1526563079834,35,0
freedom of religion,72,"72. Power of President to grant pardons, etc, and to suspend, remit or commute sentences in certain cases",-11.176191055297851,36,0
freedom of religion,136,136. Special leave to appeal by the Supreme Court,-11.302529537963867,37,0
freedom of religion,289,289. Exemption of property and income of a State from Union taxation,-11.30683218383789,38,0
freedom of religion,310,310. Tenure of office of persons serving the Union or a State,-11.330177899169922,39,0
freedom of religion,71,"71. Matters relating to, or connected with, the election of a president or Vice President",-11.33096655883789,40,0
minority educational institutions,30,30. Right of minorities to establish and administer educational institutions,6.960946694946289,1,1
minority educational institutions,29,29. Protection of interests of minorities,1.5534038249969482,2,0
minority educational institutions,350,350. A Facilities for instruction in mother tongue at primary stage It shall be the endeavour of every State and of every local authority within the State to provide adequate facilities for instruction in the mother tongue at the primary stage of education to children belonging to linguistic minority groups; and the President may issue such directions to any State as he considers necessary or proper for securing the provision of such facilities,-2.3535199825286863,3,0
minority educational institutions,28,28. Freedom as to attendance at religious instruction or religious worship in certain educational institutions,-5.39105166015625,4,0
minority educational institutions,337,"337. Special provision with respect to educational grants for the benefit of Anglo Indian community During the first three financial years after the commencement of this Constitution, the same grants, if any, shall be made by the Union and by each State for the benefit of the Anglo Indian community in respect of education as were made in the financial year ending on the thirty first day of March, 1948 During every succeeding period of three years the grants may be less by ten per cent than those for the immediately preceding period of three years: Provided that at the end of ten years from the commencement of this Constitution such grants, to the extent to which they are a special concession to the Anglo Indian community, shall cease: Provided further that no educational institution shall be entitled to receive any grant under this article unless at least forty per cent of annual admissions therein are made available to members of communities other than the Anglo Indian community",-6.234919850921631,5,0
minority educational institutions,350,350. B Special Officer for linguistic minorities,-7.97069805984497,6,0
minority educational institutions,171,171. Composition of the Legislative Councils,-8.318196560668945,7,0
minority educational institutions,46,"46. Promotion of educational and economic interests of Scheduled Castes, Scheduled Tribes and other weaker sections The State shall promote with special care the educational and economic interests of the weaker sections of the people, and, in particular, of the Scheduled Castes and the Scheduled Tribes, and shall protect them from social injustice and all forms of exploitation",-8.711752053833008,8,0
minority educational institutions,371D,371D. Special provisions with respect to the state of Andhra Pradesh,-9.0977444480896,9,0
minority educational institutions,16,16. Equality of opportunity in matters of public employment,-9.407178410339355,10,0
minority educational institutions,15,"15. Prohibition of discrimination on grounds of religion, race, caste, sex or place of birth",-10.375945388793946,11,0
minority educational institutions,243D,243D. Reservation of seats,-10.668285345458985,12,0
minority educational institutions,45,"45. Provision for free and compulsory education for children The State shall endeavour to provide, within a period of ten years from the commencement of this Constitution, for free and compulsory education for all children until they complete the age of fourteen years",-10.722096774291993,13,0
minority educational institutions,41,"41. Right to work, to education and to public assistance in certain cases The State shall, within the limits of its economic capacity and development, make effective provision for securing the right to work, to education and to public assistance in cases of unemployment, old age, sickness and disablement, and in other cases of undeserved want",-10.740321214294434,14,0
minority educational institutions,340,340. Appointment of a Commission to investigate the conditions of backward classes,-10.784331198120118,15,0
minority educational institutions,26,"26. Freedom to manage religious affairs Subject to public order, morality and health, every religious denomination or any section thereof shall have the right",-10.814687350463867,16,0
minority educational institutions,371,371. Special provision with respect to the States of Maharashtra and Gujarat,-11.02833218536377,17,0
minority educational institutions,333,"333. Representation of the Anglo Indian community in the Legislative Assemblies of the States Notwithstanding anything in Article 170, the Governor of a State may, if he is of opinion that the Anglo Indian community needs representation in the Legislative Assembly of the State and is not adequately represented therein, nominate one member of that community to the Assembly",-11.150832147216796,18,0
minority educational institutions,331,"331. Representation of the Anglo Indian community in the Hose of the People Notwithstanding anything in Article 81, the President may, if he is of opinion that the Anglo Indian community is not adequately represented in the House of the people, nominate not more than two members of that community to the House of the People",-11.158446740722656,19,0
minority educational institutions,336,336. Special provision for Anglo Indian community in certain services,-11.200182150268555,20,0
minority educational institutions,335,"335. Claims of Scheduled Castes and Scheduled Tribes to services and posts The claims of the members of the Scheduled Castes and the Scheduled Tribes shall be taken into consideration, consistently with the maintenance of efficiency of administration, in the making of appointments to services and posts in connection with the affairs of the Union or of a State",-11.248903631591796,21,0
minority educational institutions,39A,39. A Equal justice and free legal aid,-11.328179342651367,22,0
minority educational institutions,232,"232. Omitted by the Constitution 7 th Amendment Act, 1956 CHAPTER VI SUBORDINATE COURTS",-11.350813336181641,23,0
minority educational institutions,329,329. A Special provision as to elections to Parliament in the case of Prime Minister and Speaker Omitted PART XVI SPECIAL PROVISIONS RELATING TO CERTAIN CLASSES,-11.361989845275879,24,0
minority educational institutions,244,244. Administration of Scheduled Areas and Tribal Areas,-11.412839254760742,25,0
minority educational institutions,341,341. Scheduled Castes,-11.427091818237304,26,0
minority educational institutions,334,"334. Reservation of seats and special representation to cease after forty years Notwithstanding anything in the foregoing provisions of this Part, the provisions of Constitution relating to",-11.45218557434082,27,0
minority educational institutions,338,"338. Special Officer for Scheduled Castes, Scheduled Tribes etc",-11.474937467956543,28,0
minority educational institutions,371G,"371G. Special provision with respect to the State of Mizoram Notwithstanding anything in this Constitution,",-11.500434625244141,29,0
minority educational institutions,339,339. Control of the Union over the administration of Scheduled Areas and the welfare of Scheduled Tribes,-11.503873550415038,30,0
minority educational institutions,342,342. Scheduled Tribes,-11.531402676391602,31,0
minority educational institutions,243T,243T. Reservation of seats,-11.53741676940918,32,0
minority educational institutions,332,332. Reservation of seats for Scheduled Castes and Scheduled Tribes in the Legislative Assemblies of the States,-11.587829280090332,33,0
minority educational institutions,243Z,243Z. C Part not to apply to certain areas,-11.618457568359375,34,0
minority educational institutions,330,330. Reservation of seats for Scheduled Castes and Scheduled Tribes in the House of the People,-11.706607598876953,35,0
minority educational institutions,102,102. Disqualification s for membership,-11.7083054397583,36,0
minority educational institutions,191,191. Disqualifications for membership,-11.724857257080078,37,0
minority educational institutions,243M,243M. Part not to apply to certain areas,-11.76181245727539,38,0
minority educational institutions,243Q,243Q. Constitution of Municipalities,-11.829511026000976,39,0
minority educational institutions,371F,"371F. Special provisions with respect to the State of Sikkim Notwithstanding anything in this Constitution,",-12.205434297180176,40,0
right to constitutional remedies,32,32. Remedies for enforcement of rights conferred by this Part,2.4219504020690916,1,1
right to constitutional remedies,19,19. Protection of certain rights regarding freedom of speech etc,-5.783604972076416,2,0
right to constitutional remedies,356,356. Provisions in case of failure of constitutional machinery in State,-6.951942631530762,3,0
right to constitutional remedies,41,"41. Right to work, to education and to public assistance in certain cases The State shall, within the limits of its economic capacity and development, make effective provision for securing the right to work, to education and to public assistance in cases of unemployment, old age, sickness and disablement, and in other cases of undeserved want",-7.508318002319336,4,0
right to constitutional remedies,368,368. Power of Parliament to amend the Constitution and procedure therefor,-8.554796794891358,5,0
right to constitutional remedies,22,22. Protection against arrest and detention in certain cases,-8.72385094909668,6,0
right to constitutional remedies,374,"374. Provisions as to Judges of the Federal Court and proceedings pending in the Federal Court or before His Majesty in Council ( 1 ) The Judges of the Federal Court holding office immediately before the commencement of this Constitution shall, unless they have elected otherwise, become on such commencement the Judges of the Supreme Court and shall thereupon be entitled to such salaries and allowances and to such rights in respect of leave of absence and pension as are provided for under Article 125 in respect of the Judges of the Supreme Court",-8.771534780883789,7,0
right to constitutional remedies,312A,312A. Power of Parliament to vary or revoke conditions of service of officers of certain services,-9.060513975524902,8,0
right to constitutional remedies,225,"225. Jurisdiction of existing High Courts Subject to the provisions of this Constitution and to the provisions of any law of the appropriate Legislature made by virtue of powers conferred on that Legislature by this Constitution, the jurisdiction of, and the law administered in, any existing High Court, and the respective powers of the Judges thereof in relation to the administration of justice in the Court, including any power to make rules of Court and to regulate the sittings of the Court and of members thereof sitting alone or in Division Courts, shall be the same as immediately before the commencement of this Constitution: Provided that any restriction to which the exercise of original jurisdiction by any of the High Courts with respect to any matter concerning the revenue or concerning any act ordered or done in the collection thereof was subject immediately before the commencement of this Constitution shall no longer apply to the exercise of such jurisdiction",-9.106097023010253,9,0
right to constitutional remedies,309,"309. Recruitment and conditions of service of persons serving the Union or a State Subject to the provisions of this Constitution, Acts of the appropriate Legislature may regulate the recruitment, and conditions of service of persons appointed, to public services and posts in connection with the affairs of the Union or of any State: Provided that it shall be competent for the President or such person as he may direct in the case of services and posts in connection with the affairs of the Union, and for the Governor of a State or such person as he may direct in the case of services and posts in connection with the affairs of the State, to make rules regulating the recruitment, and the conditions of service of persons appointed, to such services and posts until provision in that behalf is made by or under an Act of the appropriate Legislature under this article, and any rules so made shall have effect subject to the provisions of any such Act",-9.454340554809571,10,0
right to constitutional remedies,369,"369. Temporary power to Parliament to make laws with respect to certain matters in the State List as if they were matters in the Concurrent List Notwithstanding anything in this Constitution, Parliament shall, during a period of five years from the commencement of this constitution, have power to make laws with respect to the following matters as if they were enumerated in the Concurrent List, namely:",-9.458216235351562,11,0
right to constitutional remedies,145,"145. Rules of Court, etc",-9.481690489196778,12,0
right to constitutional remedies,359,359. Suspension of the enforcement of the rights conferred by Part III during emergencies,-9.521686364746094,13,0
right to constitutional remedies,323,"323. A Administrative tribunals Parliament may, by law, provide for the adjudication or trial by administrative tribunals of disputes and complaints with respect to recruitment and conditions of service of persons appointed to public services and posts in connection with the affairs of the Union or of any State or of any local or other authority within the territory of India or under the control of the Government of India or of any corporation owned or controlled by the Government",-9.874798052978516,14,0
right to constitutional remedies,228A,"228A. Special provisions as to disposal of question relating to constitutional validity of State Laws Rep by the Constitution (Forty third Amendment) Act, 1977 , sec 10, (w e f 13 4 1978 )",-10.04475680847168,15,0
right to constitutional remedies,11,11. Parliament to regulate the right of citizenship by law Nothing in the foregoing provisions of this Part shall derogate from the power of Parliament to make any provision with respect to the acquisition and termination of citizenship and all other matters relating to citizenship PART III FUNDAMENTAL RIGHTS General,-10.218712680053711,16,0
right to constitutional remedies,131,"131. Original jurisdiction of the Supreme Court Subject to the provisions of this Constitution, the Supreme Court shall, to the exclusion of any other court, have original jurisdiction in any dispute",-10.252469998168944,17,0
right to constitutional remedies,375,"375. Courts, authorities and officers to continue to function subject to the provisions of the Constitution All courts of civil, criminal and revenue jurisdiction, all authorities and all officers, judicial, executive and ministerial, throughout the territory of India, shall continue to exercise their respective functions subject to the provisions of this Constitution",-10.414135215759277,18,0
right to constitutional remedies,34,"34. Restriction on rights conferred by this Part while martial law is in force in any area Notwithstanding anything in the foregoing provisions of this Part, Parliament may by law indemnify any person in the service of the Union or of a State or any other person in respect of any act done by him in connection with the maintenance or restoration of order in any area within the territory of India where martial law was in force or validate any sentence passed, punishment inflicted, forfeiture ordered or other act done under martial law in such area",-10.572032118225097,19,0
right to constitutional remedies,355,355. Duty of the Union to protect States against external aggression and internal disturbance It shall be the duty of the Union to protect every State against external aggression and internal disturbance and to ensure that the government of every State is carried on in accordance with the provisions of this Constitution,-10.599488409423827,20,0
right to constitutional remedies,226,226. Power of High Courts to issue certain writs,-10.699655865478515,21,0
right to constitutional remedies,39A,39. A Equal justice and free legal aid,-10.725882513427734,22,0
right to constitutional remedies,362,"362. Rights and privileges of Rulers of Indian States Rep by the Constitution (Twenty sixth Amendment) Act, 1971 ,",-10.740082803344727,23,0
right to constitutional remedies,392,392. Power of the President to remove difficulties,-10.75338208618164,24,0
right to constitutional remedies,140,140. Ancillary powers of Supreme Court Parliament may by law make provision for conferring upon the Supreme Court such supplemental powers not inconsistent with any of the provisions of this Constitution as may appear to be necessary or desirable for the purpose of enabling the Court more effectively to exercise the jurisdiction conferred upon it by or under this Constitution,-10.786247912597656,25,0
right to constitutional remedies,73,73. Extent of executive power of the Union,-10.81031328125,26,0
right to constitutional remedies,72,"72. Power of President to grant pardons, etc, and to suspend, remit or commute sentences in certain cases",-10.86133738708496,27,0
right to constitutional remedies,135,"135. Jurisdiction and powers of the Federal Court under existing law to be exercisable by the Supreme Court Until Parliament by law otherwise provides, the Supreme Court shall also have jurisdiction and powers with respect to any matter to which the provisions of Article 133 or Article 134 do not apply if jurisdiction and powers in relation to that matter were exercisable by the Federal Court immediately before the commencement of this Constitution under any existing law",-10.903373184204101,28,0
right to constitutional remedies,371F,"371F. Special provisions with respect to the State of Sikkim Notwithstanding anything in this Constitution,",-10.909849618530274,29,0
right to constitutional remedies,352,352. Proclamation of Emergency,-11.02992229309082,30,0
right to constitutional remedies,241,241. High Courts for Union territories,-11.10616377105713,31,0
right to constitutional remedies,144,"144. Civil and judicial authorities to act in aid of the Supreme Court All authorities, civil and judicial, in the territory of India shall act in aid of the Supreme Court",-11.131542776489258,32,0
right to constitutional remedies,230,230. Extension of jurisdiction of High Courts to Union territories,-11.13511400604248,33,0
right to constitutional remedies,261,"261. Public acts, records and judicial proceedings Full faith and credit shall be given throughout the territory of India to public acts, records and judicial proceedings of the Union and of every State",-11.233500891113282,34,0
right to constitutional remedies,350,"350. Language to be used in representations for redress of grievances Every person shall be entitled to submit a representation for the redress of any grievance to any officer or authority of the Union or a State in any of the languages used in the Union or in the State, as the case may be",-11.267213645935058,35,0
right to constitutional remedies,300,300. Suits and proceedings,-11.289572204589843,36,0
right to constitutional remedies,310,310. Tenure of office of persons serving the Union or a State,-11.30678045349121,37,0
right to constitutional remedies,133,133. Appellate jurisdiction of Supreme Court in appeals from High Courts in regard to civil matters,-11.338099485778809,38,0
right to constitutional remedies,371D,371D. Special provisions with respect to the state of Andhra Pradesh,-11.380527479553223,39,0
right to constitutional remedies,136,136. Special leave to appeal by the Supreme Court,-11.419837200927734,40,0
protection against double jeopardy,22,22. Protection against arrest and detention in certain cases,-2.978960974502564,1,0
protection against double jeopardy,20,20. Protection in respect of conviction for offences,-4.3091049476623535,2,1
protection against double jeopardy,361,361. Protection of President and Governors and Rajpramukhs,-8.305975495147704,3,0
protection against double jeopardy,21,21. Protection of life and personal liberty No person shall be deprived of his life or personal liberty except according to procedure established by law,-8.643411083984375,4,0
protection against double jeopardy,361,361. A Protection of publication of proceedings of Parliament and State Legislature,-9.119560624694824,5,0
protection against double jeopardy,29,29. Protection of interests of minorities,-9.704287319946289,6,0
protection against double jeopardy,14,"14. Equality before law The State shall not deny to any person equality before the law or the equal protection of the laws within the territory of India Prohibition of discrimination on grounds of religion, race, caste, sex or place of birth",-9.720421530151366,7,0
protection against double jeopardy,17,17. Abolition of Untouchability Untouchability is abolished and its practice in any form is forbidden The enforcement of any disability arising out of Untouchability shall be an offence punishable in accordance with law,-9.839530236816406,8,0
protection against double jeopardy,355,355. Duty of the Union to protect States against external aggression and internal disturbance It shall be the duty of the Union to protect every State against external aggression and internal disturbance and to ensure that the government of every State is carried on in accordance with the provisions of this Constitution,-9.845544012451171,9,0
protection against double jeopardy,32,32. Remedies for enforcement of rights conferred by this Part,-10.036695895385742,10,0
protection against double jeopardy,49,"49. Protection of monuments and places and objects of national importance It shall be the obligation of the State to protect every monument or place or object of artistic or historic interests, declared by or under law made by Parliament to be of national importance, from spoliation, disfigurement, destruction, removal, disposal or export, as the case may be",-10.670012420654297,11,0
protection against double jeopardy,15,"15. Prohibition of discrimination on grounds of religion, race, caste, sex or place of birth",-10.858462631225587,12,0
protection against double jeopardy,314,"314. Provision for protection of existing officers of certain services Rep by the Constitution (Twenty eight Amendment) Act, 1972 , Section 3 (w e f 29 08 1972 ) CHAPTER II PUBLIC SERVICE COMMISSION",-10.88067933959961,13,0
protection against double jeopardy,23,23. Prohibition of traffic in human beings and forced labour,-10.952341390991212,14,0
protection against double jeopardy,34,"34. Restriction on rights conferred by this Part while martial law is in force in any area Notwithstanding anything in the foregoing provisions of this Part, Parliament may by law indemnify any person in the service of the Union or of a State or any other person in respect of any act done by him in connection with the maintenance or restoration of order in any area within the territory of India where martial law was in force or validate any sentence passed, punishment inflicted, forfeiture ordered or other act done under martial law in such area",-10.981523657226562,15,0
protection against double jeopardy,33,"33. Power of Parliament to modify the rights conferred by this Part in their application etc Parliament may, by law, determine to what extent any of the rights conferred by this Part shall, in their application to,",-11.161780203247071,16,0
protection against double jeopardy,46,"46. Promotion of educational and economic interests of Scheduled Castes, Scheduled Tribes and other weaker sections The State shall promote with special care the educational and economic interests of the weaker sections of the people, and, in particular, of the Scheduled Castes and the Scheduled Tribes, and shall protect them from social injustice and all forms of exploitation",-11.162836190795899,17,0
protection against double jeopardy,48A,48A. Protection and improvement of environment and safeguarding of forests and wild life The State shall endeavour to protect and improve the environment and to safeguard the forests and wild life of the country,-11.238839926147461,18,0
protection against double jeopardy,352,352. Proclamation of Emergency,-11.282365606689453,19,0
protection against double jeopardy,48,"48. Organisation of agriculture and animal husbandry The State shall endeavour to organise agriculture and animal husbandry on modern and scientific lines and shall, in particular, take steps for preserving and improving the breeds, and prohibiting the slaughter, of cows and calves and other milch and draught cattle",-11.30703681640625,20,0
protection against double jeopardy,41,"41. Right to work, to education and to public assistance in certain cases The State shall, within the limits of its economic capacity and development, make effective provision for securing the right to work, to education and to public assistance in cases of unemployment, old age, sickness and disablement, and in other cases of undeserved want",-11.362488801574708,21,0
protection against double jeopardy,291,"291. Privy purse sums of Rulers Rep by the Constitution (Twenty sixth Amendment) Act, 1971 , Section 2 CHAPTER II BORROWING",-11.36701578063965,22,0
protection against double jeopardy,42,42. Provision for just and humane conditions of work and maternity relief The State shall make provision for securing just and humane conditions of work and for maternity relief,-11.37916009979248,23,0
protection against double jeopardy,39A,39. A Equal justice and free legal aid,-11.379580480957031,24,0
protection against double jeopardy,43,"43. Living wage, etc, for workers The State shall endeavour to secure, by suitable legislation or economic organisation or in any other way, to all workers, agricultural, industrial or otherwise, work, a living wage, conditions of work ensuring a decent standard of life and full enjoyment of leisure and social and cultural opportunities and, in particular, the State shall endeavour to promote cottage industries on an individual or co operative basis in rural areas",-11.392348696899415,25,0
protection against double jeopardy,193,"193. Penalty for sitting and voting before making oath or affirmation under Article 188 or when not qualified or when disqualified If a person sits or votes as a member of the Legislative Assembly or the Legislative Council of a State before he has complied with the requirements of Article 188, or when he knows that he is not qualified or that he is disqualified for membership thereof, or that he is prohibited from so doing by the provisions of any law made by Parliament or the legislature of the State, he shall be liable in respect of each day on which he so sits or votes to a penalty of five hundred rupees to be recovered as a debt due to the State Powers, Privileges and Immunities of State Legislatures and their Members",-11.41079144744873,26,0
protection against double jeopardy,292,"292. Borrowing by the Government of India The executive power of the Union extends to borrowing upon the security of the Consolidated Fund of India within such limits, if any, as may from time to time be fixed by Parliament by law and to the giving of guarantees within such limits, if any, as may be so fixed",-11.421928399658203,27,0
protection against double jeopardy,329,329. A Special provision as to elections to Parliament in the case of Prime Minister and Speaker Omitted PART XVI SPECIAL PROVISIONS RELATING TO CERTAIN CLASSES,-11.426902641296387,28,0
protection against double jeopardy,104,"104. Penalty for sitting and voting before making oath or affirmation under Article 99 or when not qualified or when disqualified If a person sits or votes as a member of either House of Parliament before he has complied with the requirements of Article 99, or when he knows that he is not qualified or that he is disqualified for membership thereof, or that he is prohibited from so doing by the provisions of any law made by Parliament, he shall be liable in respect of each day on which he so sits or votes to a penalty of five hundred rupees to be recovered as a debt due to the Union Powers, Privileges and Immunities of Parliament and its Members",-11.431474324035644,29,0
protection against double jeopardy,38,38. State to secure a social order for the promotion of welfare of the people,-11.43313567199707,30,0
protection against double jeopardy,51,51. Promotion of international peace and security The State shall endeavour to,-11.458565586853027,31,0
protection against double jeopardy,102,102. Disqualification s for membership,-11.52341660003662,32,0
protection against double jeopardy,338,"338. Special Officer for Scheduled Castes, Scheduled Tribes etc",-11.575223951721192,33,0
protection against double jeopardy,273,273. Grants in lieu of export duty on jute and jute products,-11.592800372314453,34,0
protection against double jeopardy,360,360. Provisions as to financial emergency,-11.599440756225587,35,0
protection against double jeopardy,267,267. Contingency Fund,-11.696224487304688,36,0
protection against double jeopardy,283,"283. Custody, etc of Consolidated Funds, Contingency Funds and moneys credited to the public accounts",-11.798595417785645,37,0
protection against double jeopardy,66,66. Election of Vice President,-11.830372415161133,38,0
protection against double jeopardy,293,293. Borrowing by States,-11.842241264343262,39,0
protection against double jeopardy,310,310. Tenure of office of persons serving the Union or a State,-11.858770962524414,40,0
forced labour prohibition,23,23. Prohibition of traffic in human beings and forced labour,7.264280007934571,1,1
forced labour prohibition,24,"24. Prohibition of employment of children in factories, etc No child below the age of fourteen years shall be employed to work in any factory or mine or engaged in any other hazardous employment Provided that nothing in this sub clause shall authorise the detention of any person beyond the maximum period prescribed by any law made by Parliament under sub clause (b) of clause ( 7 ); or such person is detained in accordance with the provisions of any law made by Parliament under sub clauses (a) and (b) of clause ( 7 )",-4.0942323097229005,2,0
forced labour prohibition,15,"15. Prohibition of discrimination on grounds of religion, race, caste, sex or place of birth",-6.761321365356445,3,0
forced labour prohibition,19,19. Protection of certain rights regarding freedom of speech etc,-8.506098620605469,4,0
forced labour prohibition,17,17. Abolition of Untouchability Untouchability is abolished and its practice in any form is forbidden The enforcement of any disability arising out of Untouchability shall be an offence punishable in accordance with law,-9.639556176757813,5,0
forced labour prohibition,22,22. Protection against arrest and detention in certain cases,-9.721614582824706,6,0
forced labour prohibition,16,16. Equality of opportunity in matters of public employment,-9.886791714477539,7,0
forced labour prohibition,43,"43. Living wage, etc, for workers The State shall endeavour to secure, by suitable legislation or economic organisation or in any other way, to all workers, agricultural, industrial or otherwise, work, a living wage, conditions of work ensuring a decent standard of life and full enjoyment of leisure and social and cultural opportunities and, in particular, the State shall endeavour to promote cottage industries on an individual or co operative basis in rural areas",-10.300361087036134,8,0
forced labour prohibition,39,"39. Certain principles of policy to be followed by the State: The State shall, in particular, direct its policy towards securing",-10.587641723632812,9,0
forced labour prohibition,356,356. Provisions in case of failure of constitutional machinery in State,-10.91916198425293,10,0
forced labour prohibition,360,360. Provisions as to financial emergency,-11.02789610900879,11,0
forced labour prohibition,359,359. Suspension of the enforcement of the rights conferred by Part III during emergencies,-11.032691766357422,12,0
forced labour prohibition,41,"41. Right to work, to education and to public assistance in certain cases The State shall, within the limits of its economic capacity and development, make effective provision for securing the right to work, to education and to public assistance in cases of unemployment, old age, sickness and disablement, and in other cases of undeserved want",-11.067954118347169,13,0
forced labour prohibition,323B,323B. Tribunals for other matters,-11.168789022827148,14,0
forced labour prohibition,13,13. Laws inconsistent with or in derogation of the fundamental rights,-11.216874313354491,15,0
forced labour prohibition,311,"311. Dismissal, removal or reduction in rank of persons employed in civil capacities under the Union or a State",-11.245718640136719,16,0
forced labour prohibition,303,303. Restrictions on the legislative powers of the Union and of the States with regard to trade and commerce,-11.273027291870116,17,0
forced labour prohibition,42,42. Provision for just and humane conditions of work and maternity relief The State shall make provision for securing just and humane conditions of work and for maternity relief,-11.281763249206543,18,0
forced labour prohibition,46,"46. Promotion of educational and economic interests of Scheduled Castes, Scheduled Tribes and other weaker sections The State shall promote with special care the educational and economic interests of the weaker sections of the people, and, in particular, of the Scheduled Castes and the Scheduled Tribes, and shall protect them from social injustice and all forms of exploitation",-11.327549096679688,19,0
forced labour prohibition,306,"306. Power of certain States in Part B of the First Schedule to impose restrictions on trade and commerce Rep by the Constitution (Seventh Amendment) Act, 1956 , Section 29 and Schedule",-11.364580749511719,20,0
forced labour prohibition,373,"373. Power of President to make order in respect of persons under preventive detention in certain cases Until provision is made by Parliament under clause ( 7 ) of Article 22, or until the expiration of one year from the commencement of this Constitution, whichever is earlier, the said article shall have effect as if for any reference to Parliament in clauses ( 4 ) and ( 7 ) thereof there were substituted a reference to the Parliament in those clauses there were substituted a reference to an order made by the President",-11.36669114074707,21,0
forced labour prohibition,304,"304. Restrictions on trade, commerce and intercourse among States Notwithstanding anything in Article 301 or Article 303, the Legislature of a State may by law",-11.390947006225586,22,0
forced labour prohibition,257,257. A Assistance to States by deployment of armed forces or other forces of the Union Omitted,-11.434954125976562,23,0
forced labour prohibition,352,352. Proclamation of Emergency,-11.48046283569336,24,0
forced labour prohibition,305,"305. Saving of existing laws and laws providing for State monopolies Nothing in Articles 301 and 303 shall affect the provisions of any existing law except in so far as the President may be order otherwise direct; and nothing in Article 301 shall affect the operation of any law made before the commencement of the Constitution (Fourth Amendment) Act, 1955 , in so far as it relates to, or prevent Parliament or the Legislature of a State from making any law relating to, any such matter as is referred to in sub clause (ii) of clause ( 6 ) of Article 19",-11.493505899047852,25,0
forced labour prohibition,312A,312A. Power of Parliament to vary or revoke conditions of service of officers of certain services,-11.555305960083007,26,0
forced labour prohibition,339,339. Control of the Union over the administration of Scheduled Areas and the welfare of Scheduled Tribes,-11.571815216064453,27,0
forced labour prohibition,341,341. Scheduled Castes,-11.590219717407226,28,0
forced labour prohibition,369,"369. Temporary power to Parliament to make laws with respect to certain matters in the State List as if they were matters in the Concurrent List Notwithstanding anything in this Constitution, Parliament shall, during a period of five years from the commencement of this constitution, have power to make laws with respect to the following matters as if they were enumerated in the Concurrent List, namely:",-11.596121356201172,29,0
forced labour prohibition,276,"276. Taxes on professions, trades, callings and employments",-11.627696755981445,30,0
forced labour prohibition,342,342. Scheduled Tribes,-11.629360287475587,31,0
forced labour prohibition,191,191. Disqualifications for membership,-11.71065132446289,32,0
forced labour prohibition,353,"353. Effect of Proclamation of Emergency While a Proclamation of Emergency is in operation, then",-11.770913558959961,33,0
forced labour prohibition,288,288. Exemption from taxation by States in respect of water or electricity in certain cases,-11.801147257995606,34,0
forced labour prohibition,358,358. Suspension of provisions of Article 19 during emergencies,-11.821593772888184,35,0
forced labour prohibition,370,370. Temporary provisions with respect to the State of Jammu and Kashmir,-11.831101492309571,36,0
forced labour prohibition,372,372. Continuance in force of existing laws and their adaptation,-11.835438990783691,37,0
forced labour prohibition,213,213. Power of Governor to promulgate Ordinances during recess of Legislature,-11.895358093261718,38,0
forced labour prohibition,243T,243T. Reservation of seats,-11.928009344482422,39,0
forced labour prohibition,371D,371D. Special provisions with respect to the state of Andhra Pradesh,-13.443304998779297,40,0
child labour prohibition,24,"24. Prohibition of employment of children in factories, etc No child below the age of fourteen years shall be employed to work in any factory or mine or engaged in any other hazardous employment Provided that nothing in this sub clause shall authorise the detention of any person beyond the maximum period prescribed by any law made by Parliament under sub clause (b) of clause ( 7 ); or such person is detained in accordance with the provisions of any law made by Parliament under sub clauses (a) and (b) of clause ( 7 )",3.2911126724243163,1,1
child labour prohibition,23,23. Prohibition of traffic in human beings and forced labour,-0.06575991048812868,2,0
child labour prohibition,15,"15. Prohibition of discrimination on grounds of religion, race, caste, sex or place of birth",-3.9906590576171874,3,0
child labour prohibition,14,"14. Equality before law The State shall not deny to any person equality before the law or the equal protection of the laws within the territory of India Prohibition of discrimination on grounds of religion, race, caste, sex or place of birth",-8.727328993225097,4,0
child labour prohibition,19,19. Protection of certain rights regarding freedom of speech etc,-8.816766612243653,5,0
child labour prohibition,17,17. Abolition of Untouchability Untouchability is abolished and its practice in any form is forbidden The enforcement of any disability arising out of Untouchability shall be an offence punishable in accordance with law,-9.71108747253418,6,0
child labour prohibition,16,16. Equality of opportunity in matters of public employment,-9.809390553283691,7,0
child labour prohibition,45,"45. Provision for free and compulsory education for children The State shall endeavour to provide, within a period of ten years from the commencement of this Constitution, for free and compulsory education for all children until they complete the age of fourteen years",-10.543411585998536,8,0
child labour prohibition,43,"43. Living wage, etc, for workers The State shall endeavour to secure, by suitable legislation or economic organisation or in any other way, to all workers, agricultural, industrial or otherwise, work, a living wage, conditions of work ensuring a decent standard of life and full enjoyment of leisure and social and cultural opportunities and, in particular, the State shall endeavour to promote cottage industries on an individual or co operative basis in rural areas",-10.692718913269044,9,0
child labour prohibition,39,"39. Certain principles of policy to be followed by the State: The State shall, in particular, direct its policy towards securing",-10.940190322875976,10,0
child labour prohibition,41,"41. Right to work, to education and to public assistance in certain cases The State shall, within the limits of its economic capacity and development, make effective provision for securing the right to work, to education and to public assistance in cases of unemployment, old age, sickness and disablement, and in other cases of undeserved want",-10.984585816955567,11,0
child labour prohibition,25,"25. Freedom of conscience and free profession, practice and propagation of religion",-11.154962512207032,12,0
child labour prohibition,48,"48. Organisation of agriculture and animal husbandry The State shall endeavour to organise agriculture and animal husbandry on modern and scientific lines and shall, in particular, take steps for preserving and improving the breeds, and prohibiting the slaughter, of cows and calves and other milch and draught cattle",-11.155610501098632,13,0
child labour prohibition,42,42. Provision for just and humane conditions of work and maternity relief The State shall make provision for securing just and humane conditions of work and for maternity relief,-11.187339001464844,14,0
child labour prohibition,13,13. Laws inconsistent with or in derogation of the fundamental rights,-11.279155921936034,15,0
child labour prohibition,35,"35. Legislation to give effect to the provisions of this Part Notwithstanding anything in this Constitution,",-11.298180990600587,16,0
child labour prohibition,46,"46. Promotion of educational and economic interests of Scheduled Castes, Scheduled Tribes and other weaker sections The State shall promote with special care the educational and economic interests of the weaker sections of the people, and, in particular, of the Scheduled Castes and the Scheduled Tribes, and shall protect them from social injustice and all forms of exploitation",-11.355696794128418,17,0
child labour prohibition,302,"302. Power of Parliament to impose restrictions on trade, commerce and intercourse Parliament may by law impose such restrictions on the freedom of trade, commerce or intercourse between one State and another or within any part of the territory of India as may be required in the public interest",-11.373855560302735,18,0
child labour prohibition,306,"306. Power of certain States in Part B of the First Schedule to impose restrictions on trade and commerce Rep by the Constitution (Seventh Amendment) Act, 1956 , Section 29 and Schedule",-11.433155654907226,19,0
child labour prohibition,323B,323B. Tribunals for other matters,-11.436096304321289,20,0
child labour prohibition,257,257. A Assistance to States by deployment of armed forces or other forces of the Union Omitted,-11.469409425354003,21,0
child labour prohibition,304,"304. Restrictions on trade, commerce and intercourse among States Notwithstanding anything in Article 301 or Article 303, the Legislature of a State may by law",-11.499620101928711,22,0
child labour prohibition,303,303. Restrictions on the legislative powers of the Union and of the States with regard to trade and commerce,-11.523136964416503,23,0
child labour prohibition,305,"305. Saving of existing laws and laws providing for State monopolies Nothing in Articles 301 and 303 shall affect the provisions of any existing law except in so far as the President may be order otherwise direct; and nothing in Article 301 shall affect the operation of any law made before the commencement of the Constitution (Fourth Amendment) Act, 1955 , in so far as it relates to, or prevent Parliament or the Legislature of a State from making any law relating to, any such matter as is referred to in sub clause (ii) of clause ( 6 ) of Article 19",-11.530982438659668,24,0
child labour prohibition,359,359. Suspension of the enforcement of the rights conferred by Part III during emergencies,-11.572223474121094,25,0
child labour prohibition,251,"251. Inconsistency between laws made by Parliament under Articles 249 and 250 and laws made by the Legislatures of States Nothing in Articles 249 and 250 shall restrict the power of the Legislature of a State to make any law which under this Constitution it has power to make, but if any provision of a law made by the legislature of a State is repugnant to any provision of a law made by Parliament which Parliament has under either of the said articles power to make, the law made by Parliament, whether passed before or after the law made by the legislature of the State, shall prevail, and the law made by the Legislature of the State shall to the extent of the repugnancy, but so long only as the law made by Parliament continues to have effect, be inoperative",-11.584668403625487,26,0
child labour prohibition,334,"334. Reservation of seats and special representation to cease after forty years Notwithstanding anything in the foregoing provisions of this Part, the provisions of Constitution relating to",-11.652159634399414,27,0
child labour prohibition,276,"276. Taxes on professions, trades, callings and employments",-11.712059739685058,28,0
child labour prohibition,243Z,243Z. C Part not to apply to certain areas,-11.713053477478027,29,0
child labour prohibition,287,"287. Exemption from taxes on electricity Save in so far as Parliament may by law otherwise provide, no law of a State shall impose, or authorise the imposition of, a tax on the consumption or sale of electricity (whether produced by a Government or other persons) which is",-11.71551789855957,30,0
child labour prohibition,191,191. Disqualifications for membership,-11.73440735168457,31,0
child labour prohibition,369,"369. Temporary power to Parliament to make laws with respect to certain matters in the State List as if they were matters in the Concurrent List Notwithstanding anything in this Constitution, Parliament shall, during a period of five years from the commencement of this constitution, have power to make laws with respect to the following matters as if they were enumerated in the Concurrent List, namely:",-11.758935496520996,32,0
child labour prohibition,352,352. Proclamation of Emergency,-11.801137731933593,33,0
child labour prohibition,312A,312A. Power of Parliament to vary or revoke conditions of service of officers of certain services,-11.845951559448242,34,0
child labour prohibition,288,288. Exemption from taxation by States in respect of water or electricity in certain cases,-11.857787882995606,35,0
child labour prohibition,312,312. All India Services,-11.864195594787597,36,0
child labour prohibition,358,358. Suspension of provisions of Article 19 during emergencies,-11.919769775390625,37,0
child labour prohibition,243T,243T. Reservation of seats,-11.951293302917481,38,0
child labour prohibition,370,370. Temporary provisions with respect to the State of Jammu and Kashmir,-11.978438452148438,39,0
child labour prohibition,243M,243M. Part not to apply to certain areas,-11.978990802001952,40,0
freedom to form associations,19,19. Protection of certain rights regarding freedom of speech etc,0.9138821437835694,1,1
freedom to form associations,26,"26. Freedom to manage religious affairs Subject to public order, morality and health, every religious denomination or any section thereof shall have the right",-4.2917400390625,2,0
freedom to form associations,25,"25. Freedom of conscience and free profession, practice and propagation of religion",-4.741333934020997,3,0
freedom to form associations,28,28. Freedom as to attendance at religious instruction or religious worship in certain educational institutions,-4.805034051513672,4,0
freedom to form associations,194,"194. Powers, privileges, etc, of the House of Legislatures and of the members and committees thereof",-8.629647958374024,5,0
freedom to form associations,301,"301. Freedom of trade, commerce and intercourse Subject to the other provisions of this Part, trade, commerce and intercourse throughout the territory of India shall be free",-8.74940248413086,6,0
freedom to form associations,30,30. Right of minorities to establish and administer educational institutions,-8.753683432006836,7,0
freedom to form associations,244A,244A. Formation of an autonomous State comprising certain tribal areas in Assam and creation of local Legislature or Council of Ministers or both therefor,-8.813731719970702,8,0
freedom to form associations,105,"105. Powers, privileges, etc of the Houses of Parliament and of the members and committees thereof",-9.927574533081055,9,0
freedom to form associations,31A,"31A. Saving of laws providing for acquisition of estates, etc ( 1 ) Notwithstanding anything contained in Article 13, no law providing for",-10.011060525512695,10,0
freedom to form associations,302,"302. Power of Parliament to impose restrictions on trade, commerce and intercourse Parliament may by law impose such restrictions on the freedom of trade, commerce or intercourse between one State and another or within any part of the territory of India as may be required in the public interest",-10.077089279174805,11,0
freedom to form associations,15,"15. Prohibition of discrimination on grounds of religion, race, caste, sex or place of birth",-10.142379104614259,12,0
freedom to form associations,304,"304. Restrictions on trade, commerce and intercourse among States Notwithstanding anything in Article 301 or Article 303, the Legislature of a State may by law",-10.181901596069336,13,0
freedom to form associations,39A,39. A Equal justice and free legal aid,-10.226471884155274,14,0
freedom to form associations,323,"323. A Administrative tribunals Parliament may, by law, provide for the adjudication or trial by administrative tribunals of disputes and complaints with respect to recruitment and conditions of service of persons appointed to public services and posts in connection with the affairs of the Union or of any State or of any local or other authority within the territory of India or under the control of the Government of India or of any corporation owned or controlled by the Government",-10.278721087646485,15,0
freedom to form associations,326,"326. Elections to the House of the People and to the Legislative Assemblies of States to be on the basis of adult suffrage The elections to the House of the People and to the Legislative Assembly of every State shall be on the basis of adult suffrage; but is to say, every person who is a citizen of India and who is not less than twenty one years of age on such date as may be fixed in that behalf by or under any law made by the appropriate legislature and is not otherwise disqualified under this constitution or any law made by the appropriate Legislature on the ground of non residence, unsoundness of mind, crime or corrupt or illegal practice, shall be entitled to be registered as a voter at any such election",-10.32369956665039,16,0
freedom to form associations,253,"253. Legislation for giving effect to international agreements Notwithstanding anything in the foregoing provisions of this Chapter, Parliament has power to make any law for the whole or any part of the territory of India for implementing any treaty, agreement or convention with any other country or countries or any decision made at any international conference, association or other body",-10.413858276367188,17,0
freedom to form associations,41,"41. Right to work, to education and to public assistance in certain cases The State shall, within the limits of its economic capacity and development, make effective provision for securing the right to work, to education and to public assistance in cases of unemployment, old age, sickness and disablement, and in other cases of undeserved want",-10.691087777709962,18,0
freedom to form associations,3,"3. Formation of new States and alteration of areas, boundaries or names of existing States: Parliament may by law",-10.72772253112793,19,0
freedom to form associations,33,"33. Power of Parliament to modify the rights conferred by this Part in their application etc Parliament may, by law, determine to what extent any of the rights conferred by this Part shall, in their application to,",-10.789498175048829,20,0
freedom to form associations,303,303. Restrictions on the legislative powers of the Union and of the States with regard to trade and commerce,-10.801949372863769,21,0
freedom to form associations,298,"298. Power to carry on trade, etc The executive power of the Union and of each State shall extend to the carrying on of any trade or business and to the acquisition, holding and disposal of property and the making of contracts for any purpose: Provided that (a) the said executive power of the Union shall, in so far as such trade or business or such purpose is not one with respect to which Parliament may make laws, be subject in each State to legislation by the State; and",-10.922403988647462,22,0
freedom to form associations,191,191. Disqualifications for membership,-11.011890338134766,23,0
freedom to form associations,369,"369. Temporary power to Parliament to make laws with respect to certain matters in the State List as if they were matters in the Concurrent List Notwithstanding anything in this Constitution, Parliament shall, during a period of five years from the commencement of this constitution, have power to make laws with respect to the following matters as if they were enumerated in the Concurrent List, namely:",-11.034458682250976,24,0
freedom to form associations,336,336. Special provision for Anglo Indian community in certain services,-11.080356787109375,25,0
freedom to form associations,169,169. Abolition or creation of Legislative Councils in States,-11.094940963745117,26,0
freedom to form associations,263,263. Provisions with respect to an inter State Council If any any time it appears to the President that the public interests would be served by the establishment of a Council charged with the duty of,-11.182350537109375,27,0
freedom to form associations,252,252. Power of Parliament to legislate for two or more States by consent and adoption of such legislation by any other State,-11.300720175170898,28,0
freedom to form associations,11,11. Parliament to regulate the right of citizenship by law Nothing in the foregoing provisions of this Part shall derogate from the power of Parliament to make any provision with respect to the acquisition and termination of citizenship and all other matters relating to citizenship PART III FUNDAMENTAL RIGHTS General,-11.325678698730469,29,0
freedom to form associations,282,"282. Expenditure defrayable by the Union or a State out of its revenues The Union or a State may make any grants for any public purpose, notwithstanding that the purpose is not one with respect to which Parliament or the Legislature of the State, as the case may be, may make laws",-11.339752685546875,30,0
freedom to form associations,2,"2. Admission or establishment of new States: Parliament may by law admit into the Union, or establish, new States on such terms and conditions, as it thinks fit",-11.381689895629883,31,0
freedom to form associations,305,"305. Saving of existing laws and laws providing for State monopolies Nothing in Articles 301 and 303 shall affect the provisions of any existing law except in so far as the President may be order otherwise direct; and nothing in Article 301 shall affect the operation of any law made before the commencement of the Constitution (Fourth Amendment) Act, 1955 , in so far as it relates to, or prevent Parliament or the Legislature of a State from making any law relating to, any such matter as is referred to in sub clause (ii) of clause ( 6 ) of Article 19",-11.385733071899415,32,0
freedom to form associations,363,"363. Bar to interference by courts in disputes arising out of certain treaties, agreements, etc",-11.418515036010742,33,0
freedom to form associations,323B,323B. Tribunals for other matters,-11.429432981872559,34,0
freedom to form associations,240,240. Power of President to make regulations for certain Union territories,-11.43542212677002,35,0
freedom to form associations,289,289. Exemption of property and income of a State from Union taxation,-11.447268356323242,36,0
freedom to form associations,329,329. Bar to interference by courts in electoral matters Notwithstanding anything in this Constitution,-11.49827739868164,37,0
freedom to form associations,243Z,"243Z. G Bar to interference by courts in electoral matters Notwithstanding anything in this Constitution,",-11.504098951721192,38,0
freedom to form associations,371G,"371G. Special provision with respect to the State of Mizoram Notwithstanding anything in this Constitution,",-11.515250909423829,39,0
freedom to form associations,364,364. Special provisions as to major ports and aerodromes,-11.669037127685547,40,0
citizenship by birth,5,5. Citizenship at the commencement of the Constitution At the commencement of this Constitution every person who has his domicile in the territory of India and,-0.37224310998916627,1,1
citizenship by birth,8,"8. Rights of citizenship of certain persons of India origin residing outside India Notwithstanding anything in Article 5, any person who or either of whose parents or any of whose grand parents was born in India as defined in the Government of India Act, 1935 (as originally enacted), and who is ordinarily residing in any country outside India as so defined shall be deemed to be a citizen of India if he has been registered as a citizen of India by the diplomatic or consular representative of India in the country where he is for the time being residing on an application made by him therefor to such diplomatic or consular representative, whether before or after the commencement of this Constitution, in the form and manner prescribed by the Government of the Dominion of India or the Government of India",-1.4129077850341796,2,0
citizenship by birth,6,"6. Rights of citizenship of certain persons who have migrated to India from Pakistan Notwithstanding anything in Article 5, a person who has migrated to the territory of India from the territory now included in Pakistan shall be deemed to be a citizen of India at the commencement of this Constitution if",-4.13325008468628,3,0
citizenship by birth,15,"15. Prohibition of discrimination on grounds of religion, race, caste, sex or place of birth",-4.868824779510498,4,0
citizenship by birth,16,16. Equality of opportunity in matters of public employment,-5.205390461730957,5,0
citizenship by birth,10,"10. Continuance of the rights of citizenship Every person who is or is deemed to be a citizen of India under any of the foregoing provisions of this Part shall, subject to the provisions of any law that may be made by Parliament, continue to be such citizen",-5.797093975830078,6,0
citizenship by birth,9,"9. Person voluntarily acquiring citizenship of a foreign State not to be citizens No person shall be a citizen of India by virtue of Article 5, or be deemed to be a citizen of India by virtue of Article 6 or Article 8, if he has voluntarily acquired the citizenship of any foreign State",-5.905842394256592,7,0
citizenship by birth,11,11. Parliament to regulate the right of citizenship by law Nothing in the foregoing provisions of this Part shall derogate from the power of Parliament to make any provision with respect to the acquisition and termination of citizenship and all other matters relating to citizenship PART III FUNDAMENTAL RIGHTS General,-6.680584780883789,8,0
citizenship by birth,7,"7. Rights of citizenship of certain migrants to Pakistan Notwithstanding anything in Articles 5 and 6, a person who has after the first day of March, 1947 , migrated from the territory of India to the territory now included in Pakistan shall not be deemed to be a citizen of India: Provided that nothing in this article shall apply to a person who, after having so migrated to the territory now included in Pakistan, has returned to the territory of India under a permit for resettlement or permanent return issued by or under the authority of any law and every such person shall for the purposes of clause (b) of Article 6 be deemed to have migrated to the territory of India after the nineteenth day of July, 1948",-7.735732780456543,9,0
citizenship by birth,14,"14. Equality before law The State shall not deny to any person equality before the law or the equal protection of the laws within the territory of India Prohibition of discrimination on grounds of religion, race, caste, sex or place of birth",-8.19143936767578,10,0
citizenship by birth,326,"326. Elections to the House of the People and to the Legislative Assemblies of States to be on the basis of adult suffrage The elections to the House of the People and to the Legislative Assembly of every State shall be on the basis of adult suffrage; but is to say, every person who is a citizen of India and who is not less than twenty one years of age on such date as may be fixed in that behalf by or under any law made by the appropriate legislature and is not otherwise disqualified under this constitution or any law made by the appropriate Legislature on the ground of non residence, unsoundness of mind, crime or corrupt or illegal practice, shall be entitled to be registered as a voter at any such election",-8.516893002319335,11,0
citizenship by birth,102,102. Disqualification s for membership,-9.822682461547851,12,0
citizenship by birth,29,29. Protection of interests of minorities,-9.91342809753418,13,0
citizenship by birth,84,84. Qualification for membership of Parliament A person shall not be qualified to be chosen to fill a seat in Parliament unless he,-10.221250305175781,14,0
citizenship by birth,58,58. Qualifications for election as President,-10.230928495788575,15,0
citizenship by birth,173,173. Qualification for membership of the State Legislature A person shall not be qualified to be chosen to fill a seat in the Legislature of a State unless he,-10.364339515686035,16,0
citizenship by birth,157,157. Qualifications for appointment as Governor No person shall be eligible for appointment as Governor unless he is a citizen of India and has completed the age of thirty five years,-10.608051617431641,17,0
citizenship by birth,296,"296. Property accruing by escheat or lapse or as bona vacantia Subject as hereinafter provided any property in the territory of India which, if this Constitution had not come into operation, would have accrued to His Majesty or, as the case may be, to the Ruler of an Indian State by escheat or lapse, or as bona vacantia for want of a rightful owner, shall, if it is property situate in a State, vest in such State, and shall, in any other case, vest in the Union: Provided that any property which at the date when it wouldhave so accrued to His Majesty or to the Ruler of an Indian State was in the possession or under the control of the Government of India or the Government of a State shall, according as the purposes for which it was then used or held were purposes of the Union or a State, vest in the Union or in that State Explanation In the article, the expressions Ruler and Indian State have the same meanings as in Article 363",-10.659118380737304,18,0
citizenship by birth,243C,243C. Composition of Panchayats,-10.953235392761231,19,0
citizenship by birth,325,"325. No person to be ineligible for inclusion in, or to claim to be included in a special, electoral roll on grounds of religion, race, caste or sex There shall be one general electoral roll for every territorial constituency for election to either House of Parliament or to the House or either House of the Legislature of a State and no person shall be ineligible for inclusion in any such roll or claim to be included in any special electoral roll for any such constituency on grounds only of religion, race, caste, sex or any of them",-11.003975576782226,20,0
citizenship by birth,44,44. Uniform civil code for the citizens The State shall endeavour to secure for the citizens a uniform civil code throughout the territory of India,-11.046889561462402,21,0
citizenship by birth,336,336. Special provision for Anglo Indian community in certain services,-11.14787883605957,22,0
citizenship by birth,45,"45. Provision for free and compulsory education for children The State shall endeavour to provide, within a period of ten years from the commencement of this Constitution, for free and compulsory education for all children until they complete the age of fourteen years",-11.161132189941407,23,0
citizenship by birth,2,"2. Admission or establishment of new States: Parliament may by law admit into the Union, or establish, new States on such terms and conditions, as it thinks fit",-11.257196296691895,24,0
citizenship by birth,54,54. Election of President The President shall be elected by the members of an electoral college consisting of the elected members of both Houses of Parliament; and the elected members of the Legislative Assemblies of the States,-11.281679821777344,25,0
citizenship by birth,79,79. Constitution of Parliament There shall be a Parliament for the Union which shall consist of the President and two Houses to be known respectively as the council of States and the House of the People,-11.295664730834961,26,0
citizenship by birth,334,"334. Reservation of seats and special representation to cease after forty years Notwithstanding anything in the foregoing provisions of this Part, the provisions of Constitution relating to",-11.309712353515625,27,0
citizenship by birth,393,393. Short title This Constitution may be called the Constitution of India,-11.322825288391114,28,0
citizenship by birth,82,"82. Readjustment after each census Upon the completion of each census, the allocation of seats in the House of the People to the States and the division of each State into territorial constituencies shall be readjusted by such authority and in such manner as Parliament may by law determine: Provided that such readjustment shall not affect representation in the House of the People until the dissolution of the then existing House: Provided further that such readjustment shall take effect from such date as President may, by order, specify and until such readjustment takes effect, any election to the House may be held on the basis of the territorial constituencies existing before such readjustment: Provided also that until the relevant figures for the first census taken after the year 2000 have been published, it shall not be necessary to readjust the allocation of seats in the House of the People to the States and the division of each State into territorial constituencies under this article",-11.35981107788086,29,0
citizenship by birth,243F,243F. Disqualifications for membership,-11.412354098510741,30,0
citizenship by birth,341,341. Scheduled Castes,-11.423099737548828,31,0
citizenship by birth,243B,243B. Constitution of Panchayats,-11.467253341674805,32,0
citizenship by birth,239,239. A Creation of local Legislatures or Council of Ministers or both for certain Union territories,-11.515663232421876,33,0
citizenship by birth,342,342. Scheduled Tribes,-11.552816479492188,34,0
citizenship by birth,312,312. All India Services,-11.55325771331787,35,0
citizenship by birth,3,"3. Formation of new States and alteration of areas, boundaries or names of existing States: Parliament may by law",-11.652274494934082,36,0
citizenship by birth,366,"366. Definition In this Constitution, unless the context otherwise requires, the following expressions have l, the meanings hereby respectively assigned to them, that is to say",-11.719595922851562,37,0
citizenship by birth,55,55. Manner of election of President,-11.771548635864258,38,0
citizenship by birth,81,81. Composition of the House of the People,-11.786676811218262,39,0
citizenship by birth,330,330. Reservation of seats for Scheduled Castes and Scheduled Tribes in the House of the People,-11.81270863494873,40,0
migrants from pakistan citizenship,7,"7. Rights of citizenship of certain migrants to Pakistan Notwithstanding anything in Articles 5 and 6, a person who has after the first day of March, 1947 , migrated from the territory of India to the territory now included in Pakistan shall not be deemed to be a citizen of India: Provided that nothing in this article shall apply to a person who, after having so migrated to the territory now included in Pakistan, has returned to the territory of India under a permit for resettlement or permanent return issued by or under the authority of any law and every such person shall for the purposes of clause (b) of Article 6 be deemed to have migrated to the territory of India after the nineteenth day of July, 1948",6.651485694885254,1,0
migrants from pakistan citizenship,6,"6. Rights of citizenship of certain persons who have migrated to India from Pakistan Notwithstanding anything in Article 5, a person who has migrated to the territory of India from the territory now included in Pakistan shall be deemed to be a citizen of India at the commencement of this Constitution if",3.982301387023926,2,1
migrants from pakistan citizenship,19,19. Protection of certain rights regarding freedom of speech etc,-8.295732371520996,3,0
migrants from pakistan citizenship,8,"8. Rights of citizenship of certain persons of India origin residing outside India Notwithstanding anything in Article 5, any person who or either of whose parents or any of whose grand parents was born in India as defined in the Government of India Act, 1935 (as originally enacted), and who is ordinarily residing in any country outside India as so defined shall be deemed to be a citizen of India if he has been registered as a citizen of India by the diplomatic or consular representative of India in the country where he is for the time being residing on an application made by him therefor to such diplomatic or consular representative, whether before or after the commencement of this Constitution, in the form and manner prescribed by the Government of the Dominion of India or the Government of India",-8.806930726623536,4,0
migrants from pakistan citizenship,9,"9. Person voluntarily acquiring citizenship of a foreign State not to be citizens No person shall be a citizen of India by virtue of Article 5, or be deemed to be a citizen of India by virtue of Article 6 or Article 8, if he has voluntarily acquired the citizenship of any foreign State",-9.221791357421875,5,0
migrants from pakistan citizenship,16,16. Equality of opportunity in matters of public employment,-9.376705654907227,6,0
migrants from pakistan citizenship,10,"10. Continuance of the rights of citizenship Every person who is or is deemed to be a citizen of India under any of the foregoing provisions of this Part shall, subject to the provisions of any law that may be made by Parliament, continue to be such citizen",-9.597125637817383,7,0
migrants from pakistan citizenship,14,"14. Equality before law The State shall not deny to any person equality before the law or the equal protection of the laws within the territory of India Prohibition of discrimination on grounds of religion, race, caste, sex or place of birth",-9.628887869262694,8,0
migrants from pakistan citizenship,5,5. Citizenship at the commencement of the Constitution At the commencement of this Constitution every person who has his domicile in the territory of India and,-9.813861492919921,9,0
migrants from pakistan citizenship,29,29. Protection of interests of minorities,-9.921831875610351,10,0
migrants from pakistan citizenship,11,11. Parliament to regulate the right of citizenship by law Nothing in the foregoing provisions of this Part shall derogate from the power of Parliament to make any provision with respect to the acquisition and termination of citizenship and all other matters relating to citizenship PART III FUNDAMENTAL RIGHTS General,-10.56233298034668,11,0
migrants from pakistan citizenship,326,"326. Elections to the House of the People and to the Legislative Assemblies of States to be on the basis of adult suffrage The elections to the House of the People and to the Legislative Assembly of every State shall be on the basis of adult suffrage; but is to say, every person who is a citizen of India and who is not less than twenty one years of age on such date as may be fixed in that behalf by or under any law made by the appropriate legislature and is not otherwise disqualified under this constitution or any law made by the appropriate Legislature on the ground of non residence, unsoundness of mind, crime or corrupt or illegal practice, shall be entitled to be registered as a voter at any such election",-10.672347637939453,12,0
migrants from pakistan citizenship,102,102. Disqualification s for membership,-10.936074337768554,13,0
migrants from pakistan citizenship,33,"33. Power of Parliament to modify the rights conferred by this Part in their application etc Parliament may, by law, determine to what extent any of the rights conferred by this Part shall, in their application to,",-10.974545324707032,14,0
migrants from pakistan citizenship,44,44. Uniform civil code for the citizens The State shall endeavour to secure for the citizens a uniform civil code throughout the territory of India,-11.11389090423584,15,0
migrants from pakistan citizenship,51A,"51A. Fundamental duties It shall be the duty of every citizen of India (a) to abide by the Constitution and respect its ideals and institutions, the national Flag and the National Anthem;",-11.145865042114258,16,0
migrants from pakistan citizenship,157,157. Qualifications for appointment as Governor No person shall be eligible for appointment as Governor unless he is a citizen of India and has completed the age of thirty five years,-11.159111340332032,17,0
migrants from pakistan citizenship,2A,"2A. Sikkim to be associated with the Union Rep by the Constitution Thirty six Amendment Act, 1975 , Section 5 (w e f 26 04 1975 )",-11.195639154052735,18,0
migrants from pakistan citizenship,242,"242. Coorg Rep by the Constitution (Seventh Amendment) Act, 1956 , Section 29 and Schedule PART IX THE PANCHAYATS",-11.243285784912109,19,0
migrants from pakistan citizenship,84,84. Qualification for membership of Parliament A person shall not be qualified to be chosen to fill a seat in Parliament unless he,-11.24794937133789,20,0
migrants from pakistan citizenship,2,"2. Admission or establishment of new States: Parliament may by law admit into the Union, or establish, new States on such terms and conditions, as it thinks fit",-11.261066307067871,21,0
migrants from pakistan citizenship,371F,"371F. Special provisions with respect to the State of Sikkim Notwithstanding anything in this Constitution,",-11.285297845458985,22,0
migrants from pakistan citizenship,173,173. Qualification for membership of the State Legislature A person shall not be qualified to be chosen to fill a seat in the Legislature of a State unless he,-11.30747477722168,23,0
migrants from pakistan citizenship,243B,243B. Constitution of Panchayats,-11.315101280212403,24,0
migrants from pakistan citizenship,393,393. Short title This Constitution may be called the Constitution of India,-11.341480111694336,25,0
migrants from pakistan citizenship,58,58. Qualifications for election as President,-11.342137411499024,26,0
migrants from pakistan citizenship,103,103. Decision on questions as to disqualifications of members,-11.36808194732666,27,0
migrants from pakistan citizenship,336,336. Special provision for Anglo Indian community in certain services,-11.407133291625977,28,0
migrants from pakistan citizenship,243F,243F. Disqualifications for membership,-11.458931552124023,29,0
migrants from pakistan citizenship,343,343. Official language of the Union,-11.523237405395507,30,0
migrants from pakistan citizenship,164,164. Other provisions as to Ministers,-11.54844156036377,31,0
migrants from pakistan citizenship,66,66. Election of Vice President,-11.55992373046875,32,0
migrants from pakistan citizenship,243D,243D. Reservation of seats,-11.583131765747071,33,0
migrants from pakistan citizenship,312,312. All India Services,-11.619909057617187,34,0
migrants from pakistan citizenship,243C,243C. Composition of Panchayats,-11.625317340087891,35,0
migrants from pakistan citizenship,243Q,243Q. Constitution of Municipalities,-11.679192880249023,36,0
migrants from pakistan citizenship,378,378. Provisions as to Public Service Commissions,-11.703965226745606,37,0
migrants from pakistan citizenship,330,330. Reservation of seats for Scheduled Castes and Scheduled Tribes in the House of the People,-11.768066186523438,38,0
migrants from pakistan citizenship,320,320. Functions of Public Service Commissions,-12.106664712524415,39,0
migrants from pakistan citizenship,366,"366. Definition In this Constitution, unless the context otherwise requires, the following expressions have l, the meanings hereby respectively assigned to them, that is to say",-13.250353826904297,40,0
foreign citizenship disqualification,102,102. Disqualification s for membership,3.5992745544433595,1,0
foreign citizenship disqualification,191,191. Disqualifications for membership,3.322858645248413,2,0
foreign citizenship disqualification,9,"9. Person voluntarily acquiring citizenship of a foreign State not to be citizens No person shall be a citizen of India by virtue of Article 5, or be deemed to be a citizen of India by virtue of Article 6 or Article 8, if he has voluntarily acquired the citizenship of any foreign State",-2.2760463661193846,3,1
foreign citizenship disqualification,243V,243V. Disqualifications for membership,-3.352711385345459,4,0
foreign citizenship disqualification,18,"18. Abolition of titles No title, not being a military or academic distinction, shall be conferred by the State No citizen of India shall accept any title from any foreign State No person who is not a citizen of India shall, while he holds any office of profit or trust under the State, accept without the consent of the President any title from any foreign State No person holding any office of profit or trust under the State shall, without the consent of the President, accept any present, emolument, or office of any kind from or under any foreign State Right to Freedom",-4.080175447082519,5,0
foreign citizenship disqualification,243F,243F. Disqualifications for membership,-4.566292391967774,6,0
foreign citizenship disqualification,104,"104. Penalty for sitting and voting before making oath or affirmation under Article 99 or when not qualified or when disqualified If a person sits or votes as a member of either House of Parliament before he has complied with the requirements of Article 99, or when he knows that he is not qualified or that he is disqualified for membership thereof, or that he is prohibited from so doing by the provisions of any law made by Parliament, he shall be liable in respect of each day on which he so sits or votes to a penalty of five hundred rupees to be recovered as a debt due to the Union Powers, Privileges and Immunities of Parliament and its Members",-6.850757237243652,7,0
foreign citizenship disqualification,8,"8. Rights of citizenship of certain persons of India origin residing outside India Notwithstanding anything in Article 5, any person who or either of whose parents or any of whose grand parents was born in India as defined in the Government of India Act, 1935 (as originally enacted), and who is ordinarily residing in any country outside India as so defined shall be deemed to be a citizen of India if he has been registered as a citizen of India by the diplomatic or consular representative of India in the country where he is for the time being residing on an application made by him therefor to such diplomatic or consular representative, whether before or after the commencement of this Constitution, in the form and manner prescribed by the Government of the Dominion of India or the Government of India",-7.064393228149414,8,0
foreign citizenship disqualification,193,"193. Penalty for sitting and voting before making oath or affirmation under Article 188 or when not qualified or when disqualified If a person sits or votes as a member of the Legislative Assembly or the Legislative Council of a State before he has complied with the requirements of Article 188, or when he knows that he is not qualified or that he is disqualified for membership thereof, or that he is prohibited from so doing by the provisions of any law made by Parliament or the legislature of the State, he shall be liable in respect of each day on which he so sits or votes to a penalty of five hundred rupees to be recovered as a debt due to the State Powers, Privileges and Immunities of State Legislatures and their Members",-7.477851441192627,9,0
foreign citizenship disqualification,7,"7. Rights of citizenship of certain migrants to Pakistan Notwithstanding anything in Articles 5 and 6, a person who has after the first day of March, 1947 , migrated from the territory of India to the territory now included in Pakistan shall not be deemed to be a citizen of India: Provided that nothing in this article shall apply to a person who, after having so migrated to the territory now included in Pakistan, has returned to the territory of India under a permit for resettlement or permanent return issued by or under the authority of any law and every such person shall for the purposes of clause (b) of Article 6 be deemed to have migrated to the territory of India after the nineteenth day of July, 1948",-7.688287483215332,10,0
foreign citizenship disqualification,192,192. Decision on questions as to disqualifications of members,-8.024578828430176,11,0
foreign citizenship disqualification,16,16. Equality of opportunity in matters of public employment,-8.055863865661621,12,0
foreign citizenship disqualification,103,103. Decision on questions as to disqualifications of members,-8.18149222946167,13,0
foreign citizenship disqualification,6,"6. Rights of citizenship of certain persons who have migrated to India from Pakistan Notwithstanding anything in Article 5, a person who has migrated to the territory of India from the territory now included in Pakistan shall be deemed to be a citizen of India at the commencement of this Constitution if",-8.283118572998047,14,0
foreign citizenship disqualification,10,"10. Continuance of the rights of citizenship Every person who is or is deemed to be a citizen of India under any of the foregoing provisions of this Part shall, subject to the provisions of any law that may be made by Parliament, continue to be such citizen",-8.855754483032227,15,0
foreign citizenship disqualification,15,"15. Prohibition of discrimination on grounds of religion, race, caste, sex or place of birth",-9.003999053955079,16,0
foreign citizenship disqualification,22,22. Protection against arrest and detention in certain cases,-9.04187844543457,17,0
foreign citizenship disqualification,29,29. Protection of interests of minorities,-9.12626817779541,18,0
foreign citizenship disqualification,11,11. Parliament to regulate the right of citizenship by law Nothing in the foregoing provisions of this Part shall derogate from the power of Parliament to make any provision with respect to the acquisition and termination of citizenship and all other matters relating to citizenship PART III FUNDAMENTAL RIGHTS General,-9.166649691772461,19,0
foreign citizenship disqualification,5,5. Citizenship at the commencement of the Constitution At the commencement of this Constitution every person who has his domicile in the territory of India and,-9.477004650878905,20,0
foreign citizenship disqualification,17,17. Abolition of Untouchability Untouchability is abolished and its practice in any form is forbidden The enforcement of any disability arising out of Untouchability shall be an offence punishable in accordance with law,-9.730427033996582,21,0
foreign citizenship disqualification,190,190. Vacation of seats,-10.048331295776368,22,0
foreign citizenship disqualification,360,360. Provisions as to financial emergency,-10.331953230285645,23,0
foreign citizenship disqualification,352,352. Proclamation of Emergency,-10.394855307006836,24,0
foreign citizenship disqualification,312A,312A. Power of Parliament to vary or revoke conditions of service of officers of certain services,-10.394884588623047,25,0
foreign citizenship disqualification,356,356. Provisions in case of failure of constitutional machinery in State,-10.593671032714845,26,0
foreign citizenship disqualification,311,"311. Dismissal, removal or reduction in rank of persons employed in civil capacities under the Union or a State",-10.741941136169434,27,0
foreign citizenship disqualification,13,13. Laws inconsistent with or in derogation of the fundamental rights,-10.779544067382812,28,0
foreign citizenship disqualification,84,84. Qualification for membership of Parliament A person shall not be qualified to be chosen to fill a seat in Parliament unless he,-10.795466194152832,29,0
foreign citizenship disqualification,367,367. Interpretation,-10.801787925720214,30,0
foreign citizenship disqualification,23,23. Prohibition of traffic in human beings and forced labour,-10.863340689086915,31,0
foreign citizenship disqualification,58,58. Qualifications for election as President,-10.902642324829102,32,0
foreign citizenship disqualification,157,157. Qualifications for appointment as Governor No person shall be eligible for appointment as Governor unless he is a citizen of India and has completed the age of thirty five years,-10.96974881439209,33,0
foreign citizenship disqualification,66,66. Election of Vice President,-11.08105524597168,34,0
foreign citizenship disqualification,255,"255. Requirements as to recommendations and previous sanctions to be regarded as matters of procedure only No Act of Parliament or of the legislature of a State and no provision in any such Act, shall be invalid by reason only that some recommendation or previous sanction required by this Constitution was not given, if assent to that Act was given",-11.294342199707032,35,0
foreign citizenship disqualification,310,310. Tenure of office of persons serving the Union or a State,-11.362823124694824,36,0
foreign citizenship disqualification,257,257. A Assistance to States by deployment of armed forces or other forces of the Union Omitted,-11.380653817749023,37,0
foreign citizenship disqualification,350,350. B Special Officer for linguistic minorities,-11.388035954284668,38,0
foreign citizenship disqualification,4,"4. Laws made under Articles 2 and 3 to provide for the amendment of the First and the Fourth Schedules and supplemental, incidental and consequential matters",-11.489221394348144,39,0
foreign citizenship disqualification,344,344. Commission and Committee of Parliament on official language,-11.562056391906738,40,0
parliament power over citizenship,11,11. Parliament to regulate the right of citizenship by law Nothing in the foregoing provisions of this Part shall derogate from the power of Parliament to make any provision with respect to the acquisition and termination of citizenship and all other matters relating to citizenship PART III FUNDAMENTAL RIGHTS General,4.986663945007324,1,1
parliament power over citizenship,327,"327. Power of Parliament to make provision with respect to elections to Legislatures Subject to the provisions of this constitution, Parliament may from time to time by law made provision with respect to all matters relating to, or in connection with, elections to either House of Parliament or to the House or either House of the Legislature of a State including the preparation of electoral rolls, the delimitation of constituencies and all other matters necessary for securing the due constitution of such House or Houses",-1.4543717189788818,2,0
parliament power over citizenship,252,252. Power of Parliament to legislate for two or more States by consent and adoption of such legislation by any other State,-1.662250359916687,3,0
parliament power over citizenship,33,"33. Power of Parliament to modify the rights conferred by this Part in their application etc Parliament may, by law, determine to what extent any of the rights conferred by this Part shall, in their application to,",-1.9169290908813474,4,0
parliament power over citizenship,249,249. Power of Parliament to legislate with respect to a matter in the State List in the national interest,-2.1063260562896726,5,0
parliament power over citizenship,369,"369. Temporary power to Parliament to make laws with respect to certain matters in the State List as if they were matters in the Concurrent List Notwithstanding anything in this Constitution, Parliament shall, during a period of five years from the commencement of this constitution, have power to make laws with respect to the following matters as if they were enumerated in the Concurrent List, namely:",-2.2460704299926757,6,0
parliament power over citizenship,105,"105. Powers, privileges, etc of the Houses of Parliament and of the members and committees thereof",-2.391443747138977,7,0
parliament power over citizenship,302,"302. Power of Parliament to impose restrictions on trade, commerce and intercourse Parliament may by law impose such restrictions on the freedom of trade, commerce or intercourse between one State and another or within any part of the territory of India as may be required in the public interest",-2.4924175434112548,8,0
parliament power over citizenship,10,"10. Continuance of the rights of citizenship Every person who is or is deemed to be a citizen of India under any of the foregoing provisions of this Part shall, subject to the provisions of any law that may be made by Parliament, continue to be such citizen",-2.5535658481597903,9,0
parliament power over citizenship,303,303. Restrictions on the legislative powers of the Union and of the States with regard to trade and commerce,-2.792475333786011,10,0
parliament power over citizenship,248,248. Residuary powers of legislation,-3.240778895187378,11,0
parliament power over citizenship,312A,312A. Power of Parliament to vary or revoke conditions of service of officers of certain services,-3.48512029876709,12,0
parliament power over citizenship,246,246. Subject matter of laws made by Parliament and by the Legislatures of States,-3.4904246063232423,13,0
parliament power over citizenship,162,"162. Extent of executive power of State Subject to the provisions of this Constitution, the executive power of a State shall extend to the matters with respect to which the Legislature of the State has power to make laws Provided that in any matter with respect to which the Legislature of a State and Parliament have power to make laws, the executive power of the State shall be subject to, and limited by, the executive power expressly conferred by the Constitution or by any law made by Parliament upon the Union or authorities thereof Council of Ministers",-3.5529673992156985,14,0
parliament power over citizenship,368,368. Power of Parliament to amend the Constitution and procedure therefor,-3.6046415367126468,15,0
parliament power over citizenship,328,"328. Power of Legislature of a State to make provision with respect to elections to such Legislature Subject to the provisions of this Constitution and in so far as provision in that behalf is not made by Parliament, the Legislature of a State may from time to time bylaw make provision with respect to all matters relating to, or in connection with, the elections to the House or either House of the Legislature of the State including the preparation of electoral rolls and all other matters necessary for securing the due constitution of such House or Houses",-3.7308759918212893,16,0
parliament power over citizenship,250,250. Power of Parliament to legislate with respect to any matter in the State List if a Proclamation of Emergency is in operation,-3.8223750648498536,17,0
parliament power over citizenship,251,"251. Inconsistency between laws made by Parliament under Articles 249 and 250 and laws made by the Legislatures of States Nothing in Articles 249 and 250 shall restrict the power of the Legislature of a State to make any law which under this Constitution it has power to make, but if any provision of a law made by the legislature of a State is repugnant to any provision of a law made by Parliament which Parliament has under either of the said articles power to make, the law made by Parliament, whether passed before or after the law made by the legislature of the State, shall prevail, and the law made by the Legislature of the State shall to the extent of the repugnancy, but so long only as the law made by Parliament continues to have effect, be inoperative",-3.8349149284362793,18,0
parliament power over citizenship,73,73. Extent of executive power of the Union,-3.860716399383545,19,0
parliament power over citizenship,357,357. Exercise of legislative powers under Proclamation issued under Article 356,-4.248659526062012,20,0
parliament power over citizenship,84,84. Qualification for membership of Parliament A person shall not be qualified to be chosen to fill a seat in Parliament unless he,-4.6896703338623045,21,0
parliament power over citizenship,258,"258. Power of the Union to confer powers, etc, on States in certain cases",-4.809158564758301,22,0
parliament power over citizenship,253,"253. Legislation for giving effect to international agreements Notwithstanding anything in the foregoing provisions of this Chapter, Parliament has power to make any law for the whole or any part of the territory of India for implementing any treaty, agreement or convention with any other country or countries or any decision made at any international conference, association or other body",-4.839233737945556,23,0
parliament power over citizenship,100,"100. Voting in Houses, power of Houses to act notwithstanding vacancies and quorum",-5.131195574951172,24,0
parliament power over citizenship,140,140. Ancillary powers of Supreme Court Parliament may by law make provision for conferring upon the Supreme Court such supplemental powers not inconsistent with any of the provisions of this Constitution as may appear to be necessary or desirable for the purpose of enabling the Court more effectively to exercise the jurisdiction conferred upon it by or under this Constitution,-5.387131396484375,25,0
parliament power over citizenship,53,53. Executive power of the Union,-6.310505047607422,26,0
parliament power over citizenship,321,"321. Power to extend functions of Public Service Commissions An Act made by Parliament or, as the case may be, the Legislature of a State may provide for the exercise of additional functions by the Union Public Service Commission or the State Public Service Commission as respects the services of the Union of the State and also as respects the services of any local authority or other body corporate constituted by law or of any public institution",-6.596975154113769,27,0
parliament power over citizenship,122,122. Courts not to inquire into proceedings of Parliament,-6.598129856109619,28,0
parliament power over citizenship,139,"139. Conferment on the Supreme Court of powers to issue certain writs Parliament may by law confer on the Supreme Court power to issue directions, orders or writs, including writs in the nature of habeas corpus, mandamus, prohibition, quo warranto and certiorari, or any of them, for any purposes other than those mentioned in clause ( 2 ) of Article 32",-6.7071017562866215,29,0
parliament power over citizenship,3,"3. Formation of new States and alteration of areas, boundaries or names of existing States: Parliament may by law",-7.234580879974366,30,0
parliament power over citizenship,326,"326. Elections to the House of the People and to the Legislative Assemblies of States to be on the basis of adult suffrage The elections to the House of the People and to the Legislative Assembly of every State shall be on the basis of adult suffrage; but is to say, every person who is a citizen of India and who is not less than twenty one years of age on such date as may be fixed in that behalf by or under any law made by the appropriate legislature and is not otherwise disqualified under this constitution or any law made by the appropriate Legislature on the ground of non residence, unsoundness of mind, crime or corrupt or illegal practice, shall be entitled to be registered as a voter at any such election",-7.35433158569336,31,0
parliament power over citizenship,189,"189. Voting in Houses, power of Houses to act notwithstanding vacancies and quorum",-7.682901638793945,32,0
parliament power over citizenship,241,241. High Courts for Union territories,-8.000813753509522,33,0
parliament power over citizenship,2,"2. Admission or establishment of new States: Parliament may by law admit into the Union, or establish, new States on such terms and conditions, as it thinks fit",-8.388241638183594,34,0
parliament power over citizenship,118,118. Rules of procedure,-8.414012331390381,35,0
parliament power over citizenship,98,98. Secretariat of Parliament,-8.4249228515625,36,0
parliament power over citizenship,245,245. Extent of laws made by Parliament and by the Legislatures of States,-8.561193630981446,37,0
parliament power over citizenship,230,230. Extension of jurisdiction of High Courts to Union territories,-9.370622924804687,38,0
parliament power over citizenship,239,239. A Creation of local Legislatures or Council of Ministers or both for certain Union territories,-9.584377374267579,39,0
parliament power over citizenship,169,169. Abolition or creation of Legislative Councils in States,-10.014693084716797,40,0
national emergency proclamation,353,"353. Effect of Proclamation of Emergency While a Proclamation of Emergency is in operation, then",1.5996721210479736,1,0
national emergency proclamation,354,"354. Application of provisions relating to distribution of revenues while a Proclamation of Emergency is in operation (l) The President may, while a Proclamation of Emergency is in operation, by order direct that all or any of the provisions of Articles 268 to 279 shall for such period, not extending in any case beyond the expiration of the financial year in which such Proclamation ceases to operate, as may be specific in the order, have effect subject to such exceptions or modifications as he thinks fit",0.9882440309524536,2,0
national emergency proclamation,352,352. Proclamation of Emergency,0.9790162578582762,3,1
national emergency proclamation,250,250. Power of Parliament to legislate with respect to any matter in the State List if a Proclamation of Emergency is in operation,0.7457120361328125,4,0
national emergency proclamation,358,358. Suspension of provisions of Article 19 during emergencies,0.11159430789947511,5,0
national emergency proclamation,359,359. Suspension of the enforcement of the rights conferred by Part III during emergencies,-0.3176287904739381,6,0
national emergency proclamation,360,360. Provisions as to financial emergency,-1.1956802783250808,7,0
national emergency proclamation,172,172. Duration of State Legislatures,-6.198060547637939,8,0
national emergency proclamation,356,356. Provisions in case of failure of constitutional machinery in State,-6.776786515045166,9,0
national emergency proclamation,357,357. Exercise of legislative powers under Proclamation issued under Article 356,-8.246866618347168,10,0
national emergency proclamation,49,"49. Protection of monuments and places and objects of national importance It shall be the obligation of the State to protect every monument or place or object of artistic or historic interests, declared by or under law made by Parliament to be of national importance, from spoliation, disfigurement, destruction, removal, disposal or export, as the case may be",-10.108975357055664,11,0
national emergency proclamation,370,370. Temporary provisions with respect to the State of Jammu and Kashmir,-10.448821142578126,12,0
national emergency proclamation,51A,"51A. Fundamental duties It shall be the duty of every citizen of India (a) to abide by the Constitution and respect its ideals and institutions, the national Flag and the National Anthem;",-10.762594778442383,13,0
national emergency proclamation,257,257. Control of the Union over States in certain cases,-10.8073205078125,14,0
national emergency proclamation,394,"394. Commencement This article and Articles 5, 6, 7, 8, 9, 60, 324, 366, 367, 379, 380, 388, 391, 392 and 393 shall come into force at once, and the remaining provisions of this Constitution shall come into force on the twenty sixth day of January, 1950 , which day is referred to in this Constitution as the commencement of this Constitution",-10.890752026367187,15,0
national emergency proclamation,355,355. Duty of the Union to protect States against external aggression and internal disturbance It shall be the duty of the Union to protect every State against external aggression and internal disturbance and to ensure that the government of every State is carried on in accordance with the provisions of this Constitution,-11.134274633789062,16,0
national emergency proclamation,41,"41. Right to work, to education and to public assistance in certain cases The State shall, within the limits of its economic capacity and development, make effective provision for securing the right to work, to education and to public assistance in cases of unemployment, old age, sickness and disablement, and in other cases of undeserved want",-11.212062890625,17,0
national emergency proclamation,373,"373. Power of President to make order in respect of persons under preventive detention in certain cases Until provision is made by Parliament under clause ( 7 ) of Article 22, or until the expiration of one year from the commencement of this Constitution, whichever is earlier, the said article shall have effect as if for any reference to Parliament in clauses ( 4 ) and ( 7 ) thereof there were substituted a reference to the Parliament in those clauses there were substituted a reference to an order made by the President",-11.323594598388672,18,0
national emergency proclamation,60,"60. Oath or affirmation by the President Every President and every person acting as President or discharging the functions of the President shall, before entering upon his office, make and subscribe in the presence of the Chief Justice of India or, in his absence, the senior most Judge of the Supreme Court available, an oath or affirmation in the following form, that is to say swear in the name of God I, A B, do that I olemnly affirm will faithfully execute the office of President (or discharge the functions of thePresident) of India and will do the best of my ability preserve, protect and defend the Constitution and the law and that I will devote myself to the service and well being of the people of India",-11.377461181640625,19,0
national emergency proclamation,347,"347. Special provision relating to language spoken by a section of the population of a State On a demand being made in that behalf the President may, if he is satisfied that a substantial proportion of the population of a State desire the use of any language spoken by them to be recognised throughout that State or any part thereof for such purpose as he may specify CHAPTER III LANGUAGE OF THE SUPREME COURT, HIGH COURTS, ETC",-11.390804081726074,20,0
national emergency proclamation,339,339. Control of the Union over the administration of Scheduled Areas and the welfare of Scheduled Tribes,-11.408138954162597,21,0
national emergency proclamation,87,87. Special address by the President,-11.415325729370117,22,0
national emergency proclamation,334,"334. Reservation of seats and special representation to cease after forty years Notwithstanding anything in the foregoing provisions of this Part, the provisions of Constitution relating to",-11.45349401550293,23,0
national emergency proclamation,342,342. Scheduled Tribes,-11.487161724853516,24,0
national emergency proclamation,336,336. Special provision for Anglo Indian community in certain services,-11.490043829345703,25,0
national emergency proclamation,341,341. Scheduled Castes,-11.491702299499511,26,0
national emergency proclamation,53,53. Executive power of the Union,-11.494458332824706,27,0
national emergency proclamation,363,363. A Recognition granted to Rulers of Indian States to cease and privy purses to be abolished Notwithstanding anything in this Constitution or in any law for the time being in force,-11.516011172485351,28,0
national emergency proclamation,267,267. Contingency Fund,-11.517205513000489,29,0
national emergency proclamation,364,364. Special provisions as to major ports and aerodromes,-11.519230151367188,30,0
national emergency proclamation,324,"324. Superintendence, direction and control of elections to be vested in an Election Commission",-11.607394821166992,31,0
national emergency proclamation,367,367. Interpretation,-11.61121614074707,32,0
national emergency proclamation,343,343. Official language of the Union,-11.644748864746093,33,0
national emergency proclamation,213,213. Power of Governor to promulgate Ordinances during recess of Legislature,-11.683490760803222,34,0
national emergency proclamation,123,123. Power of President to promulgate Ordinances during recess of Parliament,-11.701488977050781,35,0
national emergency proclamation,115,"115. Supplementary, additional or excess grants",-11.799931275939942,36,0
national emergency proclamation,239B,239B. Power of administrator to promulgate Ordinances during recess of Legislature,-11.801791496276856,37,0
national emergency proclamation,116,"116. Votes on account, votes of credit and exceptional grants",-11.835234005737306,38,0
national emergency proclamation,112,112. Annual financial statement,-12.047259866333007,39,0
national emergency proclamation,371F,"371F. Special provisions with respect to the State of Sikkim Notwithstanding anything in this Constitution,",-12.574211572265625,40,0
suspension of article 19 during emergency,358,358. Suspension of provisions of Article 19 during emergencies,6.153737152099609,1,1
suspension of article 19 during emergency,359,359. Suspension of the enforcement of the rights conferred by Part III during emergencies,2.9517523750305177,2,0
suspension of article 19 during emergency,354,"354. Application of provisions relating to distribution of revenues while a Proclamation of Emergency is in operation (l) The President may, while a Proclamation of Emergency is in operation, by order direct that all or any of the provisions of Articles 268 to 279 shall for such period, not extending in any case beyond the expiration of the financial year in which such Proclamation ceases to operate, as may be specific in the order, have effect subject to such exceptions or modifications as he thinks fit",-3.3550201911926267,3,0
suspension of article 19 during emergency,352,352. Proclamation of Emergency,-3.372294233703613,4,0
suspension of article 19 during emergency,360,360. Provisions as to financial emergency,-3.485627355957031,5,0
suspension of article 19 during emergency,250,250. Power of Parliament to legislate with respect to any matter in the State List if a Proclamation of Emergency is in operation,-4.584772354125977,6,0
suspension of article 19 during emergency,353,"353. Effect of Proclamation of Emergency While a Proclamation of Emergency is in operation, then",-5.032815414428711,7,0
suspension of article 19 during emergency,317,317. Removal and suspension of a member of a Public Service Commission,-5.713210486602783,8,0
suspension of article 19 during emergency,19,19. Protection of certain rights regarding freedom of speech etc,-6.09916626663208,9,0
suspension of article 19 during emergency,22,22. Protection against arrest and detention in certain cases,-6.6924941375732425,10,0
suspension of article 19 during emergency,356,356. Provisions in case of failure of constitutional machinery in State,-7.148713776397706,11,0
suspension of article 19 during emergency,31C,"31C. Saving of laws giving effect to certain directive principles Notwithstanding anything contained in Article 13, no law giving effect to the policy of the State towards securing all or any of the principles laid down in Part IV shall be deemed to be void on the ground that it is inconsistent with, or takes away or abridges any of the rights conferred by Article 14 or Article 19 and no law containing a declaration that it is for giving effect to such policy shall be called in question in any court on the ground that it does not give effect to such policy: Provided that where such law is made by the Legislature of a State, the provisions of this Article shall not apply thereto unless such law, having been reserved for the consideration of the President, has received his assent Right to Constitutional Remedies",-7.665343556976318,12,0
suspension of article 19 during emergency,213,213. Power of Governor to promulgate Ordinances during recess of Legislature,-7.9303388671875,13,0
suspension of article 19 during emergency,172,172. Duration of State Legislatures,-7.957991635131836,14,0
suspension of article 19 during emergency,373,"373. Power of President to make order in respect of persons under preventive detention in certain cases Until provision is made by Parliament under clause ( 7 ) of Article 22, or until the expiration of one year from the commencement of this Constitution, whichever is earlier, the said article shall have effect as if for any reference to Parliament in clauses ( 4 ) and ( 7 ) thereof there were substituted a reference to the Parliament in those clauses there were substituted a reference to an order made by the President",-8.219534425354004,15,0
suspension of article 19 during emergency,239B,239B. Power of administrator to promulgate Ordinances during recess of Legislature,-8.443140335083008,16,0
suspension of article 19 during emergency,305,"305. Saving of existing laws and laws providing for State monopolies Nothing in Articles 301 and 303 shall affect the provisions of any existing law except in so far as the President may be order otherwise direct; and nothing in Article 301 shall affect the operation of any law made before the commencement of the Constitution (Fourth Amendment) Act, 1955 , in so far as it relates to, or prevent Parliament or the Legislature of a State from making any law relating to, any such matter as is referred to in sub clause (ii) of clause ( 6 ) of Article 19",-9.543326989746094,17,0
suspension of article 19 during emergency,123,123. Power of President to promulgate Ordinances during recess of Parliament,-9.568307405090332,18,0
suspension of article 19 during emergency,349,"349. Special procedure for enactment of certain laws relating to language During the period of fifteen years from the commencement of this Constitution, no Bill or amendment making provision for the language to be used for any of the purposes mentioned in clause ( 1 ) of Article 348 shall be introduced or moved in either House of Parliament without the previous sanction of the President, and the President shall not give his sanction to the introduction of any such Bill or the moving of any such amendment except after he has taken into consideration the recommendations of the Commission constituted under clause ( 1 ) of Article 344 and the report of the Committee constituted under clause ( 4 ) of that article CHAPTER IV SPECIAL DIRECTIVES",-9.9357047164917,19,0
suspension of article 19 during emergency,370,370. Temporary provisions with respect to the State of Jammu and Kashmir,-10.011996343994142,20,0
suspension of article 19 during emergency,65,"65. The Vice President to act as President or to discharge his functions during casual vacancies in the office, or during the absence, of President",-10.16379468383789,21,0
suspension of article 19 during emergency,179,"179. Vacation and resignation of, and removal from, the offices of Speaker and Deputy Speaker A member holding office as Speaker or Deputy Speaker of an Assembly",-10.391881245422363,22,0
suspension of article 19 during emergency,372,372. Continuance in force of existing laws and their adaptation,-10.464109683227539,23,0
suspension of article 19 during emergency,313,"313. Transitional provisions Until other provision is made in this behalf under this Constitution, all the laws in force immediately before the commencement of this Constitution and applicable to any public service or any post which continues to exist after the commencement of service or post under the Union or a State shall continue in force so far as consistent with the provisions of this Constitution",-10.62952303161621,24,0
suspension of article 19 during emergency,365,"365. Effect of failure to comply with, or to give effect to, directions given by the Union Where any State has failed to comply with or to give effect to any directions given in the exercise of the executive power of the Union under any directions given in the exercise of the executive power of the Union under any of the provisions of this Constitution, it shall be lawful for the President to hold that a situation has arisen in which the government of the State cannot be carried on in accordance with the provisions of this Constitution",-10.773499342346192,25,0
suspension of article 19 during emergency,392,392. Power of the President to remove difficulties,-10.800669073486327,26,0
suspension of article 19 during emergency,312A,312A. Power of Parliament to vary or revoke conditions of service of officers of certain services,-10.993914129638672,27,0
suspension of article 19 during emergency,181,181. The Speaker or the Deputy Speaker not to preside while a resolution for his removal from office is under consideration,-11.027422732543945,28,0
suspension of article 19 during emergency,34,"34. Restriction on rights conferred by this Part while martial law is in force in any area Notwithstanding anything in the foregoing provisions of this Part, Parliament may by law indemnify any person in the service of the Union or of a State or any other person in respect of any act done by him in connection with the maintenance or restoration of order in any area within the territory of India where martial law was in force or validate any sentence passed, punishment inflicted, forfeiture ordered or other act done under martial law in such area",-11.0996724609375,29,0
suspension of article 19 during emergency,311,"311. Dismissal, removal or reduction in rank of persons employed in civil capacities under the Union or a State",-11.195440930175781,30,0
suspension of article 19 during emergency,363,363. A Recognition granted to Rulers of Indian States to cease and privy purses to be abolished Notwithstanding anything in this Constitution or in any law for the time being in force,-11.208489352416992,31,0
suspension of article 19 during emergency,257,257. A Assistance to States by deployment of armed forces or other forces of the Union Omitted,-11.264406640625,32,0
suspension of article 19 during emergency,185,185. The Chairman or the Deputy Chairman not to preside while a resolution for his removal from office is under consideration,-11.314224626159668,33,0
suspension of article 19 during emergency,136,136. Special leave to appeal by the Supreme Court,-11.35230180053711,34,0
suspension of article 19 during emergency,13,13. Laws inconsistent with or in derogation of the fundamental rights,-11.381144714355468,35,0
suspension of article 19 during emergency,115,"115. Supplementary, additional or excess grants",-11.422033059692383,36,0
suspension of article 19 during emergency,267,267. Contingency Fund,-11.42352703857422,37,0
suspension of article 19 during emergency,319,319. Prohibition as to the holding of offices by members of Commission on ceasing to be such members On ceasing to hold office,-11.430252197265625,38,0
suspension of article 19 during emergency,310,310. Tenure of office of persons serving the Union or a State,-11.517791386413574,39,0
suspension of article 19 during emergency,371D,371D. Special provisions with respect to the state of Andhra Pradesh,-12.998521788024902,40,0
financial emergency,360,360. Provisions as to financial emergency,3.1841943832397464,1,1
financial emergency,354,"354. Application of provisions relating to distribution of revenues while a Proclamation of Emergency is in operation (l) The President may, while a Proclamation of Emergency is in operation, by order direct that all or any of the provisions of Articles 268 to 279 shall for such period, not extending in any case beyond the expiration of the financial year in which such Proclamation ceases to operate, as may be specific in the order, have effect subject to such exceptions or modifications as he thinks fit",-0.22900220346450806,2,0
financial emergency,359,359. Suspension of the enforcement of the rights conferred by Part III during emergencies,-5.744513799285889,3,0
financial emergency,352,352. Proclamation of Emergency,-6.493384169006347,4,0
financial emergency,358,358. Suspension of provisions of Article 19 during emergencies,-6.920222770690918,5,0
financial emergency,353,"353. Effect of Proclamation of Emergency While a Proclamation of Emergency is in operation, then",-7.26262899017334,6,0
financial emergency,250,250. Power of Parliament to legislate with respect to any matter in the State List if a Proclamation of Emergency is in operation,-8.079147106170653,7,0
financial emergency,119,"119. Regulation by law of procedure in Parliament in relation to financial business Parliament may, for the purpose of the timely completion of financial business, regulate by law the procedure of, and the conduct of business in, each House of Parliament in relation to any financial matter or to any Bill for the appropriation of moneys out of the consolidated Fund of India, and, if and so far as any provision of any law so made is inconsistent with any rule made by a House of Parliament under clause ( 1 ) of Article 118 or with any rule or standing order having effect in relation to Parliament under clause ( 2 ) of that article, such provision shall prevail",-9.01110669708252,8,0
financial emergency,117,117. Special provisions as to financial Bills,-9.168620277404786,9,0
financial emergency,207,207. Special provisions as to financial Bills,-9.196484347534179,10,0
financial emergency,209,"209. Regulation by law of procedure in the Legislature of the State in relation to financial business The Legislature of a State may, for the purpose of the timely completion of financial business, regulate by law the procedure of, and the conduct of business in, the House or Houses of the Legislature of the State in relation to any financial matter or to any Bill for the appropriation of moneys out of the Consolidated Fund of the State, and, if and so far as any provision of any law so made is inconsistent with any rule made by the House or either House of the Legislature of the State under clause ( 1 ) of article 208 or with any rule or standing order having effect in relation to the Legislature of the State under clause ( 2 ) of that article, such provision shall prevail",-9.3181108795166,11,0
financial emergency,199,199. Definition of Money Bills,-9.633225117492676,12,0
financial emergency,110,110. Definition of Money Bill,-9.791823147583008,13,0
financial emergency,112,112. Annual financial statement,-9.811461030578613,14,0
financial emergency,202,202. Annual financial statement,-10.071470703125,15,0
financial emergency,281,281. Recommendations of the Finance Commission The President shall cause every recommendation made by the Finance Commission under the provisions of this Constitution together with an explanatory memorandum as to the action taken thereon to be laid before each House of Parliament Miscellaneous Financial Provisions,-10.194819999694824,16,0
financial emergency,243I,243I. Constitution of finance Commissions to review financial position,-10.2281757522583,17,0
financial emergency,115,"115. Supplementary, additional or excess grants",-10.264505136108399,18,0
financial emergency,205,"205. Supplementary, additional or excess grants",-10.30984630279541,19,0
financial emergency,116,"116. Votes on account, votes of credit and exceptional grants",-10.433260281372071,20,0
financial emergency,278,"278. Agreement with States in Part B of the First Schedule with regard to certain financial matters Rep by the Constitution (Seventh Amendment) Act, 1956 , Section 29 and Schedule",-10.476326028442383,21,0
financial emergency,206,"206. Votes on account, votes of credit and exceptional grants",-10.547646369934082,22,0
financial emergency,280,280. Finance Commission,-10.600091870117188,23,0
financial emergency,283,"283. Custody, etc of Consolidated Funds, Contingency Funds and moneys credited to the public accounts",-10.627834309387207,24,0
financial emergency,275,275. Grants from the Union to certain States,-10.62832981414795,25,0
financial emergency,243Y,243Y. Finance Commission,-10.686303800964355,26,0
financial emergency,109,109. Special procedure in respect of Money Bills,-10.741324923706054,27,0
financial emergency,290,"290. Adjustment in respect of certain expenses and pensions Where under the provisions of this Constitution the expenses of any court or Commission, or the pension payable to or in respect of a person who has served before the commencement in connection with the affairs of the Union or of a State, are charged on the Consolidated Fund of India or the Consolidated Fund of a State, then, if",-10.808180639648437,28,0
financial emergency,196,196. Provisions as to introduction and passing of Bills,-10.906888764953614,29,0
financial emergency,267,267. Contingency Fund,-10.960564888000489,30,0
financial emergency,198,198. Special procedure in respect of Money Bills,-11.042859155273437,31,0
financial emergency,41,"41. Right to work, to education and to public assistance in certain cases The State shall, within the limits of its economic capacity and development, make effective provision for securing the right to work, to education and to public assistance in cases of unemployment, old age, sickness and disablement, and in other cases of undeserved want",-11.048996026611329,32,0
financial emergency,264,"264. Interpretation In this Part, Finance Commission means a Finance Commission constituted under Article 280",-11.153725541687011,33,0
financial emergency,292,"292. Borrowing by the Government of India The executive power of the Union extends to borrowing upon the security of the Consolidated Fund of India within such limits, if any, as may from time to time be fixed by Parliament by law and to the giving of guarantees within such limits, if any, as may be so fixed",-11.219699853515625,34,0
financial emergency,266,266. Consolidated Funds and public accounts of India and of the States,-11.29752247314453,35,0
financial emergency,204,204. Appropriation Bills,-11.427458241271973,36,0
financial emergency,114,114. Appropriation Bills,-11.455570048522949,37,0
financial emergency,293,293. Borrowing by States,-11.503028846740722,38,0
financial emergency,197,197. Restriction on powers of Legislative Council as to Bills other than Money Bills,-11.51628200378418,39,0
financial emergency,340,340. Appointment of a Commission to investigate the conditions of backward classes,-11.712610121154786,40,0
parliament power during emergency,250,250. Power of Parliament to legislate with respect to any matter in the State List if a Proclamation of Emergency is in operation,5.366524452209473,1,0
parliament power during emergency,353,"353. Effect of Proclamation of Emergency While a Proclamation of Emergency is in operation, then",1.653132957458496,2,1
parliament power during emergency,358,358. Suspension of provisions of Article 19 during emergencies,-0.2829511578083038,3,0
parliament power during emergency,123,123. Power of President to promulgate Ordinances during recess of Parliament,-1.2738094383239746,4,0
parliament power during emergency,359,359. Suspension of the enforcement of the rights conferred by Part III during emergencies,-1.694221545791626,5,0
parliament power during emergency,360,360. Provisions as to financial emergency,-2.0218784240722654,6,0
parliament power during emergency,369,"369. Temporary power to Parliament to make laws with respect to certain matters in the State List as if they were matters in the Concurrent List Notwithstanding anything in this Constitution, Parliament shall, during a period of five years from the commencement of this constitution, have power to make laws with respect to the following matters as if they were enumerated in the Concurrent List, namely:",-2.5483720752716064,7,0
parliament power during emergency,352,352. Proclamation of Emergency,-3.2058051094055173,8,0
parliament power during emergency,327,"327. Power of Parliament to make provision with respect to elections to Legislatures Subject to the provisions of this constitution, Parliament may from time to time by law made provision with respect to all matters relating to, or in connection with, elections to either House of Parliament or to the House or either House of the Legislature of a State including the preparation of electoral rolls, the delimitation of constituencies and all other matters necessary for securing the due constitution of such House or Houses",-3.5821502490997315,9,0
parliament power during emergency,33,"33. Power of Parliament to modify the rights conferred by this Part in their application etc Parliament may, by law, determine to what extent any of the rights conferred by this Part shall, in their application to,",-4.087652052307129,10,0
parliament power during emergency,249,249. Power of Parliament to legislate with respect to a matter in the State List in the national interest,-4.367665720748901,11,0
parliament power during emergency,354,"354. Application of provisions relating to distribution of revenues while a Proclamation of Emergency is in operation (l) The President may, while a Proclamation of Emergency is in operation, by order direct that all or any of the provisions of Articles 268 to 279 shall for such period, not extending in any case beyond the expiration of the financial year in which such Proclamation ceases to operate, as may be specific in the order, have effect subject to such exceptions or modifications as he thinks fit",-4.425211097717285,12,0
parliament power during emergency,312A,312A. Power of Parliament to vary or revoke conditions of service of officers of certain services,-4.764121773147583,13,0
parliament power during emergency,105,"105. Powers, privileges, etc of the Houses of Parliament and of the members and committees thereof",-4.953846829986572,14,0
parliament power during emergency,302,"302. Power of Parliament to impose restrictions on trade, commerce and intercourse Parliament may by law impose such restrictions on the freedom of trade, commerce or intercourse between one State and another or within any part of the territory of India as may be required in the public interest",-5.026339500427246,15,0
parliament power during emergency,252,252. Power of Parliament to legislate for two or more States by consent and adoption of such legislation by any other State,-5.045838316345215,16,0
parliament power during emergency,373,"373. Power of President to make order in respect of persons under preventive detention in certain cases Until provision is made by Parliament under clause ( 7 ) of Article 22, or until the expiration of one year from the commencement of this Constitution, whichever is earlier, the said article shall have effect as if for any reference to Parliament in clauses ( 4 ) and ( 7 ) thereof there were substituted a reference to the Parliament in those clauses there were substituted a reference to an order made by the President",-5.054928330993652,17,0
parliament power during emergency,248,248. Residuary powers of legislation,-5.183207245635987,18,0
parliament power during emergency,368,368. Power of Parliament to amend the Constitution and procedure therefor,-6.237127880096436,19,0
parliament power during emergency,357,357. Exercise of legislative powers under Proclamation issued under Article 356,-6.444749270629883,20,0
parliament power during emergency,162,"162. Extent of executive power of State Subject to the provisions of this Constitution, the executive power of a State shall extend to the matters with respect to which the Legislature of the State has power to make laws Provided that in any matter with respect to which the Legislature of a State and Parliament have power to make laws, the executive power of the State shall be subject to, and limited by, the executive power expressly conferred by the Constitution or by any law made by Parliament upon the Union or authorities thereof Council of Ministers",-7.378314107513428,21,0
parliament power during emergency,100,"100. Voting in Houses, power of Houses to act notwithstanding vacancies and quorum",-7.603303462219238,22,0
parliament power during emergency,140,140. Ancillary powers of Supreme Court Parliament may by law make provision for conferring upon the Supreme Court such supplemental powers not inconsistent with any of the provisions of this Constitution as may appear to be necessary or desirable for the purpose of enabling the Court more effectively to exercise the jurisdiction conferred upon it by or under this Constitution,-7.672065917205811,23,0
parliament power during emergency,246,246. Subject matter of laws made by Parliament and by the Legislatures of States,-7.763382884979248,24,0
parliament power during emergency,73,73. Extent of executive power of the Union,-7.964754161071777,25,0
parliament power during emergency,253,"253. Legislation for giving effect to international agreements Notwithstanding anything in the foregoing provisions of this Chapter, Parliament has power to make any law for the whole or any part of the territory of India for implementing any treaty, agreement or convention with any other country or countries or any decision made at any international conference, association or other body",-8.04178748703003,26,0
parliament power during emergency,356,356. Provisions in case of failure of constitutional machinery in State,-8.219721981811524,27,0
parliament power during emergency,321,"321. Power to extend functions of Public Service Commissions An Act made by Parliament or, as the case may be, the Legislature of a State may provide for the exercise of additional functions by the Union Public Service Commission or the State Public Service Commission as respects the services of the Union of the State and also as respects the services of any local authority or other body corporate constituted by law or of any public institution",-8.302960223388672,28,0
parliament power during emergency,258,"258. Power of the Union to confer powers, etc, on States in certain cases",-8.412066222381592,29,0
parliament power during emergency,257,257. Control of the Union over States in certain cases,-8.471681507873535,30,0
parliament power during emergency,122,122. Courts not to inquire into proceedings of Parliament,-8.528174507141113,31,0
parliament power during emergency,35,"35. Legislation to give effect to the provisions of this Part Notwithstanding anything in this Constitution,",-8.70210307159424,32,0
parliament power during emergency,85,"85. Sessions of Parliament, prorogation and dissolution",-8.77786794128418,33,0
parliament power during emergency,307,"307. Appointment of authority for carrying out the purposes of Articles 301 to 304 Parliament may by law appoint such authority as it considers appropriate for carrying out the purposes of Articles 301, 302, 303 and 304, and confer on the authority so appointed such powers and such duties as it thinks necessary PART XIV SERVICES UNDER THE UNION AND THE STATES CHAPTER I SERVICES",-9.3778882522583,34,0
parliament power during emergency,53,53. Executive power of the Union,-9.407415524291991,35,0
parliament power during emergency,292,"292. Borrowing by the Government of India The executive power of the Union extends to borrowing upon the security of the Consolidated Fund of India within such limits, if any, as may from time to time be fixed by Parliament by law and to the giving of guarantees within such limits, if any, as may be so fixed",-9.558883660888672,36,0
parliament power during emergency,34,"34. Restriction on rights conferred by this Part while martial law is in force in any area Notwithstanding anything in the foregoing provisions of this Part, Parliament may by law indemnify any person in the service of the Union or of a State or any other person in respect of any act done by him in connection with the maintenance or restoration of order in any area within the territory of India where martial law was in force or validate any sentence passed, punishment inflicted, forfeiture ordered or other act done under martial law in such area",-9.730325842285156,37,0
parliament power during emergency,116,"116. Votes on account, votes of credit and exceptional grants",-9.841892559814454,38,0
parliament power during emergency,70,70. Discharge of Presidents functions in other contingencies Parliament may make such provision as if thinks fit for the discharge of the functions of the President in any contingency not provided for in this Chapter,-10.072205511474609,39,0
parliament power during emergency,267,267. Contingency Fund,-10.568479812622071,40,0
president rule in state,59,59. Conditions of Presidents office,1.9913323448181153,1,0
president rule in state,54,54. Election of President The President shall be elected by the members of an electoral college consisting of the elected members of both Houses of Parliament; and the elected members of the Legislative Assemblies of the States,-0.25719643907546996,2,0
president rule in state,361,361. Protection of President and Governors and Rajpramukhs,-0.3253889067649841,3,0
president rule in state,258,"258. Power of the Union to confer powers, etc, on States in certain cases",-0.549312011551857,4,0
president rule in state,356,356. Provisions in case of failure of constitutional machinery in State,-0.9023754983425141,5,1
president rule in state,288,288. Exemption from taxation by States in respect of water or electricity in certain cases,-1.2349390146255494,6,0
president rule in state,371C,371C. Special provision with respect to the State of Manipur,-1.4785563034057616,7,0
president rule in state,154,154. Executive power of State,-1.6423084259033203,8,0
president rule in state,53,53. Executive power of the Union,-2.0198236854553224,9,0
president rule in state,162,"162. Extent of executive power of State Subject to the provisions of this Constitution, the executive power of a State shall extend to the matters with respect to which the Legislature of the State has power to make laws Provided that in any matter with respect to which the Legislature of a State and Parliament have power to make laws, the executive power of the State shall be subject to, and limited by, the executive power expressly conferred by the Constitution or by any law made by Parliament upon the Union or authorities thereof Council of Ministers",-2.095981925582886,10,0
president rule in state,55,55. Manner of election of President,-2.1328100036621094,11,0
president rule in state,365,"365. Effect of failure to comply with, or to give effect to, directions given by the Union Where any State has failed to comply with or to give effect to any directions given in the exercise of the executive power of the Union under any directions given in the exercise of the executive power of the Union under any of the provisions of this Constitution, it shall be lawful for the President to hold that a situation has arisen in which the government of the State cannot be carried on in accordance with the provisions of this Constitution",-2.4204133476257326,12,0
president rule in state,155,155. Appointment of Governor The Governor of a State shall be appointed by the President by warrant under his hand and seal,-2.478920878601074,13,0
president rule in state,371D,371D. Special provisions with respect to the state of Andhra Pradesh,-2.773121310377121,14,0
president rule in state,64,"64. The Vice President to be ex officio Chairman of the council of States The Vice President shall be ex officio chairman of the counsel of States and shall not hold any other office of profit: Provided that during any period when the Vice President acts as President or discharges the functions of the President under Article 65, he shall not perform the duties of the office of chairman of the council of States and shall not be entitled to any salary or allowance payable to the chairman of the council of States under Article 97",-2.8848263957977296,15,0
president rule in state,309,"309. Recruitment and conditions of service of persons serving the Union or a State Subject to the provisions of this Constitution, Acts of the appropriate Legislature may regulate the recruitment, and conditions of service of persons appointed, to public services and posts in connection with the affairs of the Union or of any State: Provided that it shall be competent for the President or such person as he may direct in the case of services and posts in connection with the affairs of the Union, and for the Governor of a State or such person as he may direct in the case of services and posts in connection with the affairs of the State, to make rules regulating the recruitment, and the conditions of service of persons appointed, to such services and posts until provision in that behalf is made by or under an Act of the appropriate Legislature under this article, and any rules so made shall have effect subject to the provisions of any such Act",-2.9768200889587404,16,0
president rule in state,339,339. Control of the Union over the administration of Scheduled Areas and the welfare of Scheduled Tribes,-2.9945695037841795,17,0
president rule in state,66,66. Election of Vice President,-3.017333589172363,18,0
president rule in state,160,160. Discharge of the functions of the Governor in certain contingencies The President may make such provision as he thinks fit for the discharge of the functions of the Governor of a State in any contingency not provided for in this Chapter,-3.16651079788208,19,0
president rule in state,370,370. Temporary provisions with respect to the State of Jammu and Kashmir,-3.3151672634124756,20,0
president rule in state,72,"72. Power of President to grant pardons, etc, and to suspend, remit or commute sentences in certain cases",-3.352114164352417,21,0
president rule in state,56,56. Term of office of President,-3.590122912597656,22,0
president rule in state,310,310. Tenure of office of persons serving the Union or a State,-3.6372560222625734,23,0
president rule in state,31C,"31C. Saving of laws giving effect to certain directive principles Notwithstanding anything contained in Article 13, no law giving effect to the policy of the State towards securing all or any of the principles laid down in Part IV shall be deemed to be void on the ground that it is inconsistent with, or takes away or abridges any of the rights conferred by Article 14 or Article 19 and no law containing a declaration that it is for giving effect to such policy shall be called in question in any court on the ground that it does not give effect to such policy: Provided that where such law is made by the Legislature of a State, the provisions of this Article shall not apply thereto unless such law, having been reserved for the consideration of the President, has received his assent Right to Constitutional Remedies",-3.638173184967041,24,0
president rule in state,239,239. Administration of Union territories,-3.728353442001343,25,0
president rule in state,299,299. Contracts,-4.030730921173095,26,0
president rule in state,213,213. Power of Governor to promulgate Ordinances during recess of Legislature,-4.176980979919434,27,0
president rule in state,240,240. Power of President to make regulations for certain Union territories,-4.22802442741394,28,0
president rule in state,363,363. A Recognition granted to Rulers of Indian States to cease and privy purses to be abolished Notwithstanding anything in this Constitution or in any law for the time being in force,-4.742201739501953,29,0
president rule in state,65,"65. The Vice President to act as President or to discharge his functions during casual vacancies in the office, or during the absence, of President",-4.966558622741699,30,0
president rule in state,3,"3. Formation of new States and alteration of areas, boundaries or names of existing States: Parliament may by law",-4.970138912963868,31,0
president rule in state,77,77. Conduct of business of the Government of India,-5.43704345703125,32,0
president rule in state,67,67. Term of office of Vice President The Vice President shall hold office for a term of five years from the date on which he enters upon his office: Provided that,-5.479656837463379,33,0
president rule in state,257,257. Control of the Union over States in certain cases,-5.603780659484864,34,0
president rule in state,392,392. Power of the President to remove difficulties,-5.692456602478027,35,0
president rule in state,166,166. Conduct of business of the Government of a State,-6.357925515747071,36,0
president rule in state,158,158. Conditions of Governor office,-6.850583158874512,37,0
president rule in state,258,"258. A Power of the States to entrust functions to the Union Notwithstanding anything in this Constitution, the Governor of a State may, with the consent of the Governor of India, entrust either conditionally or unconditionally to that Government or to its officers functions in relation to any matter to which the executive power of the State extends",-7.028555460357666,38,0
president rule in state,156,156. Term of office of Governor,-7.334941300201416,39,0
president rule in state,296,"296. Property accruing by escheat or lapse or as bona vacantia Subject as hereinafter provided any property in the territory of India which, if this Constitution had not come into operation, would have accrued to His Majesty or, as the case may be, to the Ruler of an Indian State by escheat or lapse, or as bona vacantia for want of a rightful owner, shall, if it is property situate in a State, vest in such State, and shall, in any other case, vest in the Union: Provided that any property which at the date when it wouldhave so accrued to His Majesty or to the Ruler of an Indian State was in the possession or under the control of the Government of India or the Government of a State shall, according as the purposes for which it was then used or held were purposes of the Union or a State, vest in the Union or in that State Explanation In the article, the expressions Ruler and Indian State have the same meanings as in Article 363",-8.504088130187988,40,0
reservation in public employment,16,16. Equality of opportunity in matters of public employment,4.322888365936279,1,1
reservation in public employment,243T,243T. Reservation of seats,-3.8628466857910158,2,0
reservation in public employment,371D,371D. Special provisions with respect to the state of Andhra Pradesh,-3.966550333404541,3,0
reservation in public employment,243D,243D. Reservation of seats,-3.98816916885376,4,0
reservation in public employment,334,"334. Reservation of seats and special representation to cease after forty years Notwithstanding anything in the foregoing provisions of this Part, the provisions of Constitution relating to",-4.806005421447754,5,0
reservation in public employment,332,332. Reservation of seats for Scheduled Castes and Scheduled Tribes in the Legislative Assemblies of the States,-5.9187175514221195,6,0
reservation in public employment,330,330. Reservation of seats for Scheduled Castes and Scheduled Tribes in the House of the People,-6.513717908477783,7,0
reservation in public employment,19,19. Protection of certain rights regarding freedom of speech etc,-6.851923339080811,8,0
reservation in public employment,24,"24. Prohibition of employment of children in factories, etc No child below the age of fourteen years shall be employed to work in any factory or mine or engaged in any other hazardous employment Provided that nothing in this sub clause shall authorise the detention of any person beyond the maximum period prescribed by any law made by Parliament under sub clause (b) of clause ( 7 ); or such person is detained in accordance with the provisions of any law made by Parliament under sub clauses (a) and (b) of clause ( 7 )",-7.126667250061035,9,0
reservation in public employment,41,"41. Right to work, to education and to public assistance in certain cases The State shall, within the limits of its economic capacity and development, make effective provision for securing the right to work, to education and to public assistance in cases of unemployment, old age, sickness and disablement, and in other cases of undeserved want",-7.14459520111084,10,0
reservation in public employment,319,319. Prohibition as to the holding of offices by members of Commission on ceasing to be such members On ceasing to hold office,-7.363446357727051,11,0
reservation in public employment,336,336. Special provision for Anglo Indian community in certain services,-7.775234888458252,12,0
reservation in public employment,309,"309. Recruitment and conditions of service of persons serving the Union or a State Subject to the provisions of this Constitution, Acts of the appropriate Legislature may regulate the recruitment, and conditions of service of persons appointed, to public services and posts in connection with the affairs of the Union or of any State: Provided that it shall be competent for the President or such person as he may direct in the case of services and posts in connection with the affairs of the Union, and for the Governor of a State or such person as he may direct in the case of services and posts in connection with the affairs of the State, to make rules regulating the recruitment, and the conditions of service of persons appointed, to such services and posts until provision in that behalf is made by or under an Act of the appropriate Legislature under this article, and any rules so made shall have effect subject to the provisions of any such Act",-7.974432565307617,13,0
reservation in public employment,316,316. Appointment and term of office of members,-8.13229039001465,14,0
reservation in public employment,320,320. Functions of Public Service Commissions,-8.193923051452638,15,0
reservation in public employment,311,"311. Dismissal, removal or reduction in rank of persons employed in civil capacities under the Union or a State",-9.661215466308594,16,0
reservation in public employment,31A,"31A. Saving of laws providing for acquisition of estates, etc ( 1 ) Notwithstanding anything contained in Article 13, no law providing for",-9.841106225585937,17,0
reservation in public employment,284,284. Custody of suitors deposits and other moneys received by public servants an courts All moneys received by or deposited with,-9.895529661560058,18,0
reservation in public employment,378,378. Provisions as to Public Service Commissions,-10.047431985473633,19,0
reservation in public employment,313,"313. Transitional provisions Until other provision is made in this behalf under this Constitution, all the laws in force immediately before the commencement of this Constitution and applicable to any public service or any post which continues to exist after the commencement of service or post under the Union or a State shall continue in force so far as consistent with the provisions of this Constitution",-10.054859869384766,20,0
reservation in public employment,312A,312A. Power of Parliament to vary or revoke conditions of service of officers of certain services,-10.393144132995605,21,0
reservation in public employment,23,23. Prohibition of traffic in human beings and forced labour,-10.454011274719239,22,0
reservation in public employment,15,"15. Prohibition of discrimination on grounds of religion, race, caste, sex or place of birth",-10.599496185302735,23,0
reservation in public employment,33,"33. Power of Parliament to modify the rights conferred by this Part in their application etc Parliament may, by law, determine to what extent any of the rights conferred by this Part shall, in their application to,",-10.708699072265626,24,0
reservation in public employment,335,"335. Claims of Scheduled Castes and Scheduled Tribes to services and posts The claims of the members of the Scheduled Castes and the Scheduled Tribes shall be taken into consideration, consistently with the maintenance of efficiency of administration, in the making of appointments to services and posts in connection with the affairs of the Union or of a State",-10.811558126831054,25,0
reservation in public employment,29,29. Protection of interests of minorities,-10.825636654663086,26,0
reservation in public employment,314,"314. Provision for protection of existing officers of certain services Rep by the Constitution (Twenty eight Amendment) Act, 1972 , Section 3 (w e f 29 08 1972 ) CHAPTER II PUBLIC SERVICE COMMISSION",-10.873595446777344,27,0
reservation in public employment,46,"46. Promotion of educational and economic interests of Scheduled Castes, Scheduled Tribes and other weaker sections The State shall promote with special care the educational and economic interests of the weaker sections of the people, and, in particular, of the Scheduled Castes and the Scheduled Tribes, and shall protect them from social injustice and all forms of exploitation",-11.263115998840332,28,0
reservation in public employment,42,42. Provision for just and humane conditions of work and maternity relief The State shall make provision for securing just and humane conditions of work and for maternity relief,-11.307359867858887,29,0
reservation in public employment,310,310. Tenure of office of persons serving the Union or a State,-11.401437397766113,30,0
reservation in public employment,329,329. A Special provision as to elections to Parliament in the case of Prime Minister and Speaker Omitted PART XVI SPECIAL PROVISIONS RELATING TO CERTAIN CLASSES,-11.454969276428223,31,0
reservation in public employment,338,"338. Special Officer for Scheduled Castes, Scheduled Tribes etc",-11.487412481689454,32,0
reservation in public employment,312,312. All India Services,-11.546827087402344,33,0
reservation in public employment,303,303. Restrictions on the legislative powers of the Union and of the States with regard to trade and commerce,-11.641849389648437,34,0
reservation in public employment,98,98. Secretariat of Parliament,-11.655949501037597,35,0
reservation in public employment,158,158. Conditions of Governor office,-11.677837454223633,36,0
reservation in public employment,102,102. Disqualification s for membership,-11.691842160034179,37,0
reservation in public employment,187,187. Secretariat of State Legislature,-11.702276647949219,38,0
reservation in public employment,191,191. Disqualifications for membership,-11.720100329589844,39,0
reservation in public employment,164,164. Other provisions as to Ministers,-11.72844758758545,40,0
reservation for scheduled castes services,332,332. Reservation of seats for Scheduled Castes and Scheduled Tribes in the Legislative Assemblies of the States,5.36166222076416,1,0
reservation for scheduled castes services,243T,243T. Reservation of seats,4.7167827354431155,2,0
reservation for scheduled castes services,330,330. Reservation of seats for Scheduled Castes and Scheduled Tribes in the House of the People,4.584349375152588,3,0
reservation for scheduled castes services,335,"335. Claims of Scheduled Castes and Scheduled Tribes to services and posts The claims of the members of the Scheduled Castes and the Scheduled Tribes shall be taken into consideration, consistently with the maintenance of efficiency of administration, in the making of appointments to services and posts in connection with the affairs of the Union or of a State",3.6710053688049316,4,1
reservation for scheduled castes services,243D,243D. Reservation of seats,3.4444513565063475,5,0
reservation for scheduled castes services,334,"334. Reservation of seats and special representation to cease after forty years Notwithstanding anything in the foregoing provisions of this Part, the provisions of Constitution relating to",2.3982468215942383,6,0
reservation for scheduled castes services,341,341. Scheduled Castes,0.33634092292785644,7,0
reservation for scheduled castes services,338,"338. Special Officer for Scheduled Castes, Scheduled Tribes etc",-0.6176797739505768,8,0
reservation for scheduled castes services,46,"46. Promotion of educational and economic interests of Scheduled Castes, Scheduled Tribes and other weaker sections The State shall promote with special care the educational and economic interests of the weaker sections of the people, and, in particular, of the Scheduled Castes and the Scheduled Tribes, and shall protect them from social injustice and all forms of exploitation",-1.9678174224853515,9,0
reservation for scheduled castes services,336,336. Special provision for Anglo Indian community in certain services,-5.802356432342529,10,0
reservation for scheduled castes services,16,16. Equality of opportunity in matters of public employment,-7.172042378234863,11,0
reservation for scheduled castes services,244,244. Administration of Scheduled Areas and Tribal Areas,-7.692506632232666,12,0
reservation for scheduled castes services,342,342. Scheduled Tribes,-7.773514359283447,13,0
reservation for scheduled castes services,339,339. Control of the Union over the administration of Scheduled Areas and the welfare of Scheduled Tribes,-8.022845470428466,14,0
reservation for scheduled castes services,15,"15. Prohibition of discrimination on grounds of religion, race, caste, sex or place of birth",-9.225072204589845,15,0
reservation for scheduled castes services,371D,371D. Special provisions with respect to the state of Andhra Pradesh,-9.638349516296387,16,0
reservation for scheduled castes services,243M,243M. Part not to apply to certain areas,-9.884265193176269,17,0
reservation for scheduled castes services,243Z,243Z. C Part not to apply to certain areas,-10.236661685180664,18,0
reservation for scheduled castes services,320,320. Functions of Public Service Commissions,-10.515686090087891,19,0
reservation for scheduled castes services,312,312. All India Services,-10.538827667236328,20,0
reservation for scheduled castes services,309,"309. Recruitment and conditions of service of persons serving the Union or a State Subject to the provisions of this Constitution, Acts of the appropriate Legislature may regulate the recruitment, and conditions of service of persons appointed, to public services and posts in connection with the affairs of the Union or of any State: Provided that it shall be competent for the President or such person as he may direct in the case of services and posts in connection with the affairs of the Union, and for the Governor of a State or such person as he may direct in the case of services and posts in connection with the affairs of the State, to make rules regulating the recruitment, and the conditions of service of persons appointed, to such services and posts until provision in that behalf is made by or under an Act of the appropriate Legislature under this article, and any rules so made shall have effect subject to the provisions of any such Act",-10.575750924682618,21,0
reservation for scheduled castes services,29,29. Protection of interests of minorities,-10.717743664550781,22,0
reservation for scheduled castes services,323,"323. A Administrative tribunals Parliament may, by law, provide for the adjudication or trial by administrative tribunals of disputes and complaints with respect to recruitment and conditions of service of persons appointed to public services and posts in connection with the affairs of the Union or of any State or of any local or other authority within the territory of India or under the control of the Government of India or of any corporation owned or controlled by the Government",-10.74734234161377,23,0
reservation for scheduled castes services,23,23. Prohibition of traffic in human beings and forced labour,-10.895019842529297,24,0
reservation for scheduled castes services,312A,312A. Power of Parliament to vary or revoke conditions of service of officers of certain services,-10.905857565307617,25,0
reservation for scheduled castes services,325,"325. No person to be ineligible for inclusion in, or to claim to be included in a special, electoral roll on grounds of religion, race, caste or sex There shall be one general electoral roll for every territorial constituency for election to either House of Parliament or to the House or either House of the Legislature of a State and no person shall be ineligible for inclusion in any such roll or claim to be included in any special electoral roll for any such constituency on grounds only of religion, race, caste, sex or any of them",-11.278298086547851,26,0
reservation for scheduled castes services,313,"313. Transitional provisions Until other provision is made in this behalf under this Constitution, all the laws in force immediately before the commencement of this Constitution and applicable to any public service or any post which continues to exist after the commencement of service or post under the Union or a State shall continue in force so far as consistent with the provisions of this Constitution",-11.384051077270508,27,0
reservation for scheduled castes services,314,"314. Provision for protection of existing officers of certain services Rep by the Constitution (Twenty eight Amendment) Act, 1972 , Section 3 (w e f 29 08 1972 ) CHAPTER II PUBLIC SERVICE COMMISSION",-11.425122470092774,28,0
reservation for scheduled castes services,259,"259. Armed Forces in States in Part B of the First Schedule Rep by the Constitution (Seventh Amendment) Act, 1956 , S 29 and Schedule",-11.445369952392578,29,0
reservation for scheduled castes services,234,234. Recruitment of persons other than district judges to the judicial service Appointment of persons other than district judges to the judicial service of a State shall be made by the Governor of the State in accordance with rules made by him in that behalf after consultation with the State Public Service Commission and with the High Court exercising jurisdiction in relation to such State,-11.4537970703125,30,0
reservation for scheduled castes services,42,42. Provision for just and humane conditions of work and maternity relief The State shall make provision for securing just and humane conditions of work and for maternity relief,-11.503380947875977,31,0
reservation for scheduled castes services,329,329. A Special provision as to elections to Parliament in the case of Prime Minister and Speaker Omitted PART XVI SPECIAL PROVISIONS RELATING TO CERTAIN CLASSES,-11.514410842895508,32,0
reservation for scheduled castes services,243Z,"243Z. G Bar to interference by courts in electoral matters Notwithstanding anything in this Constitution,",-11.530704557800293,33,0
reservation for scheduled castes services,371B,"371B. Special provision with respect to the State of Assam Notwithstanding anything in this Constitution, the President may, by order made with respect to the State of Assam, provide for the constitution and functions of a committee of the Legislative Assembly of the State consisting of members of that Assembly elected from the tribal areas specified in Part I of the table appended to paragraph 20 of the Sixth Schedule and such number of other members of that Assembly as may be specified in the order and for the modifications to be made in the rules of procedure of that Assembly for the constitution and proper functioning of such committee",-11.559897869873048,34,0
reservation for scheduled castes services,277,"277. Savings Any taxes, duties, cesses or fees which, immediately before the commencement of this Constitution, were being lawfully levied by the Government of any State or by any municipality or other local authority or body for the purposes of the State, municipality, district or other local area may, notwithstanding that those taxes, duties, cesses or fees are mentioned in the Union List, continue to be levied and to be applied to the same purposes until provision to the contrary is made by Parliament by law",-11.574533544921875,35,0
reservation for scheduled castes services,310,310. Tenure of office of persons serving the Union or a State,-11.583414669799804,36,0
reservation for scheduled castes services,378,378. Provisions as to Public Service Commissions,-11.58873752746582,37,0
reservation for scheduled castes services,315,315. Public Service Commissions for the Union and for the States,-11.593047674560546,38,0
reservation for scheduled castes services,290,"290. Adjustment in respect of certain expenses and pensions Where under the provisions of this Constitution the expenses of any court or Commission, or the pension payable to or in respect of a person who has served before the commencement in connection with the affairs of the Union or of a State, are charged on the Consolidated Fund of India or the Consolidated Fund of a State, then, if",-11.809394667053223,39,0
reservation for scheduled castes services,371A,371A. Special provision with respect to the State of Nagaland,-12.798675382995606,40,0
reservation of seats in panchayats,243D,243D. Reservation of seats,5.613293672180176,1,1
reservation of seats in panchayats,243T,243T. Reservation of seats,4.253361867523194,2,0
reservation of seats in panchayats,330,330. Reservation of seats for Scheduled Castes and Scheduled Tribes in the House of the People,1.2591740898132324,3,0
reservation of seats in panchayats,332,332. Reservation of seats for Scheduled Castes and Scheduled Tribes in the Legislative Assemblies of the States,1.1562791584014893,4,0
reservation of seats in panchayats,334,"334. Reservation of seats and special representation to cease after forty years Notwithstanding anything in the foregoing provisions of this Part, the provisions of Constitution relating to",0.2967854706764221,5,0
reservation of seats in panchayats,243C,243C. Composition of Panchayats,-0.31466997165679933,6,0
reservation of seats in panchayats,243K,"243K. Elections to the Panchayats The superintendence, direction and control of the preparation of electoral rolls for, and the conduct of, all elections to the Panchayats shall be vested in a State Election Commission consisting of a State Election Commissioner to be appointed by the Governor",-4.55649497833252,7,0
reservation of seats in panchayats,243B,243B. Constitution of Panchayats,-4.826764240264892,8,0
reservation of seats in panchayats,243F,243F. Disqualifications for membership,-4.982544528198242,9,0
reservation of seats in panchayats,243N,"243N. Continuance of existing laws and Panchayats Notwithstanding anything in this Part, any provision of any law relating to Panchayats in force in a State immediately before commencement of the Constitution (Seventy third Amendment) Act, 1992 , which is inconsistent with the provisions of this part, shall continue to be in force until amended or repealed by a competent Legislature other competent authority or until the expiration of one year from such commencement whichever is earlier: Provided that all the Panchayats existing immediately before such commencement shall continue till the expiration of their duration, unless sooner dissolved by a resolution passed to that effect by the Legislative Assembly of that State or, in the case of a State having a Legislative Council, by each house of the Legislature of that State",-5.1456361038208005,10,0
reservation of seats in panchayats,243G,"243G. Powers, authority and responsibilities of Panchayats Subject to the provisions of this Constitution the Legislature of a State may, by law, endow the Panchayats with such powers and authority and may be necessary to enable them to function as institutions of self government and such law may contain provisions for the devolution of powers and responsibilities upon Panchayats, at the appropriate level, subject to such conditions as may be specified therein, with respect to",-5.5921457046508785,11,0
reservation of seats in panchayats,243Z,243Z. D Committee for district planning,-6.286021276855469,12,0
reservation of seats in panchayats,243O,243O. Bar to interference by courts in electoral matters Notwithstanding anything in this Constitution,-6.332390542602539,13,0
reservation of seats in panchayats,243Z,243Z. E Committee for Metropolitan Planning,-6.4381462112426755,14,0
reservation of seats in panchayats,243E,"243E. Duration of Panchayats, etc",-6.52318842010498,15,0
reservation of seats in panchayats,243J,"243J. Audit of accounts of Panchayats The Legislature of a State may, by law, make provisions with respect to the maintenance of accounts by the Panchayats and the auditing of such accounts",-7.350941987609863,16,0
reservation of seats in panchayats,40,40. Organisation of village panchayats The State shall take steps to organize village panchayats and endow them with such powers and authority as may be necessary to enable them to function as units of self government,-7.498245140838623,17,0
reservation of seats in panchayats,243,"243. Definitions In this Part, unless the context otherwise requires,",-7.865952480316162,18,0
reservation of seats in panchayats,243M,243M. Part not to apply to certain areas,-8.068468341064452,19,0
reservation of seats in panchayats,243R,243R. Composition of Municipalities,-9.303770642089845,20,0
reservation of seats in panchayats,16,16. Equality of opportunity in matters of public employment,-9.314866551208496,21,0
reservation of seats in panchayats,82,"82. Readjustment after each census Upon the completion of each census, the allocation of seats in the House of the People to the States and the division of each State into territorial constituencies shall be readjusted by such authority and in such manner as Parliament may by law determine: Provided that such readjustment shall not affect representation in the House of the People until the dissolution of the then existing House: Provided further that such readjustment shall take effect from such date as President may, by order, specify and until such readjustment takes effect, any election to the House may be held on the basis of the territorial constituencies existing before such readjustment: Provided also that until the relevant figures for the first census taken after the year 2000 have been published, it shall not be necessary to readjust the allocation of seats in the House of the People to the States and the division of each State into territorial constituencies under this article",-9.696212063598633,22,0
reservation of seats in panchayats,336,336. Special provision for Anglo Indian community in certain services,-9.815703581237793,23,0
reservation of seats in panchayats,371F,"371F. Special provisions with respect to the State of Sikkim Notwithstanding anything in this Constitution,",-9.983982537841797,24,0
reservation of seats in panchayats,243S,"243S. Constitution and composition of wards Committees, etc",-9.984458026123047,25,0
reservation of seats in panchayats,243Q,243Q. Constitution of Municipalities,-9.999843934631347,26,0
reservation of seats in panchayats,81,81. Composition of the House of the People,-10.149019645690919,27,0
reservation of seats in panchayats,243P,"243P. Definitions In this Part, unless the context otherwise requires,",-10.20661667175293,28,0
reservation of seats in panchayats,173,173. Qualification for membership of the State Legislature A person shall not be qualified to be chosen to fill a seat in the Legislature of a State unless he,-10.89526717376709,29,0
reservation of seats in panchayats,170,170. Composition of the Legislative Assemblies,-10.957468795776368,30,0
reservation of seats in panchayats,84,84. Qualification for membership of Parliament A person shall not be qualified to be chosen to fill a seat in Parliament unless he,-10.998528251647949,31,0
reservation of seats in panchayats,29,29. Protection of interests of minorities,-11.011085301208496,32,0
reservation of seats in panchayats,243Z,"243Z. G Bar to interference by courts in electoral matters Notwithstanding anything in this Constitution,",-11.212899267578125,33,0
reservation of seats in panchayats,130,"130. Seat of Supreme Court The Supreme Court shall sit in Delhi or in such other place or places, as the Chief Justice of India may, with the approval of the President, from time to time, appoint",-11.23285382080078,34,0
reservation of seats in panchayats,326,"326. Elections to the House of the People and to the Legislative Assemblies of States to be on the basis of adult suffrage The elections to the House of the People and to the Legislative Assembly of every State shall be on the basis of adult suffrage; but is to say, every person who is a citizen of India and who is not less than twenty one years of age on such date as may be fixed in that behalf by or under any law made by the appropriate legislature and is not otherwise disqualified under this constitution or any law made by the appropriate Legislature on the ground of non residence, unsoundness of mind, crime or corrupt or illegal practice, shall be entitled to be registered as a voter at any such election",-11.406732174682617,35,0
reservation of seats in panchayats,371,371. Special provision with respect to the States of Maharashtra and Gujarat,-11.615416955566406,36,0
reservation of seats in panchayats,324,"324. Superintendence, direction and control of elections to be vested in an Election Commission",-11.717092163085937,37,0
reservation of seats in panchayats,164,164. Other provisions as to Ministers,-11.727342279052735,38,0
reservation of seats in panchayats,378,378. Provisions as to Public Service Commissions,-11.838924447631836,39,0
reservation of seats in panchayats,371A,371A. Special provision with respect to the State of Nagaland,-12.405922735595704,40,0
reservation in municipalities,243T,243T. Reservation of seats,4.475420640563965,1,1
reservation in municipalities,243D,243D. Reservation of seats,-2.242840980911255,2,0
reservation in municipalities,332,332. Reservation of seats for Scheduled Castes and Scheduled Tribes in the Legislative Assemblies of the States,-2.4024345161437988,3,0
reservation in municipalities,330,330. Reservation of seats for Scheduled Castes and Scheduled Tribes in the House of the People,-2.945935029602051,4,0
reservation in municipalities,334,"334. Reservation of seats and special representation to cease after forty years Notwithstanding anything in the foregoing provisions of this Part, the provisions of Constitution relating to",-3.7808770568847656,5,0
reservation in municipalities,243R,243R. Composition of Municipalities,-5.780488591003418,6,0
reservation in municipalities,243Q,243Q. Constitution of Municipalities,-6.58939776763916,7,0
reservation in municipalities,243Z,"243Z. F Continuance of existing laws and Municipalities Notwithstanding anything in this Part, any provision of any law relating to Municipalities in force in a State immediately before the commencement of the Constitution (Seventy fourth Amendment) Act, 1992 , which is inconsistent with the provisions of this Part, shall continue to be in force until amended or repealed by a competent Legislature or other competent authority or until the expiration of one year from such commencement, whichever is earlier: Provided that all the Municipalities existing immediately before such commencement shall continue till the expiration of their duration, unless sooner dissolved by a resolution passed to that effect by the Legislative Assembly of that State or, in the case of a State having a Legislative Council, by each House of the Legislature of that State",-7.562323019409179,8,0
reservation in municipalities,336,336. Special provision for Anglo Indian community in certain services,-7.594490240478516,9,0
reservation in municipalities,243U,"243U. Duration of Municipalities, etc",-7.658815892028809,10,0
reservation in municipalities,243C,243C. Composition of Panchayats,-8.389336829376221,11,0
reservation in municipalities,243W,"243W. Powers, authority and responsibilities of Municipalities, etc Subject to the provisions of this Constitution, the Legislature of a State may, by law, endow",-8.48590182647705,12,0
reservation in municipalities,243Z,243Z. A Elections to the Municipalities,-8.56963292541504,13,0
reservation in municipalities,243Z,243Z. E Committee for Metropolitan Planning,-8.749868013000489,14,0
reservation in municipalities,243P,"243P. Definitions In this Part, unless the context otherwise requires,",-9.13771560974121,15,0
reservation in municipalities,243X,"243X. Power to impose taxes by, and funds, of, the Municipalities The Legislature of a State may, by law",-9.221496403503417,16,0
reservation in municipalities,243V,243V. Disqualifications for membership,-9.644322579956055,17,0
reservation in municipalities,243Y,243Y. Finance Commission,-9.750423139953613,18,0
reservation in municipalities,243Z,243Z. D Committee for district planning,-9.936546369934081,19,0
reservation in municipalities,243Z,"243Z. Audit of accounts of Municipalities The Legislature of a State may, by law, make provisions with respect to the maintenance of accounts by the Municipalities and the auditing of such accounts",-9.96919134979248,20,0
reservation in municipalities,277,"277. Savings Any taxes, duties, cesses or fees which, immediately before the commencement of this Constitution, were being lawfully levied by the Government of any State or by any municipality or other local authority or body for the purposes of the State, municipality, district or other local area may, notwithstanding that those taxes, duties, cesses or fees are mentioned in the Union List, continue to be levied and to be applied to the same purposes until provision to the contrary is made by Parliament by law",-10.069662176513672,21,0
reservation in municipalities,243S,"243S. Constitution and composition of wards Committees, etc",-10.346455630493164,22,0
reservation in municipalities,31A,"31A. Saving of laws providing for acquisition of estates, etc ( 1 ) Notwithstanding anything contained in Article 13, no law providing for",-10.729024697875976,23,0
reservation in municipalities,243O,243O. Bar to interference by courts in electoral matters Notwithstanding anything in this Constitution,-11.022914643859863,24,0
reservation in municipalities,15,"15. Prohibition of discrimination on grounds of religion, race, caste, sex or place of birth",-11.07522135925293,25,0
reservation in municipalities,243,"243. Definitions In this Part, unless the context otherwise requires,",-11.079547393798828,26,0
reservation in municipalities,243Z,"243Z. G Bar to interference by courts in electoral matters Notwithstanding anything in this Constitution,",-11.164609968566895,27,0
reservation in municipalities,239,239. A Creation of local Legislatures or Council of Ministers or both for certain Union territories,-11.275524224853516,28,0
reservation in municipalities,371A,371A. Special provision with respect to the State of Nagaland,-11.31465228881836,29,0
reservation in municipalities,49,"49. Protection of monuments and places and objects of national importance It shall be the obligation of the State to protect every monument or place or object of artistic or historic interests, declared by or under law made by Parliament to be of national importance, from spoliation, disfigurement, destruction, removal, disposal or export, as the case may be",-11.345055526733399,30,0
reservation in municipalities,314,"314. Provision for protection of existing officers of certain services Rep by the Constitution (Twenty eight Amendment) Act, 1972 , Section 3 (w e f 29 08 1972 ) CHAPTER II PUBLIC SERVICE COMMISSION",-11.368006915283203,31,0
reservation in municipalities,243B,243B. Constitution of Panchayats,-11.379044189453126,32,0
reservation in municipalities,243J,"243J. Audit of accounts of Panchayats The Legislature of a State may, by law, make provisions with respect to the maintenance of accounts by the Panchayats and the auditing of such accounts",-11.41652617034912,33,0
reservation in municipalities,243G,"243G. Powers, authority and responsibilities of Panchayats Subject to the provisions of this Constitution the Legislature of a State may, by law, endow the Panchayats with such powers and authority and may be necessary to enable them to function as institutions of self government and such law may contain provisions for the devolution of powers and responsibilities upon Panchayats, at the appropriate level, subject to such conditions as may be specified therein, with respect to",-11.421802305603027,34,0
reservation in municipalities,329,329. A Special provision as to elections to Parliament in the case of Prime Minister and Speaker Omitted PART XVI SPECIAL PROVISIONS RELATING TO CERTAIN CLASSES,-11.428328384399414,35,0
reservation in municipalities,327,"327. Power of Parliament to make provision with respect to elections to Legislatures Subject to the provisions of this constitution, Parliament may from time to time by law made provision with respect to all matters relating to, or in connection with, elections to either House of Parliament or to the House or either House of the Legislature of a State including the preparation of electoral rolls, the delimitation of constituencies and all other matters necessary for securing the due constitution of such House or Houses",-11.480211763000488,36,0
reservation in municipalities,203,203. Procedure in Legislature with respect to estimates,-11.587672453308105,37,0
reservation in municipalities,243E,"243E. Duration of Panchayats, etc",-11.642593212890626,38,0
reservation in municipalities,207,207. Special provisions as to financial Bills,-11.746219416809081,39,0
reservation in municipalities,206,"206. Votes on account, votes of credit and exceptional grants",-11.860906448364258,40,0
uniform civil code,44,44. Uniform civil code for the citizens The State shall endeavour to secure for the citizens a uniform civil code throughout the territory of India,6.786384326171875,1,1
uniform civil code,311,"311. Dismissal, removal or reduction in rank of persons employed in civil capacities under the Union or a State",-7.653028649139404,2,0
uniform civil code,19,19. Protection of certain rights regarding freedom of speech etc,-7.812180392456055,3,0
uniform civil code,310,310. Tenure of office of persons serving the Union or a State,-8.745539303588867,4,0
uniform civil code,320,320. Functions of Public Service Commissions,-8.91228776702881,5,0
uniform civil code,16,16. Equality of opportunity in matters of public employment,-9.572839268493652,6,0
uniform civil code,309,"309. Recruitment and conditions of service of persons serving the Union or a State Subject to the provisions of this Constitution, Acts of the appropriate Legislature may regulate the recruitment, and conditions of service of persons appointed, to public services and posts in connection with the affairs of the Union or of any State: Provided that it shall be competent for the President or such person as he may direct in the case of services and posts in connection with the affairs of the Union, and for the Governor of a State or such person as he may direct in the case of services and posts in connection with the affairs of the State, to make rules regulating the recruitment, and the conditions of service of persons appointed, to such services and posts until provision in that behalf is made by or under an Act of the appropriate Legislature under this article, and any rules so made shall have effect subject to the provisions of any such Act",-9.621707536315919,7,0
uniform civil code,14,"14. Equality before law The State shall not deny to any person equality before the law or the equal protection of the laws within the territory of India Prohibition of discrimination on grounds of religion, race, caste, sex or place of birth",-9.786204077148437,8,0
uniform civil code,51A,"51A. Fundamental duties It shall be the duty of every citizen of India (a) to abide by the Constitution and respect its ideals and institutions, the national Flag and the National Anthem;",-10.567169744873047,9,0
uniform civil code,15,"15. Prohibition of discrimination on grounds of religion, race, caste, sex or place of birth",-10.693593322753907,10,0
uniform civil code,325,"325. No person to be ineligible for inclusion in, or to claim to be included in a special, electoral roll on grounds of religion, race, caste or sex There shall be one general electoral roll for every territorial constituency for election to either House of Parliament or to the House or either House of the Legislature of a State and no person shall be ineligible for inclusion in any such roll or claim to be included in any special electoral roll for any such constituency on grounds only of religion, race, caste, sex or any of them",-10.784121221923828,11,0
uniform civil code,341,341. Scheduled Castes,-10.786001425170898,12,0
uniform civil code,350,"350. Language to be used in representations for redress of grievances Every person shall be entitled to submit a representation for the redress of any grievance to any officer or authority of the Union or a State in any of the languages used in the Union or in the State, as the case may be",-10.788964096069336,13,0
uniform civil code,277,"277. Savings Any taxes, duties, cesses or fees which, immediately before the commencement of this Constitution, were being lawfully levied by the Government of any State or by any municipality or other local authority or body for the purposes of the State, municipality, district or other local area may, notwithstanding that those taxes, duties, cesses or fees are mentioned in the Union List, continue to be levied and to be applied to the same purposes until provision to the contrary is made by Parliament by law",-10.810583197021485,14,0
uniform civil code,313,"313. Transitional provisions Until other provision is made in this behalf under this Constitution, all the laws in force immediately before the commencement of this Constitution and applicable to any public service or any post which continues to exist after the commencement of service or post under the Union or a State shall continue in force so far as consistent with the provisions of this Constitution",-10.923048727416992,15,0
uniform civil code,343,343. Official language of the Union,-10.940571961975097,16,0
uniform civil code,269,269. Taxes levied and collected by the union but assigned to the States,-10.948864419555663,17,0
uniform civil code,336,336. Special provision for Anglo Indian community in certain services,-11.043599317932129,18,0
uniform civil code,275,275. Grants from the Union to certain States,-11.076632083129883,19,0
uniform civil code,268,268. Duties levied by the Union but collected and appropriated by the States,-11.169345722961426,20,0
uniform civil code,272,"272. Taxes which are levied and collected by the Union and may be distributed between the Union and the States Union duties of excise other than such duties of excise on medicinal and toilet preparations as are mentioned in the Union List shall be levied and collected by the Government of India, but, if Parliament by law so provides, there shall be paid out of the Consolidated Fund of India to the States to which the law imposing the duty extends sums equivalent to the whole or any part of the net proceeds of that duty, and those sums shall be distributed among those States in accordance with such principles of distribution as may be formulated by such law",-11.1745298248291,21,0
uniform civil code,342,342. Scheduled Tribes,-11.187557308959962,22,0
uniform civil code,257,257. A Assistance to States by deployment of armed forces or other forces of the Union Omitted,-11.217955072021484,23,0
uniform civil code,339,339. Control of the Union over the administration of Scheduled Areas and the welfare of Scheduled Tribes,-11.220987045288085,24,0
uniform civil code,338,"338. Special Officer for Scheduled Castes, Scheduled Tribes etc",-11.240415602111817,25,0
uniform civil code,295,"295. Succession to property, assets, rights, liabilities and obligations in other cases",-11.244877508544922,26,0
uniform civil code,290,"290. Adjustment in respect of certain expenses and pensions Where under the provisions of this Constitution the expenses of any court or Commission, or the pension payable to or in respect of a person who has served before the commencement in connection with the affairs of the Union or of a State, are charged on the Consolidated Fund of India or the Consolidated Fund of a State, then, if",-11.246238539123535,27,0
uniform civil code,150,"150. Form of accounts of the Union and of the States The accounts of the Union and of the States shall be kept in such form as the President may, on the advice of the Comptroller and Auditor General of India, prescribe",-11.312821223449706,28,0
uniform civil code,243T,243T. Reservation of seats,-11.31424553527832,29,0
uniform civil code,271,"271. Surcharge on certain duties and taxes for purposes of the Union Notwithstanding anything in Articles 269 and 270, Parliament may at any time increase any of the duties or taxes referred in those articles by a surcharge for purposes of the Union and the whole proceeds of any such surcharge shall form part the Consolidated Fund of India",-11.31961704864502,30,0
uniform civil code,315,315. Public Service Commissions for the Union and for the States,-11.369551237487793,31,0
uniform civil code,270,270. Taxes levied and collected by the Union and distributed between the Union and the States,-11.372450714111329,32,0
uniform civil code,1,1. The territories of the States; the Union territories specified in the First Schedule; and such other territories as may be acquired,-11.400273965454101,33,0
uniform civil code,393,393. Short title This Constitution may be called the Constitution of India,-11.415570115661621,34,0
uniform civil code,231,231. Establishment of a common High Court for two or more States,-11.434407438659669,35,0
uniform civil code,312,312. All India Services,-11.437482604980469,36,0
uniform civil code,300,300. Suits and proceedings,-11.538295234680175,37,0
uniform civil code,319,319. Prohibition as to the holding of offices by members of Commission on ceasing to be such members On ceasing to hold office,-11.577249649047852,38,0
uniform civil code,283,"283. Custody, etc of Consolidated Funds, Contingency Funds and moneys credited to the public accounts",-11.622323979187012,39,0
uniform civil code,266,266. Consolidated Funds and public accounts of India and of the States,-11.683183598327636,40,0
equal pay for equal work,39,"39. Certain principles of policy to be followed by the State: The State shall, in particular, direct its policy towards securing",1.168426386833191,1,1
equal pay for equal work,16,16. Equality of opportunity in matters of public employment,-4.422804364013672,2,0
equal pay for equal work,39A,39. A Equal justice and free legal aid,-6.4383530448913575,3,0
equal pay for equal work,14,"14. Equality before law The State shall not deny to any person equality before the law or the equal protection of the laws within the territory of India Prohibition of discrimination on grounds of religion, race, caste, sex or place of birth",-8.046649671936034,4,0
equal pay for equal work,43,"43. Living wage, etc, for workers The State shall endeavour to secure, by suitable legislation or economic organisation or in any other way, to all workers, agricultural, industrial or otherwise, work, a living wage, conditions of work ensuring a decent standard of life and full enjoyment of leisure and social and cultural opportunities and, in particular, the State shall endeavour to promote cottage industries on an individual or co operative basis in rural areas",-8.34220545501709,5,0
equal pay for equal work,19,19. Protection of certain rights regarding freedom of speech etc,-10.378788821411133,6,0
equal pay for equal work,195,"195. Salaries and allowances of members Members of the Legislative Assembly and the Legislative Council of a State shall be entitled to receive such salaries and allowances as may from time to time be determined, by the Legislature of the State by law and, until provision in that respect is so made, salaries and allowances at such rates and upon such conditions as were immediately before the commencement of the Constitution applicable in the case of members of the Legislative Assembly of the corresponding Province Legislative Procedure",-10.872773023986817,7,0
equal pay for equal work,106,"106. Salaries and allowances of members Members of either House of Parliament shall be entitled to receive such salaries and allowances as may from time to time be determined by Parliament by law and, until provision in that in that respect is so made, allowances at such rates and upon such conditions as were immediately before the commencement of this Constitution applicable in the case of members of the Constituent Assembly of the Dominion of India Legislative Procedure",-10.879831190490723,8,0
equal pay for equal work,97,"97. Salaries and allowances of the Chairman and Deputy Chairman and the Speaker and Deputy Speaker There shall be paid to the Chairman and the Deputy Chairman of the council of States, and to the Speaker and the Deputy Speaker of the House of the People, such salaries and allowances as may be respectively fixed by Parliament by law and, until provision in that behalf is so made, such salaries and allowances as are specified in the Second Schedule",-10.972130470275879,9,0
equal pay for equal work,23,23. Prohibition of traffic in human beings and forced labour,-10.993416143798829,10,0
equal pay for equal work,186,"186. Salaries and allowances of the Speaker and Deputy Speaker and the Chairman and Deputy Chairman There shall be paid to the Speaker and the Deputy Speaker of the Legislative Assembly, and to the Chairman and the Deputy Chairman of the Legislative Council, such salaries and allowances as may be respectively fixed by the Legislature of the State by law and, until provision in that behalf is so made, such salaries and allowances as are specified in the Second Schedule",-10.993781231689454,11,0
equal pay for equal work,41,"41. Right to work, to education and to public assistance in certain cases The State shall, within the limits of its economic capacity and development, make effective provision for securing the right to work, to education and to public assistance in cases of unemployment, old age, sickness and disablement, and in other cases of undeserved want",-11.108843858337403,12,0
equal pay for equal work,276,"276. Taxes on professions, trades, callings and employments",-11.167579415893554,13,0
equal pay for equal work,15,"15. Prohibition of discrimination on grounds of religion, race, caste, sex or place of birth",-11.204823791503907,14,0
equal pay for equal work,221,"221. Salaries etc, of Judges",-11.245753385925292,15,0
equal pay for equal work,42,42. Provision for just and humane conditions of work and maternity relief The State shall make provision for securing just and humane conditions of work and for maternity relief,-11.265279942321778,16,0
equal pay for equal work,322,"322. Expenses of Public Service Commission The expenses of the Union or a State Public Service Commission, including any salaries, allowances and pensions payable to or in respect of the members or staff of the Commission, shall be charged on the Consolidated Fund of India or, as the case may be, the Consolidated Fund of the State",-11.283639805603027,17,0
equal pay for equal work,125,"125. Salaries, etc, of Judges",-11.28965942993164,18,0
equal pay for equal work,44,44. Uniform civil code for the citizens The State shall endeavour to secure for the citizens a uniform civil code throughout the territory of India,-11.342761296081543,19,0
equal pay for equal work,45,"45. Provision for free and compulsory education for children The State shall endeavour to provide, within a period of ten years from the commencement of this Constitution, for free and compulsory education for all children until they complete the age of fourteen years",-11.35302862854004,20,0
equal pay for equal work,43,"43. A Participation of workers in management of industries The State shall take steps, by suitable legislation or in any other way, to secure the participation of workers in the management of undertakings, establishments or other organisations engaged in any industry",-11.378227154541015,21,0
equal pay for equal work,335,"335. Claims of Scheduled Castes and Scheduled Tribes to services and posts The claims of the members of the Scheduled Castes and the Scheduled Tribes shall be taken into consideration, consistently with the maintenance of efficiency of administration, in the making of appointments to services and posts in connection with the affairs of the Union or of a State",-11.379976629638671,22,0
equal pay for equal work,275,275. Grants from the Union to certain States,-11.417921603393555,23,0
equal pay for equal work,46,"46. Promotion of educational and economic interests of Scheduled Castes, Scheduled Tribes and other weaker sections The State shall promote with special care the educational and economic interests of the weaker sections of the people, and, in particular, of the Scheduled Castes and the Scheduled Tribes, and shall protect them from social injustice and all forms of exploitation",-11.421173211669922,24,0
equal pay for equal work,290,"290. Adjustment in respect of certain expenses and pensions Where under the provisions of this Constitution the expenses of any court or Commission, or the pension payable to or in respect of a person who has served before the commencement in connection with the affairs of the Union or of a State, are charged on the Consolidated Fund of India or the Consolidated Fund of a State, then, if",-11.456379721069336,25,0
equal pay for equal work,38,38. State to secure a social order for the promotion of welfare of the people,-11.523717565917968,26,0
equal pay for equal work,272,"272. Taxes which are levied and collected by the Union and may be distributed between the Union and the States Union duties of excise other than such duties of excise on medicinal and toilet preparations as are mentioned in the Union List shall be levied and collected by the Government of India, but, if Parliament by law so provides, there shall be paid out of the Consolidated Fund of India to the States to which the law imposing the duty extends sums equivalent to the whole or any part of the net proceeds of that duty, and those sums shall be distributed among those States in accordance with such principles of distribution as may be formulated by such law",-11.532227311706542,27,0
equal pay for equal work,273,273. Grants in lieu of export duty on jute and jute products,-11.608324282836914,28,0
equal pay for equal work,374,"374. Provisions as to Judges of the Federal Court and proceedings pending in the Federal Court or before His Majesty in Council ( 1 ) The Judges of the Federal Court holding office immediately before the commencement of this Constitution shall, unless they have elected otherwise, become on such commencement the Judges of the Supreme Court and shall thereupon be entitled to such salaries and allowances and to such rights in respect of leave of absence and pension as are provided for under Article 125 in respect of the Judges of the Supreme Court",-11.649325231933593,29,0
equal pay for equal work,320,320. Functions of Public Service Commissions,-11.677250917053223,30,0
equal pay for equal work,323,323. Reports of Public Service Commissions,-11.694940914916993,31,0
equal pay for equal work,51A,"51A. Fundamental duties It shall be the duty of every citizen of India (a) to abide by the Constitution and respect its ideals and institutions, the national Flag and the National Anthem;",-11.708204824829101,32,0
equal pay for equal work,340,340. Appointment of a Commission to investigate the conditions of backward classes,-11.731644506835938,33,0
equal pay for equal work,270,270. Taxes levied and collected by the Union and distributed between the Union and the States,-11.82935417175293,34,0
equal pay for equal work,243Y,243Y. Finance Commission,-11.864758200073242,35,0
equal pay for equal work,148,148. Comptroller and Auditor General of India,-11.939169122314453,36,0
equal pay for equal work,243D,243D. Reservation of seats,-12.000585531616212,37,0
equal pay for equal work,243T,243T. Reservation of seats,-12.005042387390137,38,0
equal pay for equal work,269,269. Taxes levied and collected by the union but assigned to the States,-12.197750527954101,39,0
equal pay for equal work,371D,371D. Special provisions with respect to the state of Andhra Pradesh,-13.62032984008789,40,0
free legal aid,39A,39. A Equal justice and free legal aid,6.689479844665527,1,1
free legal aid,19,19. Protection of certain rights regarding freedom of speech etc,-5.752110354614258,2,0
free legal aid,41,"41. Right to work, to education and to public assistance in certain cases The State shall, within the limits of its economic capacity and development, make effective provision for securing the right to work, to education and to public assistance in cases of unemployment, old age, sickness and disablement, and in other cases of undeserved want",-6.209166104888916,3,0
free legal aid,28,28. Freedom as to attendance at religious instruction or religious worship in certain educational institutions,-6.973090539550781,4,0
free legal aid,275,275. Grants from the Union to certain States,-7.116991580200195,5,0
free legal aid,25,"25. Freedom of conscience and free profession, practice and propagation of religion",-7.585229846191407,6,0
free legal aid,22,22. Protection against arrest and detention in certain cases,-7.705281956481933,7,0
free legal aid,144,"144. Civil and judicial authorities to act in aid of the Supreme Court All authorities, civil and judicial, in the territory of India shall act in aid of the Supreme Court",-7.801582907104492,8,0
free legal aid,45,"45. Provision for free and compulsory education for children The State shall endeavour to provide, within a period of ten years from the commencement of this Constitution, for free and compulsory education for all children until they complete the age of fourteen years",-9.187540385437012,9,0
free legal aid,257,257. A Assistance to States by deployment of armed forces or other forces of the Union Omitted,-9.287834603881835,10,0
free legal aid,337,"337. Special provision with respect to educational grants for the benefit of Anglo Indian community During the first three financial years after the commencement of this Constitution, the same grants, if any, shall be made by the Union and by each State for the benefit of the Anglo Indian community in respect of education as were made in the financial year ending on the thirty first day of March, 1948 During every succeeding period of three years the grants may be less by ten per cent than those for the immediately preceding period of three years: Provided that at the end of ten years from the commencement of this Constitution such grants, to the extent to which they are a special concession to the Anglo Indian community, shall cease: Provided further that no educational institution shall be entitled to receive any grant under this article unless at least forty per cent of annual admissions therein are made available to members of communities other than the Anglo Indian community",-9.478231256103516,11,0
free legal aid,31A,"31A. Saving of laws providing for acquisition of estates, etc ( 1 ) Notwithstanding anything contained in Article 13, no law providing for",-9.502340127563476,12,0
free legal aid,226,226. Power of High Courts to issue certain writs,-9.639205311584472,13,0
free legal aid,14,"14. Equality before law The State shall not deny to any person equality before the law or the equal protection of the laws within the territory of India Prohibition of discrimination on grounds of religion, race, caste, sex or place of birth",-9.682461477661132,14,0
free legal aid,32,32. Remedies for enforcement of rights conferred by this Part,-9.812050280761719,15,0
free legal aid,34,"34. Restriction on rights conferred by this Part while martial law is in force in any area Notwithstanding anything in the foregoing provisions of this Part, Parliament may by law indemnify any person in the service of the Union or of a State or any other person in respect of any act done by him in connection with the maintenance or restoration of order in any area within the territory of India where martial law was in force or validate any sentence passed, punishment inflicted, forfeiture ordered or other act done under martial law in such area",-10.694492483520508,16,0
free legal aid,323,"323. A Administrative tribunals Parliament may, by law, provide for the adjudication or trial by administrative tribunals of disputes and complaints with respect to recruitment and conditions of service of persons appointed to public services and posts in connection with the affairs of the Union or of any State or of any local or other authority within the territory of India or under the control of the Government of India or of any corporation owned or controlled by the Government",-10.71813034362793,17,0
free legal aid,374,"374. Provisions as to Judges of the Federal Court and proceedings pending in the Federal Court or before His Majesty in Council ( 1 ) The Judges of the Federal Court holding office immediately before the commencement of this Constitution shall, unless they have elected otherwise, become on such commencement the Judges of the Supreme Court and shall thereupon be entitled to such salaries and allowances and to such rights in respect of leave of absence and pension as are provided for under Article 125 in respect of the Judges of the Supreme Court",-11.099346022033691,18,0
free legal aid,277,"277. Savings Any taxes, duties, cesses or fees which, immediately before the commencement of this Constitution, were being lawfully levied by the Government of any State or by any municipality or other local authority or body for the purposes of the State, municipality, district or other local area may, notwithstanding that those taxes, duties, cesses or fees are mentioned in the Union List, continue to be levied and to be applied to the same purposes until provision to the contrary is made by Parliament by law",-11.133501135253907,19,0
free legal aid,145,"145. Rules of Court, etc",-11.198363386535645,20,0
free legal aid,228A,"228A. Special provisions as to disposal of question relating to constitutional validity of State Laws Rep by the Constitution (Forty third Amendment) Act, 1977 , sec 10, (w e f 13 4 1978 )",-11.247191348266602,21,0
free legal aid,282,"282. Expenditure defrayable by the Union or a State out of its revenues The Union or a State may make any grants for any public purpose, notwithstanding that the purpose is not one with respect to which Parliament or the Legislature of the State, as the case may be, may make laws",-11.258706581115723,22,0
free legal aid,225,"225. Jurisdiction of existing High Courts Subject to the provisions of this Constitution and to the provisions of any law of the appropriate Legislature made by virtue of powers conferred on that Legislature by this Constitution, the jurisdiction of, and the law administered in, any existing High Court, and the respective powers of the Judges thereof in relation to the administration of justice in the Court, including any power to make rules of Court and to regulate the sittings of the Court and of members thereof sitting alone or in Division Courts, shall be the same as immediately before the commencement of this Constitution: Provided that any restriction to which the exercise of original jurisdiction by any of the High Courts with respect to any matter concerning the revenue or concerning any act ordered or done in the collection thereof was subject immediately before the commencement of this Constitution shall no longer apply to the exercise of such jurisdiction",-11.308984558105468,23,0
free legal aid,261,"261. Public acts, records and judicial proceedings Full faith and credit shall be given throughout the territory of India to public acts, records and judicial proceedings of the Union and of every State",-11.310584478759766,24,0
free legal aid,217,217. Appointment and conditions of the office of a Judge of a High Court,-11.31782872619629,25,0
free legal aid,350,"350. Language to be used in representations for redress of grievances Every person shall be entitled to submit a representation for the redress of any grievance to any officer or authority of the Union or a State in any of the languages used in the Union or in the State, as the case may be",-11.34285146331787,26,0
free legal aid,214,214. High Courts for States There shall be a High Court for each State,-11.413644912719727,27,0
free legal aid,136,136. Special leave to appeal by the Supreme Court,-11.416123593139648,28,0
free legal aid,290,"290. Adjustment in respect of certain expenses and pensions Where under the provisions of this Constitution the expenses of any court or Commission, or the pension payable to or in respect of a person who has served before the commencement in connection with the affairs of the Union or of a State, are charged on the Consolidated Fund of India or the Consolidated Fund of a State, then, if",-11.440440962219238,29,0
free legal aid,134A,"134A. Certificate for appeal to the Supreme Court Every High Court, passing or making a judgment, decree, final order, or sentence, referred to in clause ( 1 ) of Article 132 or clause ( 1 ) of Article 133, or clause ( 1 ) of Article 134",-11.462929824829102,30,0
free legal aid,165,165. Advocate General for the State,-11.469304678344727,31,0
free legal aid,323B,323B. Tribunals for other matters,-11.471855276489258,32,0
free legal aid,222,222. Transfer of a Judge from one High Court to another,-11.551648501586914,33,0
free legal aid,363,"363. Bar to interference by courts in disputes arising out of certain treaties, agreements, etc",-11.578771421813965,34,0
free legal aid,131,"131. Original jurisdiction of the Supreme Court Subject to the provisions of this Constitution, the Supreme Court shall, to the exclusion of any other court, have original jurisdiction in any dispute",-11.593034725952148,35,0
free legal aid,134,134. Appellate jurisdiction of Supreme Court in regard to criminal matters,-11.60921453857422,36,0
free legal aid,233,"233. A Validation of appointments of, and judgments, etc, delivered by, certain district judges Notwithstanding any judgment, decree or order of any court,",-11.63571961669922,37,0
free legal aid,133,133. Appellate jurisdiction of Supreme Court in appeals from High Courts in regard to civil matters,-11.636707312011719,38,0
free legal aid,227,227. Power of superintendence over all courts by the High Court,-11.715382308959962,39,0
free legal aid,371D,371D. Special provisions with respect to the state of Andhra Pradesh,-12.637938482666016,40,0
protection of environment,48A,48A. Protection and improvement of environment and safeguarding of forests and wild life The State shall endeavour to protect and improve the environment and to safeguard the forests and wild life of the country,6.0103360992431645,1,1
protection of environment,49,"49. Protection of monuments and places and objects of national importance It shall be the obligation of the State to protect every monument or place or object of artistic or historic interests, declared by or under law made by Parliament to be of national importance, from spoliation, disfigurement, destruction, removal, disposal or export, as the case may be",-4.154030746459961,2,0
protection of environment,19,19. Protection of certain rights regarding freedom of speech etc,-4.667022101593018,3,0
protection of environment,29,29. Protection of interests of minorities,-5.656606465148926,4,0
protection of environment,21,21. Protection of life and personal liberty No person shall be deprived of his life or personal liberty except according to procedure established by law,-5.8067506988525395,5,0
protection of environment,22,22. Protection against arrest and detention in certain cases,-6.286000950622559,6,0
protection of environment,20,20. Protection in respect of conviction for offences,-7.309220819091797,7,0
protection of environment,361,361. A Protection of publication of proceedings of Parliament and State Legislature,-7.920400525665284,8,0
protection of environment,355,355. Duty of the Union to protect States against external aggression and internal disturbance It shall be the duty of the Union to protect every State against external aggression and internal disturbance and to ensure that the government of every State is carried on in accordance with the provisions of this Constitution,-8.244680555725097,9,0
protection of environment,14,"14. Equality before law The State shall not deny to any person equality before the law or the equal protection of the laws within the territory of India Prohibition of discrimination on grounds of religion, race, caste, sex or place of birth",-9.31729385986328,10,0
protection of environment,51A,"51A. Fundamental duties It shall be the duty of every citizen of India (a) to abide by the Constitution and respect its ideals and institutions, the national Flag and the National Anthem;",-9.460506994628906,11,0
protection of environment,32,32. Remedies for enforcement of rights conferred by this Part,-10.02412074584961,12,0
protection of environment,46,"46. Promotion of educational and economic interests of Scheduled Castes, Scheduled Tribes and other weaker sections The State shall promote with special care the educational and economic interests of the weaker sections of the people, and, in particular, of the Scheduled Castes and the Scheduled Tribes, and shall protect them from social injustice and all forms of exploitation",-10.212609407043457,13,0
protection of environment,359,359. Suspension of the enforcement of the rights conferred by Part III during emergencies,-10.233289529418945,14,0
protection of environment,352,352. Proclamation of Emergency,-10.463229940795898,15,0
protection of environment,31A,"31A. Saving of laws providing for acquisition of estates, etc ( 1 ) Notwithstanding anything contained in Article 13, no law providing for",-10.483363916015625,16,0
protection of environment,38,38. State to secure a social order for the promotion of welfare of the people,-10.505843801879882,17,0
protection of environment,314,"314. Provision for protection of existing officers of certain services Rep by the Constitution (Twenty eight Amendment) Act, 1972 , Section 3 (w e f 29 08 1972 ) CHAPTER II PUBLIC SERVICE COMMISSION",-10.621820658874512,18,0
protection of environment,25,"25. Freedom of conscience and free profession, practice and propagation of religion",-10.66447922821045,19,0
protection of environment,257,257. Control of the Union over States in certain cases,-10.700831326293946,20,0
protection of environment,48,"48. Organisation of agriculture and animal husbandry The State shall endeavour to organise agriculture and animal husbandry on modern and scientific lines and shall, in particular, take steps for preserving and improving the breeds, and prohibiting the slaughter, of cows and calves and other milch and draught cattle",-10.763965069580077,21,0
protection of environment,47,"47. Duty of the State to raise the level of nutrition and the standard of living and to improve public health The State shall regard the raising of the level of nutrition and the standard of living of its people and the improvement of public health as among its primary duties and, in particular, the State shall endeavour to bring about prohibition of the consumption except for medicinal purposes of intoxicating drinks and of drugs which are injurious to health",-10.830501275634767,22,0
protection of environment,23,23. Prohibition of traffic in human beings and forced labour,-10.856615377807618,23,0
protection of environment,34,"34. Restriction on rights conferred by this Part while martial law is in force in any area Notwithstanding anything in the foregoing provisions of this Part, Parliament may by law indemnify any person in the service of the Union or of a State or any other person in respect of any act done by him in connection with the maintenance or restoration of order in any area within the territory of India where martial law was in force or validate any sentence passed, punishment inflicted, forfeiture ordered or other act done under martial law in such area",-10.861965322875976,24,0
protection of environment,43,"43. Living wage, etc, for workers The State shall endeavour to secure, by suitable legislation or economic organisation or in any other way, to all workers, agricultural, industrial or otherwise, work, a living wage, conditions of work ensuring a decent standard of life and full enjoyment of leisure and social and cultural opportunities and, in particular, the State shall endeavour to promote cottage industries on an individual or co operative basis in rural areas",-10.98585837097168,25,0
protection of environment,51,51. Promotion of international peace and security The State shall endeavour to,-10.996251934814453,26,0
protection of environment,33,"33. Power of Parliament to modify the rights conferred by this Part in their application etc Parliament may, by law, determine to what extent any of the rights conferred by this Part shall, in their application to,",-11.042733038330079,27,0
protection of environment,39,"39. Certain principles of policy to be followed by the State: The State shall, in particular, direct its policy towards securing",-11.105443008422851,28,0
protection of environment,42,42. Provision for just and humane conditions of work and maternity relief The State shall make provision for securing just and humane conditions of work and for maternity relief,-11.135752850341797,29,0
protection of environment,41,"41. Right to work, to education and to public assistance in certain cases The State shall, within the limits of its economic capacity and development, make effective provision for securing the right to work, to education and to public assistance in cases of unemployment, old age, sickness and disablement, and in other cases of undeserved want",-11.153012330627442,30,0
protection of environment,44,44. Uniform civil code for the citizens The State shall endeavour to secure for the citizens a uniform civil code throughout the territory of India,-11.198504704284668,31,0
protection of environment,297,297. Things of value within territorial waters or continental shelf and resources of the exclusive economic zone to vest in the Union,-11.248523750305175,32,0
protection of environment,43,"43. A Participation of workers in management of industries The State shall take steps, by suitable legislation or in any other way, to secure the participation of workers in the management of undertakings, establishments or other organisations engaged in any industry",-11.262142102050781,33,0
protection of environment,262,262. Adjudication of disputes relating to waters of inter State rivers or river valleys,-11.327762879943847,34,0
protection of environment,39A,39. A Equal justice and free legal aid,-11.378040296936035,35,0
protection of environment,358,358. Suspension of provisions of Article 19 during emergencies,-11.466462623596192,36,0
protection of environment,364,364. Special provisions as to major ports and aerodromes,-11.63510062713623,37,0
protection of environment,369,"369. Temporary power to Parliament to make laws with respect to certain matters in the State List as if they were matters in the Concurrent List Notwithstanding anything in this Constitution, Parliament shall, during a period of five years from the commencement of this constitution, have power to make laws with respect to the following matters as if they were enumerated in the Concurrent List, namely:",-11.706944987487793,38,0
protection of environment,310,310. Tenure of office of persons serving the Union or a State,-11.743227597045898,39,0
protection of environment,240,240. Power of President to make regulations for certain Union territories,-11.817782585144043,40,0
separation of judiciary from executive,50,50. Separation of judiciary from executive The State shall take steps to separate the judiciary from the executive in the public services of the State,9.00734561920166,1,1
separation of judiciary from executive,375,"375. Courts, authorities and officers to continue to function subject to the provisions of the Constitution All courts of civil, criminal and revenue jurisdiction, all authorities and all officers, judicial, executive and ministerial, throughout the territory of India, shall continue to exercise their respective functions subject to the provisions of this Constitution",-5.529150245666504,2,0
separation of judiciary from executive,162,"162. Extent of executive power of State Subject to the provisions of this Constitution, the executive power of a State shall extend to the matters with respect to which the Legislature of the State has power to make laws Provided that in any matter with respect to which the Legislature of a State and Parliament have power to make laws, the executive power of the State shall be subject to, and limited by, the executive power expressly conferred by the Constitution or by any law made by Parliament upon the Union or authorities thereof Council of Ministers",-5.838470071411133,3,0
separation of judiciary from executive,154,154. Executive power of State,-7.407847595214844,4,0
separation of judiciary from executive,53,53. Executive power of the Union,-7.497936383056641,5,0
separation of judiciary from executive,73,73. Extent of executive power of the Union,-7.943341311645508,6,0
separation of judiciary from executive,260,"260. Jurisdiction of the Union in relation to territories outside India The Government of India may by agreement with the Government of any territory not being part of the territory of India undertake any executive, legislative or judicial functions vested in the Government of such territory, but every such agreement shall be subject to, and governed by, any law relating to the exercise of foreign jurisdiction for the time being in force",-8.164753729248046,7,0
separation of judiciary from executive,374,"374. Provisions as to Judges of the Federal Court and proceedings pending in the Federal Court or before His Majesty in Council ( 1 ) The Judges of the Federal Court holding office immediately before the commencement of this Constitution shall, unless they have elected otherwise, become on such commencement the Judges of the Supreme Court and shall thereupon be entitled to such salaries and allowances and to such rights in respect of leave of absence and pension as are provided for under Article 125 in respect of the Judges of the Supreme Court",-8.885195593261718,8,0
separation of judiciary from executive,360,360. Provisions as to financial emergency,-8.936648073577881,9,0
separation of judiciary from executive,217,217. Appointment and conditions of the office of a Judge of a High Court,-8.966786932373047,10,0
separation of judiciary from executive,2A,2A. The age of a Judge of the Supreme Court shall be determined by such authority and in such manner as Parliament may by law provide,-9.013860066223145,11,0
separation of judiciary from executive,257,257. Control of the Union over States in certain cases,-9.149987133789063,12,0
separation of judiciary from executive,128,"128. Attendance of retired Judges at sittings of the Supreme Court Notwithstanding anything in this chapter, the Chief Justice of India may at any time, with the previous consent of the president, request any person who has held the office of a Judge of the Supreme Court or of the Federal Court or who has held the office of a Judge of a High Court and is duly qualified for appointment as a Judge of the Supreme Court to sit and act as a Judge of the Supreme Court, and every such person so requested shall, while so sitting and acting, be entitled to such allowances as the President may by order determine and have all the jurisdiction, powers and privileges of, but shall not otherwise be deemed to be, a Judge of that Court: Provided that nothing in this article shall be deemed to require any such person as aforesaid to sit and act as a Judge of that Court unless he consents so to do",-9.465876499938965,13,0
separation of judiciary from executive,225,"225. Jurisdiction of existing High Courts Subject to the provisions of this Constitution and to the provisions of any law of the appropriate Legislature made by virtue of powers conferred on that Legislature by this Constitution, the jurisdiction of, and the law administered in, any existing High Court, and the respective powers of the Judges thereof in relation to the administration of justice in the Court, including any power to make rules of Court and to regulate the sittings of the Court and of members thereof sitting alone or in Division Courts, shall be the same as immediately before the commencement of this Constitution: Provided that any restriction to which the exercise of original jurisdiction by any of the High Courts with respect to any matter concerning the revenue or concerning any act ordered or done in the collection thereof was subject immediately before the commencement of this Constitution shall no longer apply to the exercise of such jurisdiction",-9.51820735168457,14,0
separation of judiciary from executive,224,"224. A Appointment of retired Judges at sittings of High Courts Notwithstanding anything in this Chapter, the Chief Justice of a High Court for any State may at any time, with the previous consent of the President, request any person who has held the office of Judge of that Court or of any other High Court to sit and act as a Judge of the High Court for that State, and every such person so requested shall, while so sitting and acting, be entitled to such allowances as the President may by order determine and have all the jurisdiction, powers and privileges of, but shall not otherwise be deemed to be, a Judge of that High Court: Provided that nothing in this article shall be deemed to require any such person as aforesaid to sit and act as a Judge of that High Court unless he consents so to do",-9.556308918762207,15,0
separation of judiciary from executive,256,"256. Obligation of States and the Union The executive power of every State shall be so exercised as to ensure compliance with the laws made by Parliament and any existing laws which apply in that State, and the executive power of the Union shall extend to the giving of such directions to a State as may appear to the Government of India to be necessary for that purpose",-9.6447041015625,16,0
separation of judiciary from executive,235,"235. Control over subordinate courts The control over district courts and courts subordinate thereto including the posting and promotion of, and the grant of leave to, persons belonging to the judicial service of a State and holding any post inferior to the post of district judge shall be vested in the High Court, but nothing in this article shall be construed as taking away from any such person any right of appeal which he may under the law regulating the conditions of his service or as authorising the High Court to deal with him otherwise than in accordance with the conditions of his service prescribed under such law",-9.668486051940919,17,0
separation of judiciary from executive,323,"323. A Administrative tribunals Parliament may, by law, provide for the adjudication or trial by administrative tribunals of disputes and complaints with respect to recruitment and conditions of service of persons appointed to public services and posts in connection with the affairs of the Union or of any State or of any local or other authority within the territory of India or under the control of the Government of India or of any corporation owned or controlled by the Government",-9.677656405639649,18,0
separation of judiciary from executive,298,"298. Power to carry on trade, etc The executive power of the Union and of each State shall extend to the carrying on of any trade or business and to the acquisition, holding and disposal of property and the making of contracts for any purpose: Provided that (a) the said executive power of the Union shall, in so far as such trade or business or such purpose is not one with respect to which Parliament may make laws, be subject in each State to legislation by the State; and",-9.720791516113282,19,0
separation of judiciary from executive,123,123. Power of President to promulgate Ordinances during recess of Parliament,-9.729097848510742,20,0
separation of judiciary from executive,356,356. Provisions in case of failure of constitutional machinery in State,-9.740799137878419,21,0
separation of judiciary from executive,124,124. Establishment and constitution of Supreme Court,-9.75912735595703,22,0
separation of judiciary from executive,361,361. Protection of President and Governors and Rajpramukhs,-10.046743450927734,23,0
separation of judiciary from executive,222,222. Transfer of a Judge from one High Court to another,-10.159438494873047,24,0
separation of judiciary from executive,121,121. Restriction on discussion in Parliament No discussions shall take place in Parliament with respect to the conduct of any Judge of the Supreme Court or of a High Court in the discharge of his duties expect upon a motion for presenting an address to the President praying for the removal of the Judge as hereinafter provided,-10.171994915771485,25,0
separation of judiciary from executive,324,"324. Superintendence, direction and control of elections to be vested in an Election Commission",-10.28690779876709,26,0
separation of judiciary from executive,376,376. Provisions as to Judges of High Courts,-10.335701535034179,27,0
separation of judiciary from executive,236,236. Interpretation In this Chapter,-10.376580804443359,28,0
separation of judiciary from executive,146,146. Officers and servants and the expenses of the Supreme Court,-10.485293594360352,29,0
separation of judiciary from executive,138,138. Enlargement of the jurisdiction of the Supreme Court,-10.497590122985839,30,0
separation of judiciary from executive,142,"142. Enforcement of decrees and orders of Supreme Court and unless as to discovery, etc ( 1 ) The Supreme Court in the exercise of its jurisdiction may pass such decree or make such order as is necessary for doing complete justice in any cause or matter pending before it, and any decree so passed or orders so made shall be enforceable throughout the territory of India in such manner as may be prescribed by or under any law made by Parliament and, until provision in that behalf is so made, in such manner as the President may by order prescribe",-10.664319937133788,31,0
separation of judiciary from executive,131,"131. Original jurisdiction of the Supreme Court Subject to the provisions of this Constitution, the Supreme Court shall, to the exclusion of any other court, have original jurisdiction in any dispute",-10.733053189086913,32,0
separation of judiciary from executive,230,230. Extension of jurisdiction of High Courts to Union territories,-11.155056289672851,33,0
separation of judiciary from executive,363,363. A Recognition granted to Rulers of Indian States to cease and privy purses to be abolished Notwithstanding anything in this Constitution or in any law for the time being in force,-11.30908101196289,34,0
separation of judiciary from executive,395,"395. Repeals The Indian Independence Act, 1947 , and the Government of India Act, 1935 , together with all enactment s amending or supplementing the latter Act, but not including the Abolition of Privy Council Jurisdiction Act, 1949 , are hereby repealed FIRST SCHEDULE Articles 1 and 4 I THE STATES Name Territories",-11.439901358032227,35,0
separation of judiciary from executive,231,231. Establishment of a common High Court for two or more States,-11.476170744323731,36,0
separation of judiciary from executive,262,262. Adjudication of disputes relating to waters of inter State rivers or river valleys,-11.516406335449219,37,0
separation of judiciary from executive,136,136. Special leave to appeal by the Supreme Court,-11.528098309326172,38,0
separation of judiciary from executive,363,"363. Bar to interference by courts in disputes arising out of certain treaties, agreements, etc",-11.568822691345215,39,0
separation of judiciary from executive,371D,371D. Special provisions with respect to the state of Andhra Pradesh,-11.907176000976563,40,0
freedom restrictions,302,"302. Power of Parliament to impose restrictions on trade, commerce and intercourse Parliament may by law impose such restrictions on the freedom of trade, commerce or intercourse between one State and another or within any part of the territory of India as may be required in the public interest",1.161048442840576,1,0
freedom restrictions,19,19. Protection of certain rights regarding freedom of speech etc,0.8752912357330322,2,1
freedom restrictions,304,"304. Restrictions on trade, commerce and intercourse among States Notwithstanding anything in Article 301 or Article 303, the Legislature of a State may by law",0.18667186093330385,3,0
freedom restrictions,28,28. Freedom as to attendance at religious instruction or religious worship in certain educational institutions,-1.643395195579529,4,0
freedom restrictions,25,"25. Freedom of conscience and free profession, practice and propagation of religion",-2.2027766429901123,5,0
freedom restrictions,301,"301. Freedom of trade, commerce and intercourse Subject to the other provisions of this Part, trade, commerce and intercourse throughout the territory of India shall be free",-2.3152694313049316,6,0
freedom restrictions,21,21. Protection of life and personal liberty No person shall be deprived of his life or personal liberty except according to procedure established by law,-2.3965701301574707,7,0
freedom restrictions,27,"27. Freedom as to payment of taxes for promotion of any particular religion No person shall be compelled to pay any taxes, the proceeds of which are specifically appropriated in payment of expenses for the promotion or maintenance of any particular religion or religions denomination",-2.570984652709961,8,0
freedom restrictions,303,303. Restrictions on the legislative powers of the Union and of the States with regard to trade and commerce,-3.6705688148498536,9,0
freedom restrictions,22,22. Protection against arrest and detention in certain cases,-5.176398976135254,10,0
freedom restrictions,34,"34. Restriction on rights conferred by this Part while martial law is in force in any area Notwithstanding anything in the foregoing provisions of this Part, Parliament may by law indemnify any person in the service of the Union or of a State or any other person in respect of any act done by him in connection with the maintenance or restoration of order in any area within the territory of India where martial law was in force or validate any sentence passed, punishment inflicted, forfeiture ordered or other act done under martial law in such area",-5.873506689453125,11,0
freedom restrictions,194,"194. Powers, privileges, etc, of the House of Legislatures and of the members and committees thereof",-5.968408811187744,12,0
freedom restrictions,359,359. Suspension of the enforcement of the rights conferred by Part III during emergencies,-6.145665933227539,13,0
freedom restrictions,105,"105. Powers, privileges, etc of the Houses of Parliament and of the members and committees thereof",-6.421213048553467,14,0
freedom restrictions,15,"15. Prohibition of discrimination on grounds of religion, race, caste, sex or place of birth",-6.426669418334961,15,0
freedom restrictions,18,"18. Abolition of titles No title, not being a military or academic distinction, shall be conferred by the State No citizen of India shall accept any title from any foreign State No person who is not a citizen of India shall, while he holds any office of profit or trust under the State, accept without the consent of the President any title from any foreign State No person holding any office of profit or trust under the State shall, without the consent of the President, accept any present, emolument, or office of any kind from or under any foreign State Right to Freedom",-6.630455541229248,16,0
freedom restrictions,197,197. Restriction on powers of Legislative Council as to Bills other than Money Bills,-7.3645180877685545,17,0
freedom restrictions,29,29. Protection of interests of minorities,-7.851439266967773,18,0
freedom restrictions,121,121. Restriction on discussion in Parliament No discussions shall take place in Parliament with respect to the conduct of any Judge of the Supreme Court or of a High Court in the discharge of his duties expect upon a motion for presenting an address to the President praying for the removal of the Judge as hereinafter provided,-8.015537968444825,19,0
freedom restrictions,306,"306. Power of certain States in Part B of the First Schedule to impose restrictions on trade and commerce Rep by the Constitution (Seventh Amendment) Act, 1956 , Section 29 and Schedule",-8.085697769165039,20,0
freedom restrictions,32,32. Remedies for enforcement of rights conferred by this Part,-8.20092624206543,21,0
freedom restrictions,33,"33. Power of Parliament to modify the rights conferred by this Part in their application etc Parliament may, by law, determine to what extent any of the rights conferred by this Part shall, in their application to,",-8.223372305297852,22,0
freedom restrictions,24,"24. Prohibition of employment of children in factories, etc No child below the age of fourteen years shall be employed to work in any factory or mine or engaged in any other hazardous employment Provided that nothing in this sub clause shall authorise the detention of any person beyond the maximum period prescribed by any law made by Parliament under sub clause (b) of clause ( 7 ); or such person is detained in accordance with the provisions of any law made by Parliament under sub clauses (a) and (b) of clause ( 7 )",-8.329863775634765,23,0
freedom restrictions,358,358. Suspension of provisions of Article 19 during emergencies,-8.462605010986328,24,0
freedom restrictions,30,30. Right of minorities to establish and administer educational institutions,-8.502521856689453,25,0
freedom restrictions,23,23. Prohibition of traffic in human beings and forced labour,-8.883300138854981,26,0
freedom restrictions,17,17. Abolition of Untouchability Untouchability is abolished and its practice in any form is forbidden The enforcement of any disability arising out of Untouchability shall be an offence punishable in accordance with law,-8.904309518432617,27,0
freedom restrictions,360,360. Provisions as to financial emergency,-9.194756689453126,28,0
freedom restrictions,373,"373. Power of President to make order in respect of persons under preventive detention in certain cases Until provision is made by Parliament under clause ( 7 ) of Article 22, or until the expiration of one year from the commencement of this Constitution, whichever is earlier, the said article shall have effect as if for any reference to Parliament in clauses ( 4 ) and ( 7 ) thereof there were substituted a reference to the Parliament in those clauses there were substituted a reference to an order made by the President",-10.104910401916504,29,0
freedom restrictions,41,"41. Right to work, to education and to public assistance in certain cases The State shall, within the limits of its economic capacity and development, make effective provision for securing the right to work, to education and to public assistance in cases of unemployment, old age, sickness and disablement, and in other cases of undeserved want",-10.199119622802735,30,0
freedom restrictions,191,191. Disqualifications for membership,-10.24107353515625,31,0
freedom restrictions,300,"300. A Persons not to be deprived of property save by authority of law No person shall be deprived of his property save by authority of law PART XIII TRADE, COMMERCE AND INTERCOURSE WITHIN THE TERRITORY OF INDIA",-10.326870741271973,32,0
freedom restrictions,369,"369. Temporary power to Parliament to make laws with respect to certain matters in the State List as if they were matters in the Concurrent List Notwithstanding anything in this Constitution, Parliament shall, during a period of five years from the commencement of this constitution, have power to make laws with respect to the following matters as if they were enumerated in the Concurrent List, namely:",-10.573320910644531,33,0
freedom restrictions,161,"161. Power of Governor to grant pardons, etc, and to suspend, remit or commute sentences in certain cases The Governor of a State shall have the power to grant pardons, reprieves, respites or remissions of punishment or to suspend, remit or commute the sentence of any person convicted of any offence against any law relating to a matter to which the executive power of the State extends",-10.586086811828613,34,0
freedom restrictions,72,"72. Power of President to grant pardons, etc, and to suspend, remit or commute sentences in certain cases",-10.80144091796875,35,0
freedom restrictions,364,364. Special provisions as to major ports and aerodromes,-10.884805941772461,36,0
freedom restrictions,240,240. Power of President to make regulations for certain Union territories,-10.986076538085937,37,0
freedom restrictions,375,"375. Courts, authorities and officers to continue to function subject to the provisions of the Constitution All courts of civil, criminal and revenue jurisdiction, all authorities and all officers, judicial, executive and ministerial, throughout the territory of India, shall continue to exercise their respective functions subject to the provisions of this Constitution",-10.989297149658203,38,0
freedom restrictions,291,"291. Privy purse sums of Rulers Rep by the Constitution (Twenty sixth Amendment) Act, 1971 , Section 2 CHAPTER II BORROWING",-11.21850389404297,39,0
freedom restrictions,136,136. Special leave to appeal by the Supreme Court,-11.302515232849121,40,0
state cannot discriminate,15,"15. Prohibition of discrimination on grounds of religion, race, caste, sex or place of birth",5.080611885070801,1,1
state cannot discriminate,304,"304. Restrictions on trade, commerce and intercourse among States Notwithstanding anything in Article 301 or Article 303, the Legislature of a State may by law",0.6358791370391845,2,0
state cannot discriminate,16,16. Equality of opportunity in matters of public employment,-0.8973132455825805,3,0
state cannot discriminate,14,"14. Equality before law The State shall not deny to any person equality before the law or the equal protection of the laws within the territory of India Prohibition of discrimination on grounds of religion, race, caste, sex or place of birth",-1.2360393775939942,4,0
state cannot discriminate,30,30. Right of minorities to establish and administer educational institutions,-2.7948011001586917,5,0
state cannot discriminate,303,303. Restrictions on the legislative powers of the Union and of the States with regard to trade and commerce,-4.004633298492432,6,0
state cannot discriminate,23,23. Prohibition of traffic in human beings and forced labour,-4.263733221435547,7,0
state cannot discriminate,19,19. Protection of certain rights regarding freedom of speech etc,-5.761058680725098,8,0
state cannot discriminate,18,"18. Abolition of titles No title, not being a military or academic distinction, shall be conferred by the State No citizen of India shall accept any title from any foreign State No person who is not a citizen of India shall, while he holds any office of profit or trust under the State, accept without the consent of the President any title from any foreign State No person holding any office of profit or trust under the State shall, without the consent of the President, accept any present, emolument, or office of any kind from or under any foreign State Right to Freedom",-7.33352951965332,9,0
state cannot discriminate,39,"39. Certain principles of policy to be followed by the State: The State shall, in particular, direct its policy towards securing",-7.717109687805176,10,0
state cannot discriminate,325,"325. No person to be ineligible for inclusion in, or to claim to be included in a special, electoral roll on grounds of religion, race, caste or sex There shall be one general electoral roll for every territorial constituency for election to either House of Parliament or to the House or either House of the Legislature of a State and no person shall be ineligible for inclusion in any such roll or claim to be included in any special electoral roll for any such constituency on grounds only of religion, race, caste, sex or any of them",-7.773040003204346,11,0
state cannot discriminate,370,370. Temporary provisions with respect to the State of Jammu and Kashmir,-8.254413679504395,12,0
state cannot discriminate,311,"311. Dismissal, removal or reduction in rank of persons employed in civil capacities under the Union or a State",-8.484183949279785,13,0
state cannot discriminate,31A,"31A. Saving of laws providing for acquisition of estates, etc ( 1 ) Notwithstanding anything contained in Article 13, no law providing for",-8.54531841430664,14,0
state cannot discriminate,29,29. Protection of interests of minorities,-8.704561978149414,15,0
state cannot discriminate,289,289. Exemption of property and income of a State from Union taxation,-8.863203872680664,16,0
state cannot discriminate,288,288. Exemption from taxation by States in respect of water or electricity in certain cases,-8.877342974853516,17,0
state cannot discriminate,309,"309. Recruitment and conditions of service of persons serving the Union or a State Subject to the provisions of this Constitution, Acts of the appropriate Legislature may regulate the recruitment, and conditions of service of persons appointed, to public services and posts in connection with the affairs of the Union or of any State: Provided that it shall be competent for the President or such person as he may direct in the case of services and posts in connection with the affairs of the Union, and for the Governor of a State or such person as he may direct in the case of services and posts in connection with the affairs of the State, to make rules regulating the recruitment, and the conditions of service of persons appointed, to such services and posts until provision in that behalf is made by or under an Act of the appropriate Legislature under this article, and any rules so made shall have effect subject to the provisions of any such Act",-8.920965768432618,18,0
state cannot discriminate,341,341. Scheduled Castes,-9.535948973083496,19,0
state cannot discriminate,320,320. Functions of Public Service Commissions,-9.54164510498047,20,0
state cannot discriminate,282,"282. Expenditure defrayable by the Union or a State out of its revenues The Union or a State may make any grants for any public purpose, notwithstanding that the purpose is not one with respect to which Parliament or the Legislature of the State, as the case may be, may make laws",-9.59076262664795,21,0
state cannot discriminate,371D,371D. Special provisions with respect to the state of Andhra Pradesh,-9.597392065429688,22,0
state cannot discriminate,329,329. Bar to interference by courts in electoral matters Notwithstanding anything in this Constitution,-9.67467186126709,23,0
state cannot discriminate,38,38. State to secure a social order for the promotion of welfare of the people,-9.701377554321288,24,0
state cannot discriminate,286,286. Restrictions as to imposition of tax on the sale or purchase of goods,-9.811180303955078,25,0
state cannot discriminate,43,"43. Living wage, etc, for workers The State shall endeavour to secure, by suitable legislation or economic organisation or in any other way, to all workers, agricultural, industrial or otherwise, work, a living wage, conditions of work ensuring a decent standard of life and full enjoyment of leisure and social and cultural opportunities and, in particular, the State shall endeavour to promote cottage industries on an individual or co operative basis in rural areas",-9.84786074371338,26,0
state cannot discriminate,287,"287. Exemption from taxes on electricity Save in so far as Parliament may by law otherwise provide, no law of a State shall impose, or authorise the imposition of, a tax on the consumption or sale of electricity (whether produced by a Government or other persons) which is",-9.914615531921386,27,0
state cannot discriminate,285,285. Exemption of property of the Union from State taxation,-9.952706649780273,28,0
state cannot discriminate,262,262. Adjudication of disputes relating to waters of inter State rivers or river valleys,-9.954331674194336,29,0
state cannot discriminate,363,"363. Bar to interference by courts in disputes arising out of certain treaties, agreements, etc",-9.960869619750977,30,0
state cannot discriminate,46,"46. Promotion of educational and economic interests of Scheduled Castes, Scheduled Tribes and other weaker sections The State shall promote with special care the educational and economic interests of the weaker sections of the people, and, in particular, of the Scheduled Castes and the Scheduled Tribes, and shall protect them from social injustice and all forms of exploitation",-9.973013040161133,31,0
state cannot discriminate,39A,39. A Equal justice and free legal aid,-10.031830770874024,32,0
state cannot discriminate,41,"41. Right to work, to education and to public assistance in certain cases The State shall, within the limits of its economic capacity and development, make effective provision for securing the right to work, to education and to public assistance in cases of unemployment, old age, sickness and disablement, and in other cases of undeserved want",-10.115045602416993,33,0
state cannot discriminate,243O,243O. Bar to interference by courts in electoral matters Notwithstanding anything in this Constitution,-10.325566049194336,34,0
state cannot discriminate,243Z,"243Z. G Bar to interference by courts in electoral matters Notwithstanding anything in this Constitution,",-10.326591551208496,35,0
state cannot discriminate,342,342. Scheduled Tribes,-10.466232388305665,36,0
state cannot discriminate,274,274. Prior recommendation of President required to Bills affecting taxation in which States are interested,-10.703949923706055,37,0
state cannot discriminate,50,50. Separation of judiciary from executive The State shall take steps to separate the judiciary from the executive in the public services of the State,-10.718061981201172,38,0
state cannot discriminate,214,214. High Courts for States There shall be a High Court for each State,-10.923849227905274,39,0
state cannot discriminate,300,"300. A Persons not to be deprived of property save by authority of law No person shall be deprived of his property save by authority of law PART XIII TRADE, COMMERCE AND INTERCOURSE WITHIN THE TERRITORY OF INDIA",-11.012739958190918,40,0
right to life,21,21. Protection of life and personal liberty No person shall be deprived of his life or personal liberty except according to procedure established by law,-0.05410103397369381,1,1
right to life,41,"41. Right to work, to education and to public assistance in certain cases The State shall, within the limits of its economic capacity and development, make effective provision for securing the right to work, to education and to public assistance in cases of unemployment, old age, sickness and disablement, and in other cases of undeserved want",-2.1387169910430908,2,0
right to life,19,19. Protection of certain rights regarding freedom of speech etc,-4.967786662292481,3,0
right to life,26,"26. Freedom to manage religious affairs Subject to public order, morality and health, every religious denomination or any section thereof shall have the right",-5.651083567810058,4,0
right to life,25,"25. Freedom of conscience and free profession, practice and propagation of religion",-6.420638056945801,5,0
right to life,48A,48A. Protection and improvement of environment and safeguarding of forests and wild life The State shall endeavour to protect and improve the environment and to safeguard the forests and wild life of the country,-7.1551302093505855,6,0
right to life,30,30. Right of minorities to establish and administer educational institutions,-7.2889836868286135,7,0
right to life,47,"47. Duty of the State to raise the level of nutrition and the standard of living and to improve public health The State shall regard the raising of the level of nutrition and the standard of living of its people and the improvement of public health as among its primary duties and, in particular, the State shall endeavour to bring about prohibition of the consumption except for medicinal purposes of intoxicating drinks and of drugs which are injurious to health",-7.314389901733398,8,0
right to life,39,"39. Certain principles of policy to be followed by the State: The State shall, in particular, direct its policy towards securing",-7.371928699493409,9,0
right to life,22,22. Protection against arrest and detention in certain cases,-7.616865856933593,10,0
right to life,43,"43. Living wage, etc, for workers The State shall endeavour to secure, by suitable legislation or economic organisation or in any other way, to all workers, agricultural, industrial or otherwise, work, a living wage, conditions of work ensuring a decent standard of life and full enjoyment of leisure and social and cultural opportunities and, in particular, the State shall endeavour to promote cottage industries on an individual or co operative basis in rural areas",-7.653998782348633,11,0
right to life,359,359. Suspension of the enforcement of the rights conferred by Part III during emergencies,-8.287621308898926,12,0
right to life,38,38. State to secure a social order for the promotion of welfare of the people,-8.33127562561035,13,0
right to life,32,32. Remedies for enforcement of rights conferred by this Part,-8.588503298950195,14,0
right to life,29,29. Protection of interests of minorities,-8.619927197265625,15,0
right to life,16,16. Equality of opportunity in matters of public employment,-8.908877857971191,16,0
right to life,177,"177. Rights of Ministers and Advocate General as respects the Houses Every Minister and the Advocate General for a State shall have the right to speak in, and otherwise to take part in the proceedings of, the legislative Assembly of the State or, in the case of a State having a Legislative Council, both Houses, and to speak in, and otherwise to take part in the proceedings of, any committee of the Legislature of which he may be named a member, but shall not, by virtue of this article, be entitled to vote Officers of the State Legislature",-8.993173320007324,17,0
right to life,11,11. Parliament to regulate the right of citizenship by law Nothing in the foregoing provisions of this Part shall derogate from the power of Parliament to make any provision with respect to the acquisition and termination of citizenship and all other matters relating to citizenship PART III FUNDAMENTAL RIGHTS General,-9.395352236938477,18,0
right to life,88,"88. Rights of Ministers and Attorney General in respects Houses Every Minister and the Attorney General of India shall have the right to speak in, and otherwise to take part in the proceedings of either House, any joint sitting of the Houses, and any committee of Parliament of which he may be named a member, but shall not by virtue of this article be entitled to vote Officers of Parliament",-9.649983135986329,19,0
right to life,14,"14. Equality before law The State shall not deny to any person equality before the law or the equal protection of the laws within the territory of India Prohibition of discrimination on grounds of religion, race, caste, sex or place of birth",-9.66954109802246,20,0
right to life,6,"6. Rights of citizenship of certain persons who have migrated to India from Pakistan Notwithstanding anything in Article 5, a person who has migrated to the territory of India from the territory now included in Pakistan shall be deemed to be a citizen of India at the commencement of this Constitution if",-9.985605564880371,21,0
right to life,34,"34. Restriction on rights conferred by this Part while martial law is in force in any area Notwithstanding anything in the foregoing provisions of this Part, Parliament may by law indemnify any person in the service of the Union or of a State or any other person in respect of any act done by him in connection with the maintenance or restoration of order in any area within the territory of India where martial law was in force or validate any sentence passed, punishment inflicted, forfeiture ordered or other act done under martial law in such area",-9.997755194091797,22,0
right to life,15,"15. Prohibition of discrimination on grounds of religion, race, caste, sex or place of birth",-10.201403915405274,23,0
right to life,51A,"51A. Fundamental duties It shall be the duty of every citizen of India (a) to abide by the Constitution and respect its ideals and institutions, the national Flag and the National Anthem;",-10.417110998535156,24,0
right to life,326,"326. Elections to the House of the People and to the Legislative Assemblies of States to be on the basis of adult suffrage The elections to the House of the People and to the Legislative Assembly of every State shall be on the basis of adult suffrage; but is to say, every person who is a citizen of India and who is not less than twenty one years of age on such date as may be fixed in that behalf by or under any law made by the appropriate legislature and is not otherwise disqualified under this constitution or any law made by the appropriate Legislature on the ground of non residence, unsoundness of mind, crime or corrupt or illegal practice, shall be entitled to be registered as a voter at any such election",-10.521007153320312,25,0
right to life,312A,312A. Power of Parliament to vary or revoke conditions of service of officers of certain services,-10.537025930786132,26,0
right to life,39A,39. A Equal justice and free legal aid,-10.696737272644043,27,0
right to life,23,23. Prohibition of traffic in human beings and forced labour,-10.779796911621094,28,0
right to life,72,"72. Power of President to grant pardons, etc, and to suspend, remit or commute sentences in certain cases",-11.159513198852538,29,0
right to life,46,"46. Promotion of educational and economic interests of Scheduled Castes, Scheduled Tribes and other weaker sections The State shall promote with special care the educational and economic interests of the weaker sections of the people, and, in particular, of the Scheduled Castes and the Scheduled Tribes, and shall protect them from social injustice and all forms of exploitation",-11.168369409179688,30,0
right to life,42,42. Provision for just and humane conditions of work and maternity relief The State shall make provision for securing just and humane conditions of work and for maternity relief,-11.227982693481446,31,0
right to life,45,"45. Provision for free and compulsory education for children The State shall endeavour to provide, within a period of ten years from the commencement of this Constitution, for free and compulsory education for all children until they complete the age of fourteen years",-11.234406802368165,32,0
right to life,131,"131. Original jurisdiction of the Supreme Court Subject to the provisions of this Constitution, the Supreme Court shall, to the exclusion of any other court, have original jurisdiction in any dispute",-11.261693936157226,33,0
right to life,325,"325. No person to be ineligible for inclusion in, or to claim to be included in a special, electoral roll on grounds of religion, race, caste or sex There shall be one general electoral roll for every territorial constituency for election to either House of Parliament or to the House or either House of the Legislature of a State and no person shall be ineligible for inclusion in any such roll or claim to be included in any special electoral roll for any such constituency on grounds only of religion, race, caste, sex or any of them",-11.27413720550537,34,0
right to life,350,350. A Facilities for instruction in mother tongue at primary stage It shall be the endeavour of every State and of every local authority within the State to provide adequate facilities for instruction in the mother tongue at the primary stage of education to children belonging to linguistic minority groups; and the President may issue such directions to any State as he considers necessary or proper for securing the provision of such facilities,-11.292583293151855,35,0
right to life,314,"314. Provision for protection of existing officers of certain services Rep by the Constitution (Twenty eight Amendment) Act, 1972 , Section 3 (w e f 29 08 1972 ) CHAPTER II PUBLIC SERVICE COMMISSION",-11.339570254516602,36,0
right to life,323B,323B. Tribunals for other matters,-11.520864599609375,37,0
right to life,339,339. Control of the Union over the administration of Scheduled Areas and the welfare of Scheduled Tribes,-11.564012252807617,38,0
right to life,312,312. All India Services,-11.72051025390625,39,0
right to life,371D,371D. Special provisions with respect to the state of Andhra Pradesh,-12.402178747558594,40,0
public order restriction speech,19,19. Protection of certain rights regarding freedom of speech etc,0.41199640555977823,1,1
public order restriction speech,121,121. Restriction on discussion in Parliament No discussions shall take place in Parliament with respect to the conduct of any Judge of the Supreme Court or of a High Court in the discharge of his duties expect upon a motion for presenting an address to the President praying for the removal of the Judge as hereinafter provided,-5.313681355285644,2,0
public order restriction speech,302,"302. Power of Parliament to impose restrictions on trade, commerce and intercourse Parliament may by law impose such restrictions on the freedom of trade, commerce or intercourse between one State and another or within any part of the territory of India as may be required in the public interest",-6.604727237701416,3,0
public order restriction speech,22,22. Protection against arrest and detention in certain cases,-6.773724777984619,4,0
public order restriction speech,211,211. Restriction on discussion in the Legislature No discussion shall take place in the Legislature of a State with respect to the conduct of any Judge of the Supreme Court or of a High Court in the discharge of his duties,-7.101465271759033,5,0
public order restriction speech,359,359. Suspension of the enforcement of the rights conferred by Part III during emergencies,-7.124429513549805,6,0
public order restriction speech,303,303. Restrictions on the legislative powers of the Union and of the States with regard to trade and commerce,-8.231911054229736,7,0
public order restriction speech,15,"15. Prohibition of discrimination on grounds of religion, race, caste, sex or place of birth",-8.476090728759766,8,0
public order restriction speech,220,"220. Restriction on practice after being a permanent Judge No person who, after the commencement of this Constitution, has held office as a permanent Judge of a High Court shall plead or act in any court or before any authority in India except the Supreme Court and the other High Courts Explanation In this article, the expression High Court does not include a High Court for a State specified in Part B of the First Schedule as it existed before the commencement of the Constitution (seventh Amendment) Act, 1956",-8.617485261535645,9,0
public order restriction speech,317,317. Removal and suspension of a member of a Public Service Commission,-8.62027349395752,10,0
public order restriction speech,373,"373. Power of President to make order in respect of persons under preventive detention in certain cases Until provision is made by Parliament under clause ( 7 ) of Article 22, or until the expiration of one year from the commencement of this Constitution, whichever is earlier, the said article shall have effect as if for any reference to Parliament in clauses ( 4 ) and ( 7 ) thereof there were substituted a reference to the Parliament in those clauses there were substituted a reference to an order made by the President",-8.938775567626953,11,0
public order restriction speech,370,370. Temporary provisions with respect to the State of Jammu and Kashmir,-9.048502043151856,12,0
public order restriction speech,16,16. Equality of opportunity in matters of public employment,-9.40930796508789,13,0
public order restriction speech,23,23. Prohibition of traffic in human beings and forced labour,-9.716943098449708,14,0
public order restriction speech,358,358. Suspension of provisions of Article 19 during emergencies,-10.003437530517578,15,0
public order restriction speech,226,226. Power of High Courts to issue certain writs,-10.047227238464355,16,0
public order restriction speech,360,360. Provisions as to financial emergency,-10.335219564819337,17,0
public order restriction speech,306,"306. Power of certain States in Part B of the First Schedule to impose restrictions on trade and commerce Rep by the Constitution (Seventh Amendment) Act, 1956 , Section 29 and Schedule",-10.35439264678955,18,0
public order restriction speech,356,356. Provisions in case of failure of constitutional machinery in State,-10.485634037780763,19,0
public order restriction speech,319,319. Prohibition as to the holding of offices by members of Commission on ceasing to be such members On ceasing to hold office,-10.51693928527832,20,0
public order restriction speech,38,38. State to secure a social order for the promotion of welfare of the people,-10.634496374511718,21,0
public order restriction speech,352,352. Proclamation of Emergency,-10.647628591918945,22,0
public order restriction speech,257,257. Control of the Union over States in certain cases,-10.724057110595703,23,0
public order restriction speech,354,"354. Application of provisions relating to distribution of revenues while a Proclamation of Emergency is in operation (l) The President may, while a Proclamation of Emergency is in operation, by order direct that all or any of the provisions of Articles 268 to 279 shall for such period, not extending in any case beyond the expiration of the financial year in which such Proclamation ceases to operate, as may be specific in the order, have effect subject to such exceptions or modifications as he thinks fit",-10.773170616149903,24,0
public order restriction speech,213,213. Power of Governor to promulgate Ordinances during recess of Legislature,-10.781727798461914,25,0
public order restriction speech,371D,371D. Special provisions with respect to the state of Andhra Pradesh,-10.793558103942871,26,0
public order restriction speech,181,181. The Speaker or the Deputy Speaker not to preside while a resolution for his removal from office is under consideration,-10.844915217590332,27,0
public order restriction speech,347,"347. Special provision relating to language spoken by a section of the population of a State On a demand being made in that behalf the President may, if he is satisfied that a substantial proportion of the population of a State desire the use of any language spoken by them to be recognised throughout that State or any part thereof for such purpose as he may specify CHAPTER III LANGUAGE OF THE SUPREME COURT, HIGH COURTS, ETC",-10.965689450073242,28,0
public order restriction speech,314,"314. Provision for protection of existing officers of certain services Rep by the Constitution (Twenty eight Amendment) Act, 1972 , Section 3 (w e f 29 08 1972 ) CHAPTER II PUBLIC SERVICE COMMISSION",-11.091857165527344,29,0
public order restriction speech,364,364. Special provisions as to major ports and aerodromes,-11.168950343322754,30,0
public order restriction speech,329,329. A Special provision as to elections to Parliament in the case of Prime Minister and Speaker Omitted PART XVI SPECIAL PROVISIONS RELATING TO CERTAIN CLASSES,-11.272415031433106,31,0
public order restriction speech,120,120. Language to be used in Parliament,-11.31446396636963,32,0
public order restriction speech,87,87. Special address by the President,-11.32232341003418,33,0
public order restriction speech,342,342. Scheduled Tribes,-11.393958180236817,34,0
public order restriction speech,239B,239B. Power of administrator to promulgate Ordinances during recess of Legislature,-11.408903427124024,35,0
public order restriction speech,72,"72. Power of President to grant pardons, etc, and to suspend, remit or commute sentences in certain cases",-11.423465454101562,36,0
public order restriction speech,176,176. Special address by the Governor,-11.435976341247558,37,0
public order restriction speech,311,"311. Dismissal, removal or reduction in rank of persons employed in civil capacities under the Union or a State",-11.500335377502442,38,0
public order restriction speech,123,123. Power of President to promulgate Ordinances during recess of Parliament,-11.521802430725097,39,0
public order restriction speech,353,"353. Effect of Proclamation of Emergency While a Proclamation of Emergency is in operation, then",-11.544472175598145,40,0
preventive detention,22,22. Protection against arrest and detention in certain cases,3.7903678581237794,1,1
preventive detention,373,"373. Power of President to make order in respect of persons under preventive detention in certain cases Until provision is made by Parliament under clause ( 7 ) of Article 22, or until the expiration of one year from the commencement of this Constitution, whichever is earlier, the said article shall have effect as if for any reference to Parliament in clauses ( 4 ) and ( 7 ) thereof there were substituted a reference to the Parliament in those clauses there were substituted a reference to an order made by the President",2.696495504760742,2,0
preventive detention,24,"24. Prohibition of employment of children in factories, etc No child below the age of fourteen years shall be employed to work in any factory or mine or engaged in any other hazardous employment Provided that nothing in this sub clause shall authorise the detention of any person beyond the maximum period prescribed by any law made by Parliament under sub clause (b) of clause ( 7 ); or such person is detained in accordance with the provisions of any law made by Parliament under sub clauses (a) and (b) of clause ( 7 )",-3.878105390930176,3,0
preventive detention,19,19. Protection of certain rights regarding freedom of speech etc,-7.0879129096984865,4,0
preventive detention,359,359. Suspension of the enforcement of the rights conferred by Part III during emergencies,-8.781373788452148,5,0
preventive detention,21,21. Protection of life and personal liberty No person shall be deprived of his life or personal liberty except according to procedure established by law,-9.643034382629395,6,0
preventive detention,20,20. Protection in respect of conviction for offences,-9.68969204864502,7,0
preventive detention,14,"14. Equality before law The State shall not deny to any person equality before the law or the equal protection of the laws within the territory of India Prohibition of discrimination on grounds of religion, race, caste, sex or place of birth",-9.81065724029541,8,0
preventive detention,23,23. Prohibition of traffic in human beings and forced labour,-10.36962063446045,9,0
preventive detention,161,"161. Power of Governor to grant pardons, etc, and to suspend, remit or commute sentences in certain cases The Governor of a State shall have the power to grant pardons, reprieves, respites or remissions of punishment or to suspend, remit or commute the sentence of any person convicted of any offence against any law relating to a matter to which the executive power of the State extends",-10.409925999450683,10,0
preventive detention,243D,243D. Reservation of seats,-10.418574308776856,11,0
preventive detention,360,360. Provisions as to financial emergency,-10.520788374328614,12,0
preventive detention,352,352. Proclamation of Emergency,-10.58550147857666,13,0
preventive detention,72,"72. Power of President to grant pardons, etc, and to suspend, remit or commute sentences in certain cases",-10.620019638061523,14,0
preventive detention,34,"34. Restriction on rights conferred by this Part while martial law is in force in any area Notwithstanding anything in the foregoing provisions of this Part, Parliament may by law indemnify any person in the service of the Union or of a State or any other person in respect of any act done by him in connection with the maintenance or restoration of order in any area within the territory of India where martial law was in force or validate any sentence passed, punishment inflicted, forfeiture ordered or other act done under martial law in such area",-10.629509115600586,15,0
preventive detention,15,"15. Prohibition of discrimination on grounds of religion, race, caste, sex or place of birth",-10.831331550598145,16,0
preventive detention,358,358. Suspension of provisions of Article 19 during emergencies,-10.842514526367188,17,0
preventive detention,41,"41. Right to work, to education and to public assistance in certain cases The State shall, within the limits of its economic capacity and development, make effective provision for securing the right to work, to education and to public assistance in cases of unemployment, old age, sickness and disablement, and in other cases of undeserved want",-11.238813455200196,18,0
preventive detention,314,"314. Provision for protection of existing officers of certain services Rep by the Constitution (Twenty eight Amendment) Act, 1972 , Section 3 (w e f 29 08 1972 ) CHAPTER II PUBLIC SERVICE COMMISSION",-11.243086070251465,19,0
preventive detention,42,42. Provision for just and humane conditions of work and maternity relief The State shall make provision for securing just and humane conditions of work and for maternity relief,-11.254050427246094,20,0
preventive detention,45,"45. Provision for free and compulsory education for children The State shall endeavour to provide, within a period of ten years from the commencement of this Constitution, for free and compulsory education for all children until they complete the age of fourteen years",-11.305375430297852,21,0
preventive detention,350,350. A Facilities for instruction in mother tongue at primary stage It shall be the endeavour of every State and of every local authority within the State to provide adequate facilities for instruction in the mother tongue at the primary stage of education to children belonging to linguistic minority groups; and the President may issue such directions to any State as he considers necessary or proper for securing the provision of such facilities,-11.314635104370117,22,0
preventive detention,104,"104. Penalty for sitting and voting before making oath or affirmation under Article 99 or when not qualified or when disqualified If a person sits or votes as a member of either House of Parliament before he has complied with the requirements of Article 99, or when he knows that he is not qualified or that he is disqualified for membership thereof, or that he is prohibited from so doing by the provisions of any law made by Parliament, he shall be liable in respect of each day on which he so sits or votes to a penalty of five hundred rupees to be recovered as a debt due to the Union Powers, Privileges and Immunities of Parliament and its Members",-11.354734059143066,23,0
preventive detention,193,"193. Penalty for sitting and voting before making oath or affirmation under Article 188 or when not qualified or when disqualified If a person sits or votes as a member of the Legislative Assembly or the Legislative Council of a State before he has complied with the requirements of Article 188, or when he knows that he is not qualified or that he is disqualified for membership thereof, or that he is prohibited from so doing by the provisions of any law made by Parliament or the legislature of the State, he shall be liable in respect of each day on which he so sits or votes to a penalty of five hundred rupees to be recovered as a debt due to the State Powers, Privileges and Immunities of State Legislatures and their Members",-11.372520497131347,24,0
preventive detention,46,"46. Promotion of educational and economic interests of Scheduled Castes, Scheduled Tribes and other weaker sections The State shall promote with special care the educational and economic interests of the weaker sections of the people, and, in particular, of the Scheduled Castes and the Scheduled Tribes, and shall protect them from social injustice and all forms of exploitation",-11.375847932434082,25,0
preventive detention,51,51. Promotion of international peace and security The State shall endeavour to,-11.386030072021484,26,0
preventive detention,255,"255. Requirements as to recommendations and previous sanctions to be regarded as matters of procedure only No Act of Parliament or of the legislature of a State and no provision in any such Act, shall be invalid by reason only that some recommendation or previous sanction required by this Constitution was not given, if assent to that Act was given",-11.397505918884278,27,0
preventive detention,43,"43. Living wage, etc, for workers The State shall endeavour to secure, by suitable legislation or economic organisation or in any other way, to all workers, agricultural, industrial or otherwise, work, a living wage, conditions of work ensuring a decent standard of life and full enjoyment of leisure and social and cultural opportunities and, in particular, the State shall endeavour to promote cottage industries on an individual or co operative basis in rural areas",-11.451585223388673,28,0
preventive detention,277,"277. Savings Any taxes, duties, cesses or fees which, immediately before the commencement of this Constitution, were being lawfully levied by the Government of any State or by any municipality or other local authority or body for the purposes of the State, municipality, district or other local area may, notwithstanding that those taxes, duties, cesses or fees are mentioned in the Union List, continue to be levied and to be applied to the same purposes until provision to the contrary is made by Parliament by law",-11.459467016601563,29,0
preventive detention,283,"283. Custody, etc of Consolidated Funds, Contingency Funds and moneys credited to the public accounts",-11.497015942382813,30,0
preventive detention,61,61. Procedure for impeachment of the President,-11.499752516174317,31,0
preventive detention,38,38. State to secure a social order for the promotion of welfare of the people,-11.504599256896972,32,0
preventive detention,273,273. Grants in lieu of export duty on jute and jute products,-11.555792086791993,33,0
preventive detention,243T,243T. Reservation of seats,-11.574323965454102,34,0
preventive detention,39,"39. Certain principles of policy to be followed by the State: The State shall, in particular, direct its policy towards securing",-11.590887077331542,35,0
preventive detention,267,267. Contingency Fund,-11.591904914855958,36,0
preventive detention,191,191. Disqualifications for membership,-11.644082949829102,37,0
preventive detention,233,"233. A Validation of appointments of, and judgments, etc, delivered by, certain district judges Notwithstanding any judgment, decree or order of any court,",-11.734638531494141,38,0
preventive detention,310,310. Tenure of office of persons serving the Union or a State,-11.773574467468261,39,0
preventive detention,371D,371D. Special provisions with respect to the state of Andhra Pradesh,-13.17749880065918,40,0
can government stop free speech,19,19. Protection of certain rights regarding freedom of speech etc,-2.212561480712891,1,1
can government stop free speech,194,"194. Powers, privileges, etc, of the House of Legislatures and of the members and committees thereof",-7.168965089416504,2,0
can government stop free speech,105,"105. Powers, privileges, etc of the Houses of Parliament and of the members and committees thereof",-7.242654222106934,3,0
can government stop free speech,356,356. Provisions in case of failure of constitutional machinery in State,-8.923606106567384,4,0
can government stop free speech,25,"25. Freedom of conscience and free profession, practice and propagation of religion",-9.80680272216797,5,0
can government stop free speech,32,32. Remedies for enforcement of rights conferred by this Part,-9.997148928833008,6,0
can government stop free speech,177,"177. Rights of Ministers and Advocate General as respects the Houses Every Minister and the Advocate General for a State shall have the right to speak in, and otherwise to take part in the proceedings of, the legislative Assembly of the State or, in the case of a State having a Legislative Council, both Houses, and to speak in, and otherwise to take part in the proceedings of, any committee of the Legislature of which he may be named a member, but shall not, by virtue of this article, be entitled to vote Officers of the State Legislature",-10.00249167175293,7,0
can government stop free speech,302,"302. Power of Parliament to impose restrictions on trade, commerce and intercourse Parliament may by law impose such restrictions on the freedom of trade, commerce or intercourse between one State and another or within any part of the territory of India as may be required in the public interest",-10.58734986114502,8,0
can government stop free speech,359,359. Suspension of the enforcement of the rights conferred by Part III during emergencies,-10.772718240356445,9,0
can government stop free speech,370,370. Temporary provisions with respect to the State of Jammu and Kashmir,-10.887092665100099,10,0
can government stop free speech,251,"251. Inconsistency between laws made by Parliament under Articles 249 and 250 and laws made by the Legislatures of States Nothing in Articles 249 and 250 shall restrict the power of the Legislature of a State to make any law which under this Constitution it has power to make, but if any provision of a law made by the legislature of a State is repugnant to any provision of a law made by Parliament which Parliament has under either of the said articles power to make, the law made by Parliament, whether passed before or after the law made by the legislature of the State, shall prevail, and the law made by the Legislature of the State shall to the extent of the repugnancy, but so long only as the law made by Parliament continues to have effect, be inoperative",-11.015034919738769,11,0
can government stop free speech,161,"161. Power of Governor to grant pardons, etc, and to suspend, remit or commute sentences in certain cases The Governor of a State shall have the power to grant pardons, reprieves, respites or remissions of punishment or to suspend, remit or commute the sentence of any person convicted of any offence against any law relating to a matter to which the executive power of the State extends",-11.02276760559082,12,0
can government stop free speech,360,360. Provisions as to financial emergency,-11.034295263671876,13,0
can government stop free speech,347,"347. Special provision relating to language spoken by a section of the population of a State On a demand being made in that behalf the President may, if he is satisfied that a substantial proportion of the population of a State desire the use of any language spoken by them to be recognised throughout that State or any part thereof for such purpose as he may specify CHAPTER III LANGUAGE OF THE SUPREME COURT, HIGH COURTS, ETC",-11.05174711303711,14,0
can government stop free speech,317,317. Removal and suspension of a member of a Public Service Commission,-11.112011813354492,15,0
can government stop free speech,250,250. Power of Parliament to legislate with respect to any matter in the State List if a Proclamation of Emergency is in operation,-11.121978050231933,16,0
can government stop free speech,352,352. Proclamation of Emergency,-11.150241659545898,17,0
can government stop free speech,121,121. Restriction on discussion in Parliament No discussions shall take place in Parliament with respect to the conduct of any Judge of the Supreme Court or of a High Court in the discharge of his duties expect upon a motion for presenting an address to the President praying for the removal of the Judge as hereinafter provided,-11.151654949951173,18,0
can government stop free speech,305,"305. Saving of existing laws and laws providing for State monopolies Nothing in Articles 301 and 303 shall affect the provisions of any existing law except in so far as the President may be order otherwise direct; and nothing in Article 301 shall affect the operation of any law made before the commencement of the Constitution (Fourth Amendment) Act, 1955 , in so far as it relates to, or prevent Parliament or the Legislature of a State from making any law relating to, any such matter as is referred to in sub clause (ii) of clause ( 6 ) of Article 19",-11.159985009765625,19,0
can government stop free speech,120,120. Language to be used in Parliament,-11.178526275634766,20,0
can government stop free speech,226,226. Power of High Courts to issue certain writs,-11.217933987426758,21,0
can government stop free speech,211,211. Restriction on discussion in the Legislature No discussion shall take place in the Legislature of a State with respect to the conduct of any Judge of the Supreme Court or of a High Court in the discharge of his duties,-11.246261166381837,22,0
can government stop free speech,72,"72. Power of President to grant pardons, etc, and to suspend, remit or commute sentences in certain cases",-11.252704345703124,23,0
can government stop free speech,139,"139. Conferment on the Supreme Court of powers to issue certain writs Parliament may by law confer on the Supreme Court power to issue directions, orders or writs, including writs in the nature of habeas corpus, mandamus, prohibition, quo warranto and certiorari, or any of them, for any purposes other than those mentioned in clause ( 2 ) of Article 32",-11.271338397216796,24,0
can government stop free speech,312A,312A. Power of Parliament to vary or revoke conditions of service of officers of certain services,-11.280809881591797,25,0
can government stop free speech,303,303. Restrictions on the legislative powers of the Union and of the States with regard to trade and commerce,-11.32299028930664,26,0
can government stop free speech,349,"349. Special procedure for enactment of certain laws relating to language During the period of fifteen years from the commencement of this Constitution, no Bill or amendment making provision for the language to be used for any of the purposes mentioned in clause ( 1 ) of Article 348 shall be introduced or moved in either House of Parliament without the previous sanction of the President, and the President shall not give his sanction to the introduction of any such Bill or the moving of any such amendment except after he has taken into consideration the recommendations of the Commission constituted under clause ( 1 ) of Article 344 and the report of the Committee constituted under clause ( 4 ) of that article CHAPTER IV SPECIAL DIRECTIVES",-11.35301257019043,27,0
can government stop free speech,369,"369. Temporary power to Parliament to make laws with respect to certain matters in the State List as if they were matters in the Concurrent List Notwithstanding anything in this Constitution, Parliament shall, during a period of five years from the commencement of this constitution, have power to make laws with respect to the following matters as if they were enumerated in the Concurrent List, namely:",-11.38320975036621,28,0
can government stop free speech,220,"220. Restriction on practice after being a permanent Judge No person who, after the commencement of this Constitution, has held office as a permanent Judge of a High Court shall plead or act in any court or before any authority in India except the Supreme Court and the other High Courts Explanation In this article, the expression High Court does not include a High Court for a State specified in Part B of the First Schedule as it existed before the commencement of the Constitution (seventh Amendment) Act, 1956",-11.395442224121094,29,0
can government stop free speech,304,"304. Restrictions on trade, commerce and intercourse among States Notwithstanding anything in Article 301 or Article 303, the Legislature of a State may by law",-11.423666618347168,30,0
can government stop free speech,361,361. A Protection of publication of proceedings of Parliament and State Legislature,-11.44714775238037,31,0
can government stop free speech,249,249. Power of Parliament to legislate with respect to a matter in the State List in the national interest,-11.450427723693847,32,0
can government stop free speech,136,136. Special leave to appeal by the Supreme Court,-11.460560047912598,33,0
can government stop free speech,169,169. Abolition or creation of Legislative Councils in States,-11.462147537231445,34,0
can government stop free speech,358,358. Suspension of provisions of Article 19 during emergencies,-11.483129035949707,35,0
can government stop free speech,319,319. Prohibition as to the holding of offices by members of Commission on ceasing to be such members On ceasing to hold office,-11.509174468994141,36,0
can government stop free speech,240,240. Power of President to make regulations for certain Union territories,-11.540370170593262,37,0
can government stop free speech,363,"363. Bar to interference by courts in disputes arising out of certain treaties, agreements, etc",-11.618889639282227,38,0
can government stop free speech,257,257. Control of the Union over States in certain cases,-11.685923489379883,39,0
can government stop free speech,310,310. Tenure of office of persons serving the Union or a State,-11.762545223999023,40,0
can state deny job based on caste,14,"14. Equality before law The State shall not deny to any person equality before the law or the equal protection of the laws within the territory of India Prohibition of discrimination on grounds of religion, race, caste, sex or place of birth",0.9978053794860839,1,0
can state deny job based on caste,16,16. Equality of opportunity in matters of public employment,-2.249943741607666,2,1
can state deny job based on caste,15,"15. Prohibition of discrimination on grounds of religion, race, caste, sex or place of birth",-3.5364850158691405,3,0
can state deny job based on caste,29,29. Protection of interests of minorities,-5.527169018554687,4,0
can state deny job based on caste,341,341. Scheduled Castes,-6.50282977142334,5,0
can state deny job based on caste,243D,243D. Reservation of seats,-6.669736837768554,6,0
can state deny job based on caste,335,"335. Claims of Scheduled Castes and Scheduled Tribes to services and posts The claims of the members of the Scheduled Castes and the Scheduled Tribes shall be taken into consideration, consistently with the maintenance of efficiency of administration, in the making of appointments to services and posts in connection with the affairs of the Union or of a State",-6.894107221984863,7,0
can state deny job based on caste,332,332. Reservation of seats for Scheduled Castes and Scheduled Tribes in the Legislative Assemblies of the States,-6.94879977722168,8,0
can state deny job based on caste,325,"325. No person to be ineligible for inclusion in, or to claim to be included in a special, electoral roll on grounds of religion, race, caste or sex There shall be one general electoral roll for every territorial constituency for election to either House of Parliament or to the House or either House of the Legislature of a State and no person shall be ineligible for inclusion in any such roll or claim to be included in any special electoral roll for any such constituency on grounds only of religion, race, caste, sex or any of them",-6.966450399780274,9,0
can state deny job based on caste,23,23. Prohibition of traffic in human beings and forced labour,-8.091067625427247,10,0
can state deny job based on caste,46,"46. Promotion of educational and economic interests of Scheduled Castes, Scheduled Tribes and other weaker sections The State shall promote with special care the educational and economic interests of the weaker sections of the people, and, in particular, of the Scheduled Castes and the Scheduled Tribes, and shall protect them from social injustice and all forms of exploitation",-8.162302133178711,11,0
can state deny job based on caste,243T,243T. Reservation of seats,-8.441185308837891,12,0
can state deny job based on caste,19,19. Protection of certain rights regarding freedom of speech etc,-8.743406169128418,13,0
can state deny job based on caste,311,"311. Dismissal, removal or reduction in rank of persons employed in civil capacities under the Union or a State",-9.576521557617188,14,0
can state deny job based on caste,30,30. Right of minorities to establish and administer educational institutions,-9.704580648803711,15,0
can state deny job based on caste,276,"276. Taxes on professions, trades, callings and employments",-9.91776633605957,16,0
can state deny job based on caste,312A,312A. Power of Parliament to vary or revoke conditions of service of officers of certain services,-10.283183576965332,17,0
can state deny job based on caste,18,"18. Abolition of titles No title, not being a military or academic distinction, shall be conferred by the State No citizen of India shall accept any title from any foreign State No person who is not a citizen of India shall, while he holds any office of profit or trust under the State, accept without the consent of the President any title from any foreign State No person holding any office of profit or trust under the State shall, without the consent of the President, accept any present, emolument, or office of any kind from or under any foreign State Right to Freedom",-10.424260186767578,18,0
can state deny job based on caste,320,320. Functions of Public Service Commissions,-10.530487115478516,19,0
can state deny job based on caste,309,"309. Recruitment and conditions of service of persons serving the Union or a State Subject to the provisions of this Constitution, Acts of the appropriate Legislature may regulate the recruitment, and conditions of service of persons appointed, to public services and posts in connection with the affairs of the Union or of any State: Provided that it shall be competent for the President or such person as he may direct in the case of services and posts in connection with the affairs of the Union, and for the Governor of a State or such person as he may direct in the case of services and posts in connection with the affairs of the State, to make rules regulating the recruitment, and the conditions of service of persons appointed, to such services and posts until provision in that behalf is made by or under an Act of the appropriate Legislature under this article, and any rules so made shall have effect subject to the provisions of any such Act",-10.564447976684571,20,0
can state deny job based on caste,164,164. Other provisions as to Ministers,-10.568700463867188,21,0
can state deny job based on caste,371D,371D. Special provisions with respect to the state of Andhra Pradesh,-10.811302645111084,22,0
can state deny job based on caste,24,"24. Prohibition of employment of children in factories, etc No child below the age of fourteen years shall be employed to work in any factory or mine or engaged in any other hazardous employment Provided that nothing in this sub clause shall authorise the detention of any person beyond the maximum period prescribed by any law made by Parliament under sub clause (b) of clause ( 7 ); or such person is detained in accordance with the provisions of any law made by Parliament under sub clauses (a) and (b) of clause ( 7 )",-10.836526144409179,23,0
can state deny job based on caste,243F,243F. Disqualifications for membership,-10.890268908691406,24,0
can state deny job based on caste,319,319. Prohibition as to the holding of offices by members of Commission on ceasing to be such members On ceasing to hold office,-10.91229355621338,25,0
can state deny job based on caste,43,"43. Living wage, etc, for workers The State shall endeavour to secure, by suitable legislation or economic organisation or in any other way, to all workers, agricultural, industrial or otherwise, work, a living wage, conditions of work ensuring a decent standard of life and full enjoyment of leisure and social and cultural opportunities and, in particular, the State shall endeavour to promote cottage industries on an individual or co operative basis in rural areas",-10.927869250488282,26,0
can state deny job based on caste,41,"41. Right to work, to education and to public assistance in certain cases The State shall, within the limits of its economic capacity and development, make effective provision for securing the right to work, to education and to public assistance in cases of unemployment, old age, sickness and disablement, and in other cases of undeserved want",-11.02013402709961,27,0
can state deny job based on caste,191,191. Disqualifications for membership,-11.063079760742188,28,0
can state deny job based on caste,173,173. Qualification for membership of the State Legislature A person shall not be qualified to be chosen to fill a seat in the Legislature of a State unless he,-11.262414619445801,29,0
can state deny job based on caste,310,310. Tenure of office of persons serving the Union or a State,-11.28922903137207,30,0
can state deny job based on caste,102,102. Disqualification s for membership,-11.32263477783203,31,0
can state deny job based on caste,303,303. Restrictions on the legislative powers of the Union and of the States with regard to trade and commerce,-11.378148904418945,32,0
can state deny job based on caste,187,187. Secretariat of State Legislature,-11.414597929382325,33,0
can state deny job based on caste,370,370. Temporary provisions with respect to the State of Jammu and Kashmir,-11.41564090576172,34,0
can state deny job based on caste,342,342. Scheduled Tribes,-11.52643021850586,35,0
can state deny job based on caste,312,312. All India Services,-11.586276779174804,36,0
can state deny job based on caste,243M,243M. Part not to apply to certain areas,-11.594127902221679,37,0
can state deny job based on caste,243Z,243Z. C Part not to apply to certain areas,-11.645241511535644,38,0
can state deny job based on caste,336,336. Special provision for Anglo Indian community in certain services,-11.659473608398438,39,0
can state deny job based on caste,233,"233. A Validation of appointments of, and judgments, etc, delivered by, certain district judges Notwithstanding any judgment, decree or order of any court,",-11.737325985717774,40,0
detained without lawyer,22,22. Protection against arrest and detention in certain cases,2.7998898193359376,1,1
detained without lawyer,24,"24. Prohibition of employment of children in factories, etc No child below the age of fourteen years shall be employed to work in any factory or mine or engaged in any other hazardous employment Provided that nothing in this sub clause shall authorise the detention of any person beyond the maximum period prescribed by any law made by Parliament under sub clause (b) of clause ( 7 ); or such person is detained in accordance with the provisions of any law made by Parliament under sub clauses (a) and (b) of clause ( 7 )",-4.487585771942139,2,0
detained without lawyer,19,19. Protection of certain rights regarding freedom of speech etc,-7.177833907318115,3,0
detained without lawyer,20,20. Protection in respect of conviction for offences,-9.303439645385742,4,0
detained without lawyer,32,32. Remedies for enforcement of rights conferred by this Part,-9.436296878051758,5,0
detained without lawyer,21,21. Protection of life and personal liberty No person shall be deprived of his life or personal liberty except according to procedure established by law,-9.706381245422364,6,0
detained without lawyer,359,359. Suspension of the enforcement of the rights conferred by Part III during emergencies,-9.918733407592773,7,0
detained without lawyer,217,217. Appointment and conditions of the office of a Judge of a High Court,-10.211267065429688,8,0
detained without lawyer,31A,"31A. Saving of laws providing for acquisition of estates, etc ( 1 ) Notwithstanding anything contained in Article 13, no law providing for",-10.464199830627441,9,0
detained without lawyer,34,"34. Restriction on rights conferred by this Part while martial law is in force in any area Notwithstanding anything in the foregoing provisions of this Part, Parliament may by law indemnify any person in the service of the Union or of a State or any other person in respect of any act done by him in connection with the maintenance or restoration of order in any area within the territory of India where martial law was in force or validate any sentence passed, punishment inflicted, forfeiture ordered or other act done under martial law in such area",-10.546945715332031,10,0
detained without lawyer,284,284. Custody of suitors deposits and other moneys received by public servants an courts All moneys received by or deposited with,-10.66122046508789,11,0
detained without lawyer,220,"220. Restriction on practice after being a permanent Judge No person who, after the commencement of this Constitution, has held office as a permanent Judge of a High Court shall plead or act in any court or before any authority in India except the Supreme Court and the other High Courts Explanation In this article, the expression High Court does not include a High Court for a State specified in Part B of the First Schedule as it existed before the commencement of the Constitution (seventh Amendment) Act, 1956",-10.691683984375,12,0
detained without lawyer,31C,"31C. Saving of laws giving effect to certain directive principles Notwithstanding anything contained in Article 13, no law giving effect to the policy of the State towards securing all or any of the principles laid down in Part IV shall be deemed to be void on the ground that it is inconsistent with, or takes away or abridges any of the rights conferred by Article 14 or Article 19 and no law containing a declaration that it is for giving effect to such policy shall be called in question in any court on the ground that it does not give effect to such policy: Provided that where such law is made by the Legislature of a State, the provisions of this Article shall not apply thereto unless such law, having been reserved for the consideration of the President, has received his assent Right to Constitutional Remedies",-10.763134561157226,13,0
detained without lawyer,356,356. Provisions in case of failure of constitutional machinery in State,-10.769975849914552,14,0
detained without lawyer,39A,39. A Equal justice and free legal aid,-10.95327661743164,15,0
detained without lawyer,76,76. Attorney General for India,-11.018767868041992,16,0
detained without lawyer,311,"311. Dismissal, removal or reduction in rank of persons employed in civil capacities under the Union or a State",-11.045706433105469,17,0
detained without lawyer,361,361. A Protection of publication of proceedings of Parliament and State Legislature,-11.047924424743652,18,0
detained without lawyer,101,101. Vacation of seats,-11.094101371765136,19,0
detained without lawyer,122,122. Courts not to inquire into proceedings of Parliament,-11.096918212890625,20,0
detained without lawyer,212,212. Courts not to inquire into proceedings of the Legislature,-11.147197625732423,21,0
detained without lawyer,300,"300. A Persons not to be deprived of property save by authority of law No person shall be deprived of his property save by authority of law PART XIII TRADE, COMMERCE AND INTERCOURSE WITHIN THE TERRITORY OF INDIA",-11.149318518066407,22,0
detained without lawyer,213,213. Power of Governor to promulgate Ordinances during recess of Legislature,-11.181026466369628,23,0
detained without lawyer,361,361. Protection of President and Governors and Rajpramukhs,-11.244741497802734,24,0
detained without lawyer,296,"296. Property accruing by escheat or lapse or as bona vacantia Subject as hereinafter provided any property in the territory of India which, if this Constitution had not come into operation, would have accrued to His Majesty or, as the case may be, to the Ruler of an Indian State by escheat or lapse, or as bona vacantia for want of a rightful owner, shall, if it is property situate in a State, vest in such State, and shall, in any other case, vest in the Union: Provided that any property which at the date when it wouldhave so accrued to His Majesty or to the Ruler of an Indian State was in the possession or under the control of the Government of India or the Government of a State shall, according as the purposes for which it was then used or held were purposes of the Union or a State, vest in the Union or in that State Explanation In the article, the expressions Ruler and Indian State have the same meanings as in Article 363",-11.333936419677734,25,0
detained without lawyer,59,59. Conditions of Presidents office,-11.339298434448242,26,0
detained without lawyer,158,158. Conditions of Governor office,-11.343187414550782,27,0
detained without lawyer,223,"223. Appointment of acting Chief Justice When the office of Chief Justice of High Court is vacant or when any such Chief Justice is, by reason of absence or otherwise, unable to perform the duties of his office, the duties of the office shall be performed by such one of the other Judges of the Court as the President may appoint for the purposes",-11.405698698425294,28,0
detained without lawyer,265,265. Taxes not to be imposed save by authority of law No tax shall be levied or collected except by authority of law,-11.420504499816895,29,0
detained without lawyer,126,"126. Appointment of acting Chief Justice When the office of Chief Justice of India is vacant or when the Chief Justice is, by reason or absence or otherwise, unable to perform the duties of his office, the duties of the office shall be performed by such one of the other Judges of the Court as the President may appoint for the purpose",-11.425053771972657,30,0
detained without lawyer,349,"349. Special procedure for enactment of certain laws relating to language During the period of fifteen years from the commencement of this Constitution, no Bill or amendment making provision for the language to be used for any of the purposes mentioned in clause ( 1 ) of Article 348 shall be introduced or moved in either House of Parliament without the previous sanction of the President, and the President shall not give his sanction to the introduction of any such Bill or the moving of any such amendment except after he has taken into consideration the recommendations of the Commission constituted under clause ( 1 ) of Article 344 and the report of the Committee constituted under clause ( 4 ) of that article CHAPTER IV SPECIAL DIRECTIVES",-11.460136898803711,31,0
detained without lawyer,257,257. A Assistance to States by deployment of armed forces or other forces of the Union Omitted,-11.465542276000976,32,0
detained without lawyer,363,"363. Bar to interference by courts in disputes arising out of certain treaties, agreements, etc",-11.48242456665039,33,0
detained without lawyer,165,165. Advocate General for the State,-11.530919668579102,34,0
detained without lawyer,300,300. Suits and proceedings,-11.55851503753662,35,0
detained without lawyer,180,"180. Power of the Deputy Speaker or other person to perform the duties of the office of, or to act as, Speaker",-11.585939721679688,36,0
detained without lawyer,95,"95. Power of the Deputy Speaker or other person to perform the duties of the office of, or to act as, Speaker",-11.609542098999023,37,0
detained without lawyer,299,299. Contracts,-11.653110700988769,38,0
detained without lawyer,310,310. Tenure of office of persons serving the Union or a State,-11.692482586669922,39,0
detained without lawyer,371A,371A. Special provision with respect to the State of Nagaland,-12.199337805175782,40,0
court writ powers,139,"139. Conferment on the Supreme Court of powers to issue certain writs Parliament may by law confer on the Supreme Court power to issue directions, orders or writs, including writs in the nature of habeas corpus, mandamus, prohibition, quo warranto and certiorari, or any of them, for any purposes other than those mentioned in clause ( 2 ) of Article 32",3.6430559814453125,1,0
court writ powers,226,226. Power of High Courts to issue certain writs,3.128873969268799,2,0
court writ powers,32,32. Remedies for enforcement of rights conferred by this Part,0.8822324297904969,3,1
court writ powers,227,227. Power of superintendence over all courts by the High Court,-0.7836664927005768,4,0
court writ powers,140,140. Ancillary powers of Supreme Court Parliament may by law make provision for conferring upon the Supreme Court such supplemental powers not inconsistent with any of the provisions of this Constitution as may appear to be necessary or desirable for the purpose of enabling the Court more effectively to exercise the jurisdiction conferred upon it by or under this Constitution,-1.6564614212036133,5,0
court writ powers,135,"135. Jurisdiction and powers of the Federal Court under existing law to be exercisable by the Supreme Court Until Parliament by law otherwise provides, the Supreme Court shall also have jurisdiction and powers with respect to any matter to which the provisions of Article 133 or Article 134 do not apply if jurisdiction and powers in relation to that matter were exercisable by the Federal Court immediately before the commencement of this Constitution under any existing law",-2.012250962257385,6,0
court writ powers,215,215. High Courts to be courts of record Every High Court shall be a court of record and shall have all the powers of such a court including the power to punish for contempt of itself,-2.8127287223815918,7,0
court writ powers,225,"225. Jurisdiction of existing High Courts Subject to the provisions of this Constitution and to the provisions of any law of the appropriate Legislature made by virtue of powers conferred on that Legislature by this Constitution, the jurisdiction of, and the law administered in, any existing High Court, and the respective powers of the Judges thereof in relation to the administration of justice in the Court, including any power to make rules of Court and to regulate the sittings of the Court and of members thereof sitting alone or in Division Courts, shall be the same as immediately before the commencement of this Constitution: Provided that any restriction to which the exercise of original jurisdiction by any of the High Courts with respect to any matter concerning the revenue or concerning any act ordered or done in the collection thereof was subject immediately before the commencement of this Constitution shall no longer apply to the exercise of such jurisdiction",-2.904333869934082,8,0
court writ powers,137,"137. Review of judgments or orders by the Supreme Court Subject to the provisions of any law made by Parliament or any rules made under Article 145, the Supreme Court shall have power to review any judgment pronounced or order made by it",-3.968795065689087,9,0
court writ powers,72,"72. Power of President to grant pardons, etc, and to suspend, remit or commute sentences in certain cases",-4.233440601348877,10,0
court writ powers,129,129. Supreme Court to be a court of record The Supreme Court shall be a court of record and shall have all the powers of such a court including the power to punish for contempt of itself,-4.488672785186767,11,0
court writ powers,138,138. Enlargement of the jurisdiction of the Supreme Court,-5.097013531494141,12,0
court writ powers,145,"145. Rules of Court, etc",-5.103021704101563,13,0
court writ powers,248,248. Residuary powers of legislation,-5.1651594360351565,14,0
court writ powers,142,"142. Enforcement of decrees and orders of Supreme Court and unless as to discovery, etc ( 1 ) The Supreme Court in the exercise of its jurisdiction may pass such decree or make such order as is necessary for doing complete justice in any cause or matter pending before it, and any decree so passed or orders so made shall be enforceable throughout the territory of India in such manner as may be prescribed by or under any law made by Parliament and, until provision in that behalf is so made, in such manner as the President may by order prescribe",-5.571503107452393,15,0
court writ powers,369,"369. Temporary power to Parliament to make laws with respect to certain matters in the State List as if they were matters in the Concurrent List Notwithstanding anything in this Constitution, Parliament shall, during a period of five years from the commencement of this constitution, have power to make laws with respect to the following matters as if they were enumerated in the Concurrent List, namely:",-5.634465739440918,16,0
court writ powers,241,241. High Courts for Union territories,-5.66487386932373,17,0
court writ powers,161,"161. Power of Governor to grant pardons, etc, and to suspend, remit or commute sentences in certain cases The Governor of a State shall have the power to grant pardons, reprieves, respites or remissions of punishment or to suspend, remit or commute the sentence of any person convicted of any offence against any law relating to a matter to which the executive power of the State extends",-6.228631558227539,18,0
court writ powers,235,"235. Control over subordinate courts The control over district courts and courts subordinate thereto including the posting and promotion of, and the grant of leave to, persons belonging to the judicial service of a State and holding any post inferior to the post of district judge shall be vested in the High Court, but nothing in this article shall be construed as taking away from any such person any right of appeal which he may under the law regulating the conditions of his service or as authorising the High Court to deal with him otherwise than in accordance with the conditions of his service prescribed under such law",-6.457448416137695,19,0
court writ powers,258,"258. Power of the Union to confer powers, etc, on States in certain cases",-6.46211552734375,20,0
court writ powers,224,"224. A Appointment of retired Judges at sittings of High Courts Notwithstanding anything in this Chapter, the Chief Justice of a High Court for any State may at any time, with the previous consent of the President, request any person who has held the office of Judge of that Court or of any other High Court to sit and act as a Judge of the High Court for that State, and every such person so requested shall, while so sitting and acting, be entitled to such allowances as the President may by order determine and have all the jurisdiction, powers and privileges of, but shall not otherwise be deemed to be, a Judge of that High Court: Provided that nothing in this article shall be deemed to require any such person as aforesaid to sit and act as a Judge of that High Court unless he consents so to do",-6.565118962097168,21,0
court writ powers,323,"323. A Administrative tribunals Parliament may, by law, provide for the adjudication or trial by administrative tribunals of disputes and complaints with respect to recruitment and conditions of service of persons appointed to public services and posts in connection with the affairs of the Union or of any State or of any local or other authority within the territory of India or under the control of the Government of India or of any corporation owned or controlled by the Government",-6.713999503326416,22,0
court writ powers,356,356. Provisions in case of failure of constitutional machinery in State,-6.738163658905029,23,0
court writ powers,374,"374. Provisions as to Judges of the Federal Court and proceedings pending in the Federal Court or before His Majesty in Council ( 1 ) The Judges of the Federal Court holding office immediately before the commencement of this Constitution shall, unless they have elected otherwise, become on such commencement the Judges of the Supreme Court and shall thereupon be entitled to such salaries and allowances and to such rights in respect of leave of absence and pension as are provided for under Article 125 in respect of the Judges of the Supreme Court",-6.775714258575439,24,0
court writ powers,359,359. Suspension of the enforcement of the rights conferred by Part III during emergencies,-6.881363679504394,25,0
court writ powers,134A,"134A. Certificate for appeal to the Supreme Court Every High Court, passing or making a judgment, decree, final order, or sentence, referred to in clause ( 1 ) of Article 132 or clause ( 1 ) of Article 133, or clause ( 1 ) of Article 134",-7.098323444366455,26,0
court writ powers,131,"131. Original jurisdiction of the Supreme Court Subject to the provisions of this Constitution, the Supreme Court shall, to the exclusion of any other court, have original jurisdiction in any dispute",-7.176101666259766,27,0
court writ powers,128,"128. Attendance of retired Judges at sittings of the Supreme Court Notwithstanding anything in this chapter, the Chief Justice of India may at any time, with the previous consent of the president, request any person who has held the office of a Judge of the Supreme Court or of the Federal Court or who has held the office of a Judge of a High Court and is duly qualified for appointment as a Judge of the Supreme Court to sit and act as a Judge of the Supreme Court, and every such person so requested shall, while so sitting and acting, be entitled to such allowances as the President may by order determine and have all the jurisdiction, powers and privileges of, but shall not otherwise be deemed to be, a Judge of that Court: Provided that nothing in this article shall be deemed to require any such person as aforesaid to sit and act as a Judge of that Court unless he consents so to do",-7.278144757080078,28,0
court writ powers,136,136. Special leave to appeal by the Supreme Court,-7.8281466606140135,29,0
court writ powers,375,"375. Courts, authorities and officers to continue to function subject to the provisions of the Constitution All courts of civil, criminal and revenue jurisdiction, all authorities and all officers, judicial, executive and ministerial, throughout the territory of India, shall continue to exercise their respective functions subject to the provisions of this Constitution",-8.095220802307129,30,0
court writ powers,230,230. Extension of jurisdiction of High Courts to Union territories,-8.173664859771728,31,0
court writ powers,298,"298. Power to carry on trade, etc The executive power of the Union and of each State shall extend to the carrying on of any trade or business and to the acquisition, holding and disposal of property and the making of contracts for any purpose: Provided that (a) the said executive power of the Union shall, in so far as such trade or business or such purpose is not one with respect to which Parliament may make laws, be subject in each State to legislation by the State; and",-8.294722256469727,32,0
court writ powers,257,257. Control of the Union over States in certain cases,-8.528066548156739,33,0
court writ powers,220,"220. Restriction on practice after being a permanent Judge No person who, after the commencement of this Constitution, has held office as a permanent Judge of a High Court shall plead or act in any court or before any authority in India except the Supreme Court and the other High Courts Explanation In this article, the expression High Court does not include a High Court for a State specified in Part B of the First Schedule as it existed before the commencement of the Constitution (seventh Amendment) Act, 1956",-8.79989931640625,34,0
court writ powers,73,73. Extent of executive power of the Union,-8.931964930725098,35,0
court writ powers,206,"206. Votes on account, votes of credit and exceptional grants",-9.002071228027344,36,0
court writ powers,261,"261. Public acts, records and judicial proceedings Full faith and credit shall be given throughout the territory of India to public acts, records and judicial proceedings of the Union and of every State",-9.197846823120118,37,0
court writ powers,116,"116. Votes on account, votes of credit and exceptional grants",-9.218516667175294,38,0
court writ powers,223,"223. Appointment of acting Chief Justice When the office of Chief Justice of High Court is vacant or when any such Chief Justice is, by reason of absence or otherwise, unable to perform the duties of his office, the duties of the office shall be performed by such one of the other Judges of the Court as the President may appoint for the purposes",-10.288453024291993,39,0
court writ powers,126,"126. Appointment of acting Chief Justice When the office of Chief Justice of India is vacant or when the Chief Justice is, by reason or absence or otherwise, unable to perform the duties of his office, the duties of the office shall be performed by such one of the other Judges of the Court as the President may appoint for the purpose",-10.649326499938965,40,0
Article 21,21,21. Protection of life and personal liberty No person shall be deprived of his life or personal liberty except according to procedure established by law,7.316077307891845,1,1
Article 21,373,"373. Power of President to make order in respect of persons under preventive detention in certain cases Until provision is made by Parliament under clause ( 7 ) of Article 22, or until the expiration of one year from the commencement of this Constitution, whichever is earlier, the said article shall have effect as if for any reference to Parliament in clauses ( 4 ) and ( 7 ) thereof there were substituted a reference to the Parliament in those clauses there were substituted a reference to an order made by the President",-0.006251154756546029,2,0
Article 21,359,359. Suspension of the enforcement of the rights conferred by Part III during emergencies,-0.34937160167694103,3,0
Article 21,31C,"31C. Saving of laws giving effect to certain directive principles Notwithstanding anything contained in Article 13, no law giving effect to the policy of the State towards securing all or any of the principles laid down in Part IV shall be deemed to be void on the ground that it is inconsistent with, or takes away or abridges any of the rights conferred by Article 14 or Article 19 and no law containing a declaration that it is for giving effect to such policy shall be called in question in any court on the ground that it does not give effect to such policy: Provided that where such law is made by the Legislature of a State, the provisions of this Article shall not apply thereto unless such law, having been reserved for the consideration of the President, has received his assent Right to Constitutional Remedies",-2.0040591579437255,4,0
Article 21,22,22. Protection against arrest and detention in certain cases,-2.178838475036621,5,0
Article 21,19,19. Protection of certain rights regarding freedom of speech etc,-2.8665870353698732,6,0
Article 21,305,"305. Saving of existing laws and laws providing for State monopolies Nothing in Articles 301 and 303 shall affect the provisions of any existing law except in so far as the President may be order otherwise direct; and nothing in Article 301 shall affect the operation of any law made before the commencement of the Constitution (Fourth Amendment) Act, 1955 , in so far as it relates to, or prevent Parliament or the Legislature of a State from making any law relating to, any such matter as is referred to in sub clause (ii) of clause ( 6 ) of Article 19",-3.428279105758667,7,0
Article 21,31A,"31A. Saving of laws providing for acquisition of estates, etc ( 1 ) Notwithstanding anything contained in Article 13, no law providing for",-3.5651476875305175,8,0
Article 21,4,"4. Laws made under Articles 2 and 3 to provide for the amendment of the First and the Fourth Schedules and supplemental, incidental and consequential matters",-3.96175414352417,9,0
Article 21,16,16. Equality of opportunity in matters of public employment,-3.990112789916992,10,0
Article 21,25,"25. Freedom of conscience and free profession, practice and propagation of religion",-4.528817626190186,11,0
Article 21,368,368. Power of Parliament to amend the Constitution and procedure therefor,-4.556018690109253,12,0
Article 21,35,"35. Legislation to give effect to the provisions of this Part Notwithstanding anything in this Constitution,",-4.56486361541748,13,0
Article 21,367,367. Interpretation,-4.906068874359131,14,0
Article 21,363,363. A Recognition granted to Rulers of Indian States to cease and privy purses to be abolished Notwithstanding anything in this Constitution or in any law for the time being in force,-5.022804194641113,15,0
Article 21,206,"206. Votes on account, votes of credit and exceptional grants",-5.336304512023926,16,0
Article 21,307,"307. Appointment of authority for carrying out the purposes of Articles 301 to 304 Parliament may by law appoint such authority as it considers appropriate for carrying out the purposes of Articles 301, 302, 303 and 304, and confer on the authority so appointed such powers and such duties as it thinks necessary PART XIV SERVICES UNDER THE UNION AND THE STATES CHAPTER I SERVICES",-5.4264922637939454,17,0
Article 21,352,352. Proclamation of Emergency,-5.509001539611816,18,0
Article 21,314,"314. Provision for protection of existing officers of certain services Rep by the Constitution (Twenty eight Amendment) Act, 1972 , Section 3 (w e f 29 08 1972 ) CHAPTER II PUBLIC SERVICE COMMISSION",-5.51549789352417,19,0
Article 21,323,"323. A Administrative tribunals Parliament may, by law, provide for the adjudication or trial by administrative tribunals of disputes and complaints with respect to recruitment and conditions of service of persons appointed to public services and posts in connection with the affairs of the Union or of any State or of any local or other authority within the territory of India or under the control of the Government of India or of any corporation owned or controlled by the Government",-5.615706198883057,20,0
Article 21,312,312. All India Services,-5.736476192474365,21,0
Article 21,244A,244A. Formation of an autonomous State comprising certain tribal areas in Assam and creation of local Legislature or Council of Ministers or both therefor,-5.783624221801758,22,0
Article 21,278,"278. Agreement with States in Part B of the First Schedule with regard to certain financial matters Rep by the Constitution (Seventh Amendment) Act, 1956 , Section 29 and Schedule",-5.9072308937072755,23,0
Article 21,233,"233. A Validation of appointments of, and judgments, etc, delivered by, certain district judges Notwithstanding any judgment, decree or order of any court,",-5.959394772338867,24,0
Article 21,312A,312A. Power of Parliament to vary or revoke conditions of service of officers of certain services,-5.987755777740478,25,0
Article 21,81,81. Composition of the House of the People,-5.994009899139404,26,0
Article 21,51A,"51A. Fundamental duties It shall be the duty of every citizen of India (a) to abide by the Constitution and respect its ideals and institutions, the national Flag and the National Anthem;",-5.995083410644531,27,0
Article 21,33,"33. Power of Parliament to modify the rights conferred by this Part in their application etc Parliament may, by law, determine to what extent any of the rights conferred by this Part shall, in their application to,",-6.048441732788086,28,0
Article 21,231,231. Establishment of a common High Court for two or more States,-6.32733098449707,29,0
Article 21,55,55. Manner of election of President,-6.423375494384766,30,0
Article 21,241,241. High Courts for Union territories,-6.4306955169677735,31,0
Article 21,371F,"371F. Special provisions with respect to the State of Sikkim Notwithstanding anything in this Constitution,",-6.4365172134399415,32,0
Article 21,323B,323B. Tribunals for other matters,-6.474064939880371,33,0
Article 21,331,"331. Representation of the Anglo Indian community in the Hose of the People Notwithstanding anything in Article 81, the President may, if he is of opinion that the Anglo Indian community is not adequately represented in the House of the people, nominate not more than two members of that community to the House of the People",-6.601085137939453,34,0
Article 21,362,"362. Rights and privileges of Rulers of Indian States Rep by the Constitution (Twenty sixth Amendment) Act, 1971 ,",-6.638046327209473,35,0
Article 21,291,"291. Privy purse sums of Rulers Rep by the Constitution (Twenty sixth Amendment) Act, 1971 , Section 2 CHAPTER II BORROWING",-7.050197543334961,36,0
Article 21,341,341. Scheduled Castes,-7.136636000061035,37,0
Article 21,257,257. A Assistance to States by deployment of armed forces or other forces of the Union Omitted,-7.409077127075196,38,0
Article 21,2A,"2A. Sikkim to be associated with the Union Rep by the Constitution Thirty six Amendment Act, 1975 , Section 5 (w e f 26 04 1975 )",-7.979050180053711,39,0
Article 21,366,"366. Definition In this Constitution, unless the context otherwise requires, the following expressions have l, the meanings hereby respectively assigned to them, that is to say",-8.426613344573974,40,0
Article 19 restrictions,358,358. Suspension of provisions of Article 19 during emergencies,3.137965763092041,1,0
Article 19 restrictions,19,19. Protection of certain rights regarding freedom of speech etc,2.6592022254943846,2,1
Article 19 restrictions,304,"304. Restrictions on trade, commerce and intercourse among States Notwithstanding anything in Article 301 or Article 303, the Legislature of a State may by law",-0.13140577781200408,3,0
Article 19 restrictions,31C,"31C. Saving of laws giving effect to certain directive principles Notwithstanding anything contained in Article 13, no law giving effect to the policy of the State towards securing all or any of the principles laid down in Part IV shall be deemed to be void on the ground that it is inconsistent with, or takes away or abridges any of the rights conferred by Article 14 or Article 19 and no law containing a declaration that it is for giving effect to such policy shall be called in question in any court on the ground that it does not give effect to such policy: Provided that where such law is made by the Legislature of a State, the provisions of this Article shall not apply thereto unless such law, having been reserved for the consideration of the President, has received his assent Right to Constitutional Remedies",-0.324656282043457,4,0
Article 19 restrictions,303,303. Restrictions on the legislative powers of the Union and of the States with regard to trade and commerce,-0.6658641010284424,5,0
Article 19 restrictions,21,21. Protection of life and personal liberty No person shall be deprived of his life or personal liberty except according to procedure established by law,-1.0513414581298828,6,0
Article 19 restrictions,286,286. Restrictions as to imposition of tax on the sale or purchase of goods,-1.1763861879348756,7,0
Article 19 restrictions,305,"305. Saving of existing laws and laws providing for State monopolies Nothing in Articles 301 and 303 shall affect the provisions of any existing law except in so far as the President may be order otherwise direct; and nothing in Article 301 shall affect the operation of any law made before the commencement of the Constitution (Fourth Amendment) Act, 1955 , in so far as it relates to, or prevent Parliament or the Legislature of a State from making any law relating to, any such matter as is referred to in sub clause (ii) of clause ( 6 ) of Article 19",-2.02861709985733,8,0
Article 19 restrictions,197,197. Restriction on powers of Legislative Council as to Bills other than Money Bills,-2.4197215255737303,9,0
Article 19 restrictions,359,359. Suspension of the enforcement of the rights conferred by Part III during emergencies,-2.463525821304321,10,0
Article 19 restrictions,302,"302. Power of Parliament to impose restrictions on trade, commerce and intercourse Parliament may by law impose such restrictions on the freedom of trade, commerce or intercourse between one State and another or within any part of the territory of India as may be required in the public interest",-2.5081736736297606,11,0
Article 19 restrictions,15,"15. Prohibition of discrimination on grounds of religion, race, caste, sex or place of birth",-2.840129196166992,12,0
Article 19 restrictions,121,121. Restriction on discussion in Parliament No discussions shall take place in Parliament with respect to the conduct of any Judge of the Supreme Court or of a High Court in the discharge of his duties expect upon a motion for presenting an address to the President praying for the removal of the Judge as hereinafter provided,-2.9162681015014646,13,0
Article 19 restrictions,31A,"31A. Saving of laws providing for acquisition of estates, etc ( 1 ) Notwithstanding anything contained in Article 13, no law providing for",-3.283057929611206,14,0
Article 19 restrictions,22,22. Protection against arrest and detention in certain cases,-3.545492394256592,15,0
Article 19 restrictions,23,23. Prohibition of traffic in human beings and forced labour,-3.8898535503387452,16,0
Article 19 restrictions,24,"24. Prohibition of employment of children in factories, etc No child below the age of fourteen years shall be employed to work in any factory or mine or engaged in any other hazardous employment Provided that nothing in this sub clause shall authorise the detention of any person beyond the maximum period prescribed by any law made by Parliament under sub clause (b) of clause ( 7 ); or such person is detained in accordance with the provisions of any law made by Parliament under sub clauses (a) and (b) of clause ( 7 )",-4.25252317276001,17,0
Article 19 restrictions,373,"373. Power of President to make order in respect of persons under preventive detention in certain cases Until provision is made by Parliament under clause ( 7 ) of Article 22, or until the expiration of one year from the commencement of this Constitution, whichever is earlier, the said article shall have effect as if for any reference to Parliament in clauses ( 4 ) and ( 7 ) thereof there were substituted a reference to the Parliament in those clauses there were substituted a reference to an order made by the President",-4.852355031585693,18,0
Article 19 restrictions,349,"349. Special procedure for enactment of certain laws relating to language During the period of fifteen years from the commencement of this Constitution, no Bill or amendment making provision for the language to be used for any of the purposes mentioned in clause ( 1 ) of Article 348 shall be introduced or moved in either House of Parliament without the previous sanction of the President, and the President shall not give his sanction to the introduction of any such Bill or the moving of any such amendment except after he has taken into consideration the recommendations of the Commission constituted under clause ( 1 ) of Article 344 and the report of the Committee constituted under clause ( 4 ) of that article CHAPTER IV SPECIAL DIRECTIVES",-4.913398751068115,19,0
Article 19 restrictions,360,360. Provisions as to financial emergency,-5.132536116027832,20,0
Article 19 restrictions,370,370. Temporary provisions with respect to the State of Jammu and Kashmir,-5.476225450897217,21,0
Article 19 restrictions,4,"4. Laws made under Articles 2 and 3 to provide for the amendment of the First and the Fourth Schedules and supplemental, incidental and consequential matters",-5.716763317871094,22,0
Article 19 restrictions,117,117. Special provisions as to financial Bills,-5.737597156524658,23,0
Article 19 restrictions,368,368. Power of Parliament to amend the Constitution and procedure therefor,-5.965322116851807,24,0
Article 19 restrictions,33,"33. Power of Parliament to modify the rights conferred by this Part in their application etc Parliament may, by law, determine to what extent any of the rights conferred by this Part shall, in their application to,",-6.14647373046875,25,0
Article 19 restrictions,364,364. Special provisions as to major ports and aerodromes,-6.240727687072754,26,0
Article 19 restrictions,191,191. Disqualifications for membership,-6.510363028717041,27,0
Article 19 restrictions,207,207. Special provisions as to financial Bills,-6.543493243408204,28,0
Article 19 restrictions,369,"369. Temporary power to Parliament to make laws with respect to certain matters in the State List as if they were matters in the Concurrent List Notwithstanding anything in this Constitution, Parliament shall, during a period of five years from the commencement of this constitution, have power to make laws with respect to the following matters as if they were enumerated in the Concurrent List, namely:",-6.552591368865967,29,0
Article 19 restrictions,367,367. Interpretation,-6.609677864074707,30,0
Article 19 restrictions,312A,312A. Power of Parliament to vary or revoke conditions of service of officers of certain services,-6.784281256103515,31,0
Article 19 restrictions,243M,243M. Part not to apply to certain areas,-6.838311919403076,32,0
Article 19 restrictions,371F,"371F. Special provisions with respect to the State of Sikkim Notwithstanding anything in this Constitution,",-6.879360650634766,33,0
Article 19 restrictions,243Z,243Z. C Part not to apply to certain areas,-7.0771639472961425,34,0
Article 19 restrictions,102,102. Disqualification s for membership,-7.082159123229981,35,0
Article 19 restrictions,319,319. Prohibition as to the holding of offices by members of Commission on ceasing to be such members On ceasing to hold office,-7.12650025177002,36,0
Article 19 restrictions,371D,371D. Special provisions with respect to the state of Andhra Pradesh,-7.304793341064453,37,0
Article 19 restrictions,300,"300. A Persons not to be deprived of property save by authority of law No person shall be deprived of his property save by authority of law PART XIII TRADE, COMMERCE AND INTERCOURSE WITHIN THE TERRITORY OF INDIA",-7.315613569641113,38,0
Article 19 restrictions,329,329. A Special provision as to elections to Parliament in the case of Prime Minister and Speaker Omitted PART XVI SPECIAL PROVISIONS RELATING TO CERTAIN CLASSES,-8.173917640686035,39,0
Article 19 restrictions,257,257. A Assistance to States by deployment of armed forces or other forces of the Union Omitted,-9.892011125183105,40,0
Article 356 explanation,356,356. Provisions in case of failure of constitutional machinery in State,2.789264968109131,1,1
Article 356 explanation,357,357. Exercise of legislative powers under Proclamation issued under Article 356,1.5392799270629887,2,0
Article 356 explanation,360,360. Provisions as to financial emergency,1.1784785362243653,3,0
Article 356 explanation,372,372. Continuance in force of existing laws and their adaptation,-2.8715911151885987,4,0
Article 356 explanation,370,370. Temporary provisions with respect to the State of Jammu and Kashmir,-3.708159998321533,5,0
Article 356 explanation,352,352. Proclamation of Emergency,-4.187893675231933,6,0
Article 356 explanation,305,"305. Saving of existing laws and laws providing for State monopolies Nothing in Articles 301 and 303 shall affect the provisions of any existing law except in so far as the President may be order otherwise direct; and nothing in Article 301 shall affect the operation of any law made before the commencement of the Constitution (Fourth Amendment) Act, 1955 , in so far as it relates to, or prevent Parliament or the Legislature of a State from making any law relating to, any such matter as is referred to in sub clause (ii) of clause ( 6 ) of Article 19",-4.540721837615967,7,0
Article 356 explanation,367,367. Interpretation,-5.368055416107178,8,0
Article 356 explanation,358,358. Suspension of provisions of Article 19 during emergencies,-5.381614219665527,9,0
Article 356 explanation,368,368. Power of Parliament to amend the Constitution and procedure therefor,-5.503466228485108,10,0
Article 356 explanation,296,"296. Property accruing by escheat or lapse or as bona vacantia Subject as hereinafter provided any property in the territory of India which, if this Constitution had not come into operation, would have accrued to His Majesty or, as the case may be, to the Ruler of an Indian State by escheat or lapse, or as bona vacantia for want of a rightful owner, shall, if it is property situate in a State, vest in such State, and shall, in any other case, vest in the Union: Provided that any property which at the date when it wouldhave so accrued to His Majesty or to the Ruler of an Indian State was in the possession or under the control of the Government of India or the Government of a State shall, according as the purposes for which it was then used or held were purposes of the Union or a State, vest in the Union or in that State Explanation In the article, the expressions Ruler and Indian State have the same meanings as in Article 363",-5.640276637268067,11,0
Article 356 explanation,336,336. Special provision for Anglo Indian community in certain services,-5.681738565826416,12,0
Article 356 explanation,359,359. Suspension of the enforcement of the rights conferred by Part III during emergencies,-5.702164937591553,13,0
Article 356 explanation,31B,"31B. Validation of certain Acts and Regulations Without prejudice to the generality of the provisions contained in Article 31A, none of the Acts and Regulations specified in the Ninth Schedule nor any of the provisions thereof shall be deemed to be void, or ever to have become void, on the ground that such Act, Regulation or provision is inconsistent with, or takes away or abridges any of the rights conferred by, any provisions of this Part, and notwithstanding any judgment, decree or order of any court or tribunal to the contrary, each of the said Acts and Regulations shall, subject to the power of any competent Legislature to repeal or amend it, continue in force",-5.729473742675781,14,0
Article 356 explanation,35,"35. Legislation to give effect to the provisions of this Part Notwithstanding anything in this Constitution,",-5.820160799407959,15,0
Article 356 explanation,373,"373. Power of President to make order in respect of persons under preventive detention in certain cases Until provision is made by Parliament under clause ( 7 ) of Article 22, or until the expiration of one year from the commencement of this Constitution, whichever is earlier, the said article shall have effect as if for any reference to Parliament in clauses ( 4 ) and ( 7 ) thereof there were substituted a reference to the Parliament in those clauses there were substituted a reference to an order made by the President",-5.912322549438477,16,0
Article 356 explanation,4,"4. Laws made under Articles 2 and 3 to provide for the amendment of the First and the Fourth Schedules and supplemental, incidental and consequential matters",-5.963998139190674,17,0
Article 356 explanation,31A,"31A. Saving of laws providing for acquisition of estates, etc ( 1 ) Notwithstanding anything contained in Article 13, no law providing for",-6.054662515258789,18,0
Article 356 explanation,361,361. A Protection of publication of proceedings of Parliament and State Legislature,-6.138116265869141,19,0
Article 356 explanation,329,329. A Special provision as to elections to Parliament in the case of Prime Minister and Speaker Omitted PART XVI SPECIAL PROVISIONS RELATING TO CERTAIN CLASSES,-6.15895735168457,20,0
Article 356 explanation,369,"369. Temporary power to Parliament to make laws with respect to certain matters in the State List as if they were matters in the Concurrent List Notwithstanding anything in this Constitution, Parliament shall, during a period of five years from the commencement of this constitution, have power to make laws with respect to the following matters as if they were enumerated in the Concurrent List, namely:",-6.311911151123047,21,0
Article 356 explanation,312A,312A. Power of Parliament to vary or revoke conditions of service of officers of certain services,-6.317283155822754,22,0
Article 356 explanation,394,"394. Commencement This article and Articles 5, 6, 7, 8, 9, 60, 324, 366, 367, 379, 380, 388, 391, 392 and 393 shall come into force at once, and the remaining provisions of this Constitution shall come into force on the twenty sixth day of January, 1950 , which day is referred to in this Constitution as the commencement of this Constitution",-6.416050144958496,23,0
Article 356 explanation,392,392. Power of the President to remove difficulties,-6.5903567070007325,24,0
Article 356 explanation,364,364. Special provisions as to major ports and aerodromes,-6.591789984893799,25,0
Article 356 explanation,372,372. A Power of the President to adapt laws,-6.632770133972168,26,0
Article 356 explanation,371C,371C. Special provision with respect to the State of Manipur,-6.648061899566651,27,0
Article 356 explanation,312,312. All India Services,-6.649833927154541,28,0
Article 356 explanation,191,191. Disqualifications for membership,-6.703793452453613,29,0
Article 356 explanation,376,376. Provisions as to Judges of High Courts,-6.864420483398438,30,0
Article 356 explanation,147,"147. Interpretation In this Chapter and in Chapter V of Part VI references to any substantial question of law as to the interpretation of this Constitution shall be construed as including references to any substantial question of law as to the interpretation of the Government of India Act, 1935 (including any enactment amending or supplementing that Act), or of any Order in Council or order made thereunder, or of the Indian Independence Act, 1947 , or of any order made thereunder CHAPTER V COMPTROLLER AND AUDITOR GENERAL OF INDIA",-7.496518386840821,31,0
Article 356 explanation,134A,"134A. Certificate for appeal to the Supreme Court Every High Court, passing or making a judgment, decree, final order, or sentence, referred to in clause ( 1 ) of Article 132 or clause ( 1 ) of Article 133, or clause ( 1 ) of Article 134",-7.532621482849121,32,0
Article 356 explanation,371D,371D. Special provisions with respect to the state of Andhra Pradesh,-7.544294340515137,33,0
Article 356 explanation,306,"306. Power of certain States in Part B of the First Schedule to impose restrictions on trade and commerce Rep by the Constitution (Seventh Amendment) Act, 1956 , Section 29 and Schedule",-7.759575485229492,34,0
Article 356 explanation,371A,371A. Special provision with respect to the State of Nagaland,-7.981391275787354,35,0
Article 356 explanation,278,"278. Agreement with States in Part B of the First Schedule with regard to certain financial matters Rep by the Constitution (Seventh Amendment) Act, 1956 , Section 29 and Schedule",-8.02490810546875,36,0
Article 356 explanation,264,"264. Interpretation In this Part, Finance Commission means a Finance Commission constituted under Article 280",-8.232529557800293,37,0
Article 356 explanation,226,226. A Constitutional validity of Central laws not to be considered in proceedings under Article 226 Omitted,-8.273588641357422,38,0
Article 356 explanation,366,"366. Definition In this Constitution, unless the context otherwise requires, the following expressions have l, the meanings hereby respectively assigned to them, that is to say",-8.805203928375244,39,0
Article 356 explanation,36,"36. Definition In this Part, unless the context otherwise requires, the State has the same meaning as in Part III",-9.83441604156494,40,0
Explain Article 14,14,"14. Equality before law The State shall not deny to any person equality before the law or the equal protection of the laws within the territory of India Prohibition of discrimination on grounds of religion, race, caste, sex or place of birth",2.5239831434249878,1,1
Explain Article 14,31C,"31C. Saving of laws giving effect to certain directive principles Notwithstanding anything contained in Article 13, no law giving effect to the policy of the State towards securing all or any of the principles laid down in Part IV shall be deemed to be void on the ground that it is inconsistent with, or takes away or abridges any of the rights conferred by Article 14 or Article 19 and no law containing a declaration that it is for giving effect to such policy shall be called in question in any court on the ground that it does not give effect to such policy: Provided that where such law is made by the Legislature of a State, the provisions of this Article shall not apply thereto unless such law, having been reserved for the consideration of the President, has received his assent Right to Constitutional Remedies",-0.09777692375183089,2,0
Explain Article 14,31A,"31A. Saving of laws providing for acquisition of estates, etc ( 1 ) Notwithstanding anything contained in Article 13, no law providing for",-2.478125186300278,3,0
Explain Article 14,13,13. Laws inconsistent with or in derogation of the fundamental rights,-3.606996488571167,4,0
Explain Article 14,24,"24. Prohibition of employment of children in factories, etc No child below the age of fourteen years shall be employed to work in any factory or mine or engaged in any other hazardous employment Provided that nothing in this sub clause shall authorise the detention of any person beyond the maximum period prescribed by any law made by Parliament under sub clause (b) of clause ( 7 ); or such person is detained in accordance with the provisions of any law made by Parliament under sub clauses (a) and (b) of clause ( 7 )",-4.353440988922119,5,0
Explain Article 14,19,19. Protection of certain rights regarding freedom of speech etc,-4.643676631164551,6,0
Explain Article 14,22,22. Protection against arrest and detention in certain cases,-4.855046494293213,7,0
Explain Article 14,16,16. Equality of opportunity in matters of public employment,-4.865954884338379,8,0
Explain Article 14,358,358. Suspension of provisions of Article 19 during emergencies,-5.527609359741211,9,0
Explain Article 14,4,"4. Laws made under Articles 2 and 3 to provide for the amendment of the First and the Fourth Schedules and supplemental, incidental and consequential matters",-5.728747189331055,10,0
Explain Article 14,368,368. Power of Parliament to amend the Constitution and procedure therefor,-5.76662264251709,11,0
Explain Article 14,372,372. Continuance in force of existing laws and their adaptation,-5.809012675476074,12,0
Explain Article 14,360,360. Provisions as to financial emergency,-5.853132429504394,13,0
Explain Article 14,349,"349. Special procedure for enactment of certain laws relating to language During the period of fifteen years from the commencement of this Constitution, no Bill or amendment making provision for the language to be used for any of the purposes mentioned in clause ( 1 ) of Article 348 shall be introduced or moved in either House of Parliament without the previous sanction of the President, and the President shall not give his sanction to the introduction of any such Bill or the moving of any such amendment except after he has taken into consideration the recommendations of the Commission constituted under clause ( 1 ) of Article 344 and the report of the Committee constituted under clause ( 4 ) of that article CHAPTER IV SPECIAL DIRECTIVES",-5.896717556762695,14,0
Explain Article 14,3,"3. Formation of new States and alteration of areas, boundaries or names of existing States: Parliament may by law",-6.162581806945801,15,0
Explain Article 14,352,352. Proclamation of Emergency,-6.308933065795898,16,0
Explain Article 14,61,61. Procedure for impeachment of the President,-6.379803175354004,17,0
Explain Article 14,35,"35. Legislation to give effect to the provisions of this Part Notwithstanding anything in this Constitution,",-6.5555443099975585,18,0
Explain Article 14,323,"323. A Administrative tribunals Parliament may, by law, provide for the adjudication or trial by administrative tribunals of disputes and complaints with respect to recruitment and conditions of service of persons appointed to public services and posts in connection with the affairs of the Union or of any State or of any local or other authority within the territory of India or under the control of the Government of India or of any corporation owned or controlled by the Government",-6.5595033103942875,19,0
Explain Article 14,305,"305. Saving of existing laws and laws providing for State monopolies Nothing in Articles 301 and 303 shall affect the provisions of any existing law except in so far as the President may be order otherwise direct; and nothing in Article 301 shall affect the operation of any law made before the commencement of the Constitution (Fourth Amendment) Act, 1955 , in so far as it relates to, or prevent Parliament or the Legislature of a State from making any law relating to, any such matter as is referred to in sub clause (ii) of clause ( 6 ) of Article 19",-6.641639653778077,20,0
Explain Article 14,244A,244A. Formation of an autonomous State comprising certain tribal areas in Assam and creation of local Legislature or Council of Ministers or both therefor,-6.671670963287354,21,0
Explain Article 14,369,"369. Temporary power to Parliament to make laws with respect to certain matters in the State List as if they were matters in the Concurrent List Notwithstanding anything in this Constitution, Parliament shall, during a period of five years from the commencement of this constitution, have power to make laws with respect to the following matters as if they were enumerated in the Concurrent List, namely:",-6.756497904968262,22,0
Explain Article 14,367,367. Interpretation,-6.875845027923584,23,0
Explain Article 14,115,"115. Supplementary, additional or excess grants",-6.920209634399414,24,0
Explain Article 14,112,112. Annual financial statement,-7.00146680984497,25,0
Explain Article 14,147,"147. Interpretation In this Chapter and in Chapter V of Part VI references to any substantial question of law as to the interpretation of this Constitution shall be construed as including references to any substantial question of law as to the interpretation of the Government of India Act, 1935 (including any enactment amending or supplementing that Act), or of any Order in Council or order made thereunder, or of the Indian Independence Act, 1947 , or of any order made thereunder CHAPTER V COMPTROLLER AND AUDITOR GENERAL OF INDIA",-7.05145813369751,26,0
Explain Article 14,312A,312A. Power of Parliament to vary or revoke conditions of service of officers of certain services,-7.053291323089599,27,0
Explain Article 14,110,110. Definition of Money Bill,-7.108216046142578,28,0
Explain Article 14,241,241. High Courts for Union territories,-7.399406702423096,29,0
Explain Article 14,191,191. Disqualifications for membership,-7.4077262145996094,30,0
Explain Article 14,307,"307. Appointment of authority for carrying out the purposes of Articles 301 to 304 Parliament may by law appoint such authority as it considers appropriate for carrying out the purposes of Articles 301, 302, 303 and 304, and confer on the authority so appointed such powers and such duties as it thinks necessary PART XIV SERVICES UNDER THE UNION AND THE STATES CHAPTER I SERVICES",-7.60670142364502,31,0
Explain Article 14,145,"145. Rules of Court, etc",-7.856040464782716,32,0
Explain Article 14,371C,371C. Special provision with respect to the State of Manipur,-7.956041006469727,33,0
Explain Article 14,371D,371D. Special provisions with respect to the state of Andhra Pradesh,-8.207244856262207,34,0
Explain Article 14,274,274. Prior recommendation of President required to Bills affecting taxation in which States are interested,-8.28435325164795,35,0
Explain Article 14,364,364. Special provisions as to major ports and aerodromes,-8.503444934082031,36,0
Explain Article 14,371F,"371F. Special provisions with respect to the State of Sikkim Notwithstanding anything in this Constitution,",-8.633925126647949,37,0
Explain Article 14,314,"314. Provision for protection of existing officers of certain services Rep by the Constitution (Twenty eight Amendment) Act, 1972 , Section 3 (w e f 29 08 1972 ) CHAPTER II PUBLIC SERVICE COMMISSION",-8.851130694580078,38,0
Explain Article 14,1,1. The territories of the States; the Union territories specified in the First Schedule; and such other territories as may be acquired,-9.155070947265624,39,0
Explain Article 14,366,"366. Definition In this Constitution, unless the context otherwise requires, the following expressions have l, the meanings hereby respectively assigned to them, that is to say",-9.272692694091797,40,0
reservation,243T,243T. Reservation of seats,2.118365930175781,1,0
reservation,334,"334. Reservation of seats and special representation to cease after forty years Notwithstanding anything in the foregoing provisions of this Part, the provisions of Constitution relating to",2.064914282989502,2,0
reservation,332,332. Reservation of seats for Scheduled Castes and Scheduled Tribes in the Legislative Assemblies of the States,1.352116656112671,3,0
reservation,330,330. Reservation of seats for Scheduled Castes and Scheduled Tribes in the House of the People,0.24911926307678223,4,0
reservation,243D,243D. Reservation of seats,-0.006058191680908265,5,0
reservation,336,336. Special provision for Anglo Indian community in certain services,-2.9138304695129396,6,0
reservation,244,244. Administration of Scheduled Areas and Tribal Areas,-7.599087080383301,7,0
reservation,22,22. Protection against arrest and detention in certain cases,-8.018975003051757,8,0
reservation,335,"335. Claims of Scheduled Castes and Scheduled Tribes to services and posts The claims of the members of the Scheduled Castes and the Scheduled Tribes shall be taken into consideration, consistently with the maintenance of efficiency of administration, in the making of appointments to services and posts in connection with the affairs of the Union or of a State",-8.454712271118163,9,0
reservation,359,359. Suspension of the enforcement of the rights conferred by Part III during emergencies,-8.514405061340332,10,0
reservation,296,"296. Property accruing by escheat or lapse or as bona vacantia Subject as hereinafter provided any property in the territory of India which, if this Constitution had not come into operation, would have accrued to His Majesty or, as the case may be, to the Ruler of an Indian State by escheat or lapse, or as bona vacantia for want of a rightful owner, shall, if it is property situate in a State, vest in such State, and shall, in any other case, vest in the Union: Provided that any property which at the date when it wouldhave so accrued to His Majesty or to the Ruler of an Indian State was in the possession or under the control of the Government of India or the Government of a State shall, according as the purposes for which it was then used or held were purposes of the Union or a State, vest in the Union or in that State Explanation In the article, the expressions Ruler and Indian State have the same meanings as in Article 363",-8.559581484985351,11,0
reservation,342,342. Scheduled Tribes,-8.65548238067627,12,0
reservation,338,"338. Special Officer for Scheduled Castes, Scheduled Tribes etc",-9.175441770935059,13,0
reservation,31A,"31A. Saving of laws providing for acquisition of estates, etc ( 1 ) Notwithstanding anything contained in Article 13, no law providing for",-9.252645303344726,14,0
reservation,201,"201. Bill reserved for consideration When a Bill is reserved by a Governor for the consideration of the President, the President shall declare either that he assents to the Bill or that he withholds assent therefrom: Provided that, where the Bill is not a Money Bill, the President may direct the Governor to return the Bill to the House or, as the case may be, the Houses of the Legislature of the State together with such a message as it mentioned in the first proviso to Article 200 and, when a Bill is so returned, the House or Houses shall reconsider it accordingly within a period of six months from the date of receipt of such message and, if it is again passed by the House or Houses with or without amendment, it shall be presented again to the President for his consideration Procedure in Financial Matters",-9.272271353149414,15,0
reservation,341,341. Scheduled Castes,-9.32921908416748,16,0
reservation,243M,243M. Part not to apply to certain areas,-9.473936328125,17,0
reservation,339,339. Control of the Union over the administration of Scheduled Areas and the welfare of Scheduled Tribes,-9.50916453552246,18,0
reservation,15,"15. Prohibition of discrimination on grounds of religion, race, caste, sex or place of birth",-9.527126609802247,19,0
reservation,352,352. Proclamation of Emergency,-9.53947048034668,20,0
reservation,29,29. Protection of interests of minorities,-9.642815380859375,21,0
reservation,371F,"371F. Special provisions with respect to the State of Sikkim Notwithstanding anything in this Constitution,",-9.940703843688965,22,0
reservation,243Z,243Z. C Part not to apply to certain areas,-10.021676791381836,23,0
reservation,371A,371A. Special provision with respect to the State of Nagaland,-10.34100087966919,24,0
reservation,310,310. Tenure of office of persons serving the Union or a State,-10.647560711669922,25,0
reservation,297,297. Things of value within territorial waters or continental shelf and resources of the exclusive economic zone to vest in the Union,-10.769322433471679,26,0
reservation,49,"49. Protection of monuments and places and objects of national importance It shall be the obligation of the State to protect every monument or place or object of artistic or historic interests, declared by or under law made by Parliament to be of national importance, from spoliation, disfigurement, destruction, removal, disposal or export, as the case may be",-10.9385556640625,27,0
reservation,242,"242. Coorg Rep by the Constitution (Seventh Amendment) Act, 1956 , Section 29 and Schedule PART IX THE PANCHAYATS",-11.03135264892578,28,0
reservation,364,364. Special provisions as to major ports and aerodromes,-11.090187335205078,29,0
reservation,1,1. The territories of the States; the Union territories specified in the First Schedule; and such other territories as may be acquired,-11.162679360961913,30,0
reservation,238,"238. Omitted by the Constitution 7 th Amendment Act, 1956 PART VIII THE UNION TERRITORIES",-11.228738122558594,31,0
reservation,314,"314. Provision for protection of existing officers of certain services Rep by the Constitution (Twenty eight Amendment) Act, 1972 , Section 3 (w e f 29 08 1972 ) CHAPTER II PUBLIC SERVICE COMMISSION",-11.270291537475586,32,0
reservation,291,"291. Privy purse sums of Rulers Rep by the Constitution (Twenty sixth Amendment) Act, 1971 , Section 2 CHAPTER II BORROWING",-11.28779214782715,33,0
reservation,243Z,"243Z. G Bar to interference by courts in electoral matters Notwithstanding anything in this Constitution,",-11.306441366577149,34,0
reservation,243Q,243Q. Constitution of Municipalities,-11.312068322753905,35,0
reservation,366,"366. Definition In this Constitution, unless the context otherwise requires, the following expressions have l, the meanings hereby respectively assigned to them, that is to say",-11.31474496307373,36,0
reservation,329,329. A Special provision as to elections to Parliament in the case of Prime Minister and Speaker Omitted PART XVI SPECIAL PROVISIONS RELATING TO CERTAIN CLASSES,-11.316406120300293,37,0
reservation,257,257. A Assistance to States by deployment of armed forces or other forces of the Union Omitted,-11.317980249023437,38,0
reservation,243O,243O. Bar to interference by courts in electoral matters Notwithstanding anything in this Constitution,-11.388634439086914,39,0
reservation,136,136. Special leave to appeal by the Supreme Court,-11.408347332763672,40,0
jobs equality,16,16. Equality of opportunity in matters of public employment,4.014869681549072,1,1
jobs equality,14,"14. Equality before law The State shall not deny to any person equality before the law or the equal protection of the laws within the territory of India Prohibition of discrimination on grounds of religion, race, caste, sex or place of birth",-4.740440107727051,2,0
jobs equality,39,"39. Certain principles of policy to be followed by the State: The State shall, in particular, direct its policy towards securing",-6.066283710479737,3,0
jobs equality,43,"43. Living wage, etc, for workers The State shall endeavour to secure, by suitable legislation or economic organisation or in any other way, to all workers, agricultural, industrial or otherwise, work, a living wage, conditions of work ensuring a decent standard of life and full enjoyment of leisure and social and cultural opportunities and, in particular, the State shall endeavour to promote cottage industries on an individual or co operative basis in rural areas",-6.202123095703125,4,0
jobs equality,39A,39. A Equal justice and free legal aid,-6.725827200317383,5,0
jobs equality,276,"276. Taxes on professions, trades, callings and employments",-7.608451131439209,6,0
jobs equality,19,19. Protection of certain rights regarding freedom of speech etc,-7.970197550964356,7,0
jobs equality,41,"41. Right to work, to education and to public assistance in certain cases The State shall, within the limits of its economic capacity and development, make effective provision for securing the right to work, to education and to public assistance in cases of unemployment, old age, sickness and disablement, and in other cases of undeserved want",-8.338558251953126,8,0
jobs equality,43,"43. A Participation of workers in management of industries The State shall take steps, by suitable legislation or in any other way, to secure the participation of workers in the management of undertakings, establishments or other organisations engaged in any industry",-8.711583058166504,9,0
jobs equality,309,"309. Recruitment and conditions of service of persons serving the Union or a State Subject to the provisions of this Constitution, Acts of the appropriate Legislature may regulate the recruitment, and conditions of service of persons appointed, to public services and posts in connection with the affairs of the Union or of any State: Provided that it shall be competent for the President or such person as he may direct in the case of services and posts in connection with the affairs of the Union, and for the Governor of a State or such person as he may direct in the case of services and posts in connection with the affairs of the State, to make rules regulating the recruitment, and the conditions of service of persons appointed, to such services and posts until provision in that behalf is made by or under an Act of the appropriate Legislature under this article, and any rules so made shall have effect subject to the provisions of any such Act",-8.720717050170899,10,0
jobs equality,38,38. State to secure a social order for the promotion of welfare of the people,-8.721522970581054,11,0
jobs equality,311,"311. Dismissal, removal or reduction in rank of persons employed in civil capacities under the Union or a State",-9.231751126098633,12,0
jobs equality,15,"15. Prohibition of discrimination on grounds of religion, race, caste, sex or place of birth",-9.600694000244141,13,0
jobs equality,243C,243C. Composition of Panchayats,-9.690985446166993,14,0
jobs equality,312A,312A. Power of Parliament to vary or revoke conditions of service of officers of certain services,-9.800766470336914,15,0
jobs equality,320,320. Functions of Public Service Commissions,-9.975187356567384,16,0
jobs equality,371D,371D. Special provisions with respect to the state of Andhra Pradesh,-10.121837599182129,17,0
jobs equality,30,30. Right of minorities to establish and administer educational institutions,-10.191186293029785,18,0
jobs equality,324,"324. Superintendence, direction and control of elections to be vested in an Election Commission",-10.22314990234375,19,0
jobs equality,23,23. Prohibition of traffic in human beings and forced labour,-10.258903814697266,20,0
jobs equality,42,42. Provision for just and humane conditions of work and maternity relief The State shall make provision for securing just and humane conditions of work and for maternity relief,-10.304091625976563,21,0
jobs equality,243D,243D. Reservation of seats,-10.369861578369141,22,0
jobs equality,374,"374. Provisions as to Judges of the Federal Court and proceedings pending in the Federal Court or before His Majesty in Council ( 1 ) The Judges of the Federal Court holding office immediately before the commencement of this Constitution shall, unless they have elected otherwise, become on such commencement the Judges of the Supreme Court and shall thereupon be entitled to such salaries and allowances and to such rights in respect of leave of absence and pension as are provided for under Article 125 in respect of the Judges of the Supreme Court",-10.69760499420166,23,0
jobs equality,335,"335. Claims of Scheduled Castes and Scheduled Tribes to services and posts The claims of the members of the Scheduled Castes and the Scheduled Tribes shall be taken into consideration, consistently with the maintenance of efficiency of administration, in the making of appointments to services and posts in connection with the affairs of the Union or of a State",-10.745723127746581,24,0
jobs equality,46,"46. Promotion of educational and economic interests of Scheduled Castes, Scheduled Tribes and other weaker sections The State shall promote with special care the educational and economic interests of the weaker sections of the people, and, in particular, of the Scheduled Castes and the Scheduled Tribes, and shall protect them from social injustice and all forms of exploitation",-10.791381951904297,25,0
jobs equality,303,303. Restrictions on the legislative powers of the Union and of the States with regard to trade and commerce,-10.865182748413085,26,0
jobs equality,325,"325. No person to be ineligible for inclusion in, or to claim to be included in a special, electoral roll on grounds of religion, race, caste or sex There shall be one general electoral roll for every territorial constituency for election to either House of Parliament or to the House or either House of the Legislature of a State and no person shall be ineligible for inclusion in any such roll or claim to be included in any special electoral roll for any such constituency on grounds only of religion, race, caste, sex or any of them",-11.116269773864746,27,0
jobs equality,336,336. Special provision for Anglo Indian community in certain services,-11.211181829833984,28,0
jobs equality,340,340. Appointment of a Commission to investigate the conditions of backward classes,-11.295634146118164,29,0
jobs equality,269,269. Taxes levied and collected by the union but assigned to the States,-11.331193406677246,30,0
jobs equality,312,312. All India Services,-11.37827564239502,31,0
jobs equality,243T,243T. Reservation of seats,-11.412204100036622,32,0
jobs equality,332,332. Reservation of seats for Scheduled Castes and Scheduled Tribes in the Legislative Assemblies of the States,-11.446091342163086,33,0
jobs equality,164,164. Other provisions as to Ministers,-11.462274224853516,34,0
jobs equality,98,98. Secretariat of Parliament,-11.473086265563964,35,0
jobs equality,270,270. Taxes levied and collected by the Union and distributed between the Union and the States,-11.533196334838868,36,0
jobs equality,330,330. Reservation of seats for Scheduled Castes and Scheduled Tribes in the House of the People,-11.55976845703125,37,0
jobs equality,369,"369. Temporary power to Parliament to make laws with respect to certain matters in the State List as if they were matters in the Concurrent List Notwithstanding anything in this Constitution, Parliament shall, during a period of five years from the commencement of this constitution, have power to make laws with respect to the following matters as if they were enumerated in the Concurrent List, namely:",-11.566296145629883,38,0
jobs equality,376,376. Provisions as to Judges of High Courts,-11.60193116455078,39,0
jobs equality,233,"233. A Validation of appointments of, and judgments, etc, delivered by, certain district judges Notwithstanding any judgment, decree or order of any court,",-11.641584713745118,40,0
religious institution management,26,"26. Freedom to manage religious affairs Subject to public order, morality and health, every religious denomination or any section thereof shall have the right",3.6630472152709963,1,1
religious institution management,28,28. Freedom as to attendance at religious instruction or religious worship in certain educational institutions,-2.94008148727417,2,0
religious institution management,30,30. Right of minorities to establish and administer educational institutions,-3.239741190338135,3,0
religious institution management,25,"25. Freedom of conscience and free profession, practice and propagation of religion",-6.357271166992188,4,0
religious institution management,27,"27. Freedom as to payment of taxes for promotion of any particular religion No person shall be compelled to pay any taxes, the proceeds of which are specifically appropriated in payment of expenses for the promotion or maintenance of any particular religion or religions denomination",-9.212622454833985,5,0
religious institution management,31A,"31A. Saving of laws providing for acquisition of estates, etc ( 1 ) Notwithstanding anything contained in Article 13, no law providing for",-9.741510202026367,6,0
religious institution management,29,29. Protection of interests of minorities,-10.097512036132812,7,0
religious institution management,43,"43. A Participation of workers in management of industries The State shall take steps, by suitable legislation or in any other way, to secure the participation of workers in the management of undertakings, establishments or other organisations engaged in any industry",-10.58291141204834,8,0
religious institution management,337,"337. Special provision with respect to educational grants for the benefit of Anglo Indian community During the first three financial years after the commencement of this Constitution, the same grants, if any, shall be made by the Union and by each State for the benefit of the Anglo Indian community in respect of education as were made in the financial year ending on the thirty first day of March, 1948 During every succeeding period of three years the grants may be less by ten per cent than those for the immediately preceding period of three years: Provided that at the end of ten years from the commencement of this Constitution such grants, to the extent to which they are a special concession to the Anglo Indian community, shall cease: Provided further that no educational institution shall be entitled to receive any grant under this article unless at least forty per cent of annual admissions therein are made available to members of communities other than the Anglo Indian community",-10.669053857421876,9,0
religious institution management,371A,371A. Special provision with respect to the State of Nagaland,-11.041889990234376,10,0
religious institution management,371G,"371G. Special provision with respect to the State of Mizoram Notwithstanding anything in this Constitution,",-11.044360864257813,11,0
religious institution management,323,"323. A Administrative tribunals Parliament may, by law, provide for the adjudication or trial by administrative tribunals of disputes and complaints with respect to recruitment and conditions of service of persons appointed to public services and posts in connection with the affairs of the Union or of any State or of any local or other authority within the territory of India or under the control of the Government of India or of any corporation owned or controlled by the Government",-11.083564990234375,12,0
religious institution management,309,"309. Recruitment and conditions of service of persons serving the Union or a State Subject to the provisions of this Constitution, Acts of the appropriate Legislature may regulate the recruitment, and conditions of service of persons appointed, to public services and posts in connection with the affairs of the Union or of any State: Provided that it shall be competent for the President or such person as he may direct in the case of services and posts in connection with the affairs of the Union, and for the Governor of a State or such person as he may direct in the case of services and posts in connection with the affairs of the State, to make rules regulating the recruitment, and the conditions of service of persons appointed, to such services and posts until provision in that behalf is made by or under an Act of the appropriate Legislature under this article, and any rules so made shall have effect subject to the provisions of any such Act",-11.142160989379883,13,0
religious institution management,350,350. A Facilities for instruction in mother tongue at primary stage It shall be the endeavour of every State and of every local authority within the State to provide adequate facilities for instruction in the mother tongue at the primary stage of education to children belonging to linguistic minority groups; and the President may issue such directions to any State as he considers necessary or proper for securing the provision of such facilities,-11.218931979370117,14,0
religious institution management,360,360. Provisions as to financial emergency,-11.280064764404298,15,0
religious institution management,48,"48. Organisation of agriculture and animal husbandry The State shall endeavour to organise agriculture and animal husbandry on modern and scientific lines and shall, in particular, take steps for preserving and improving the breeds, and prohibiting the slaughter, of cows and calves and other milch and draught cattle",-11.286004483032226,16,0
religious institution management,375,"375. Courts, authorities and officers to continue to function subject to the provisions of the Constitution All courts of civil, criminal and revenue jurisdiction, all authorities and all officers, judicial, executive and ministerial, throughout the territory of India, shall continue to exercise their respective functions subject to the provisions of this Constitution",-11.407502410888672,17,0
religious institution management,244,244. Administration of Scheduled Areas and Tribal Areas,-11.41084416809082,18,0
religious institution management,243J,"243J. Audit of accounts of Panchayats The Legislature of a State may, by law, make provisions with respect to the maintenance of accounts by the Panchayats and the auditing of such accounts",-11.418258042907715,19,0
religious institution management,235,"235. Control over subordinate courts The control over district courts and courts subordinate thereto including the posting and promotion of, and the grant of leave to, persons belonging to the judicial service of a State and holding any post inferior to the post of district judge shall be vested in the High Court, but nothing in this article shall be construed as taking away from any such person any right of appeal which he may under the law regulating the conditions of his service or as authorising the High Court to deal with him otherwise than in accordance with the conditions of his service prescribed under such law",-11.455981665039063,20,0
religious institution management,119,"119. Regulation by law of procedure in Parliament in relation to financial business Parliament may, for the purpose of the timely completion of financial business, regulate by law the procedure of, and the conduct of business in, each House of Parliament in relation to any financial matter or to any Bill for the appropriation of moneys out of the consolidated Fund of India, and, if and so far as any provision of any law so made is inconsistent with any rule made by a House of Parliament under clause ( 1 ) of Article 118 or with any rule or standing order having effect in relation to Parliament under clause ( 2 ) of that article, such provision shall prevail",-11.462556091308594,21,0
religious institution management,350,350. B Special Officer for linguistic minorities,-11.468099774169922,22,0
religious institution management,339,339. Control of the Union over the administration of Scheduled Areas and the welfare of Scheduled Tribes,-11.481475555419921,23,0
religious institution management,209,"209. Regulation by law of procedure in the Legislature of the State in relation to financial business The Legislature of a State may, for the purpose of the timely completion of financial business, regulate by law the procedure of, and the conduct of business in, the House or Houses of the Legislature of the State in relation to any financial matter or to any Bill for the appropriation of moneys out of the Consolidated Fund of the State, and, if and so far as any provision of any law so made is inconsistent with any rule made by the House or either House of the Legislature of the State under clause ( 1 ) of article 208 or with any rule or standing order having effect in relation to the Legislature of the State under clause ( 2 ) of that article, such provision shall prevail",-11.48247855529785,24,0
religious institution management,239,239. Administration of Union territories,-11.519039334106445,25,0
religious institution management,263,263. Provisions with respect to an inter State Council If any any time it appears to the President that the public interests would be served by the establishment of a Council charged with the duty of,-11.519924542236328,26,0
religious institution management,336,336. Special provision for Anglo Indian community in certain services,-11.55027026977539,27,0
religious institution management,98,98. Secretariat of Parliament,-11.56564035797119,28,0
religious institution management,371,371. Special provision with respect to the States of Maharashtra and Gujarat,-11.602902841186523,29,0
religious institution management,280,280. Finance Commission,-11.637355740356446,30,0
religious institution management,344,344. Commission and Committee of Parliament on official language,-11.682248919677734,31,0
religious institution management,164,164. Other provisions as to Ministers,-11.688900621032715,32,0
religious institution management,283,"283. Custody, etc of Consolidated Funds, Contingency Funds and moneys credited to the public accounts",-11.689394940185547,33,0
religious institution management,243Z,243Z. E Committee for Metropolitan Planning,-11.716999627685547,34,0
religious institution management,320,320. Functions of Public Service Commissions,-11.717941339111329,35,0
religious institution management,243Y,243Y. Finance Commission,-11.732924169921874,36,0
religious institution management,239B,239B. Power of administrator to promulgate Ordinances during recess of Legislature,-11.821245498657227,37,0
religious institution management,317,317. Removal and suspension of a member of a Public Service Commission,-11.848746203613281,38,0
religious institution management,243I,243I. Constitution of finance Commissions to review financial position,-11.890921228027343,39,0
religious institution management,371D,371D. Special provisions with respect to the state of Andhra Pradesh,-12.033404333496094,40,0
religious tax payment,27,"27. Freedom as to payment of taxes for promotion of any particular religion No person shall be compelled to pay any taxes, the proceeds of which are specifically appropriated in payment of expenses for the promotion or maintenance of any particular religion or religions denomination",4.023886391448975,1,1
religious tax payment,290,"290. A Annual payment to certain Devaswom Funds A sum of forty six lakhs and fifty thousand rupees shall be charged on, and paid out of, the Consolidated Fund of the State of Kerala every year to the Travancore Devaswom Fund; and a sum of thirteen lakhs and fifty thousand rupees shall be charged on, and paid out of the Consolidated Fund of the State of Tamil Nadu every year to the Devaswom Fund established in that State for the maintenance of Hindu temples and shrines in the territories transferred to that State on the 1 st day of November, 1956 , from the State of Travancore Cochin",-8.041753297424316,2,0
religious tax payment,26,"26. Freedom to manage religious affairs Subject to public order, morality and health, every religious denomination or any section thereof shall have the right",-8.855079272460937,3,0
religious tax payment,28,28. Freedom as to attendance at religious instruction or religious worship in certain educational institutions,-9.12422979888916,4,0
religious tax payment,25,"25. Freedom of conscience and free profession, practice and propagation of religion",-9.316424342346192,5,0
religious tax payment,272,"272. Taxes which are levied and collected by the Union and may be distributed between the Union and the States Union duties of excise other than such duties of excise on medicinal and toilet preparations as are mentioned in the Union List shall be levied and collected by the Government of India, but, if Parliament by law so provides, there shall be paid out of the Consolidated Fund of India to the States to which the law imposing the duty extends sums equivalent to the whole or any part of the net proceeds of that duty, and those sums shall be distributed among those States in accordance with such principles of distribution as may be formulated by such law",-9.322183404541015,6,0
religious tax payment,15,"15. Prohibition of discrimination on grounds of religion, race, caste, sex or place of birth",-9.627061187744141,7,0
religious tax payment,269,269. Taxes levied and collected by the union but assigned to the States,-9.672136743164062,8,0
religious tax payment,270,270. Taxes levied and collected by the Union and distributed between the Union and the States,-9.899052505493165,9,0
religious tax payment,110,110. Definition of Money Bill,-9.93103575592041,10,0
religious tax payment,199,199. Definition of Money Bills,-10.027503643798829,11,0
religious tax payment,277,"277. Savings Any taxes, duties, cesses or fees which, immediately before the commencement of this Constitution, were being lawfully levied by the Government of any State or by any municipality or other local authority or body for the purposes of the State, municipality, district or other local area may, notwithstanding that those taxes, duties, cesses or fees are mentioned in the Union List, continue to be levied and to be applied to the same purposes until provision to the contrary is made by Parliament by law",-10.050275885009766,12,0
religious tax payment,275,275. Grants from the Union to certain States,-10.438044131469727,13,0
religious tax payment,276,"276. Taxes on professions, trades, callings and employments",-10.542825463867187,14,0
religious tax payment,30,30. Right of minorities to establish and administer educational institutions,-10.582690580749512,15,0
religious tax payment,325,"325. No person to be ineligible for inclusion in, or to claim to be included in a special, electoral roll on grounds of religion, race, caste or sex There shall be one general electoral roll for every territorial constituency for election to either House of Parliament or to the House or either House of the Legislature of a State and no person shall be ineligible for inclusion in any such roll or claim to be included in any special electoral roll for any such constituency on grounds only of religion, race, caste, sex or any of them",-10.622887319946289,16,0
religious tax payment,279,"279. Calculation of net proceeds, etc",-10.655571304321288,17,0
religious tax payment,289,289. Exemption of property and income of a State from Union taxation,-10.76446615600586,18,0
religious tax payment,271,"271. Surcharge on certain duties and taxes for purposes of the Union Notwithstanding anything in Articles 269 and 270, Parliament may at any time increase any of the duties or taxes referred in those articles by a surcharge for purposes of the Union and the whole proceeds of any such surcharge shall form part the Consolidated Fund of India",-10.820478216552734,19,0
religious tax payment,265,265. Taxes not to be imposed save by authority of law No tax shall be levied or collected except by authority of law,-11.012592245483399,20,0
religious tax payment,243H,"243H. Powers to impose taxes by, and funds of, the Panchayats The Legislature of a State may, by law,",-11.046748634338378,21,0
religious tax payment,286,286. Restrictions as to imposition of tax on the sale or purchase of goods,-11.047782133483887,22,0
religious tax payment,290,"290. Adjustment in respect of certain expenses and pensions Where under the provisions of this Constitution the expenses of any court or Commission, or the pension payable to or in respect of a person who has served before the commencement in connection with the affairs of the Union or of a State, are charged on the Consolidated Fund of India or the Consolidated Fund of a State, then, if",-11.072602102661133,23,0
religious tax payment,287,"287. Exemption from taxes on electricity Save in so far as Parliament may by law otherwise provide, no law of a State shall impose, or authorise the imposition of, a tax on the consumption or sale of electricity (whether produced by a Government or other persons) which is",-11.103033920288086,24,0
religious tax payment,285,285. Exemption of property of the Union from State taxation,-11.169211700439453,25,0
religious tax payment,243X,"243X. Power to impose taxes by, and funds, of, the Municipalities The Legislature of a State may, by law",-11.17787438659668,26,0
religious tax payment,274,274. Prior recommendation of President required to Bills affecting taxation in which States are interested,-11.180710787963868,27,0
religious tax payment,337,"337. Special provision with respect to educational grants for the benefit of Anglo Indian community During the first three financial years after the commencement of this Constitution, the same grants, if any, shall be made by the Union and by each State for the benefit of the Anglo Indian community in respect of education as were made in the financial year ending on the thirty first day of March, 1948 During every succeeding period of three years the grants may be less by ten per cent than those for the immediately preceding period of three years: Provided that at the end of ten years from the commencement of this Constitution such grants, to the extent to which they are a special concession to the Anglo Indian community, shall cease: Provided further that no educational institution shall be entitled to receive any grant under this article unless at least forty per cent of annual admissions therein are made available to members of communities other than the Anglo Indian community",-11.182788674926758,28,0
religious tax payment,371A,371A. Special provision with respect to the State of Nagaland,-11.314897383117676,29,0
religious tax payment,268,268. Duties levied by the Union but collected and appropriated by the States,-11.427801953125,30,0
religious tax payment,266,266. Consolidated Funds and public accounts of India and of the States,-11.429150509643554,31,0
religious tax payment,366,"366. Definition In this Constitution, unless the context otherwise requires, the following expressions have l, the meanings hereby respectively assigned to them, that is to say",-11.43173600616455,32,0
religious tax payment,278,"278. Agreement with States in Part B of the First Schedule with regard to certain financial matters Rep by the Constitution (Seventh Amendment) Act, 1956 , Section 29 and Schedule",-11.441602746582031,33,0
religious tax payment,284,284. Custody of suitors deposits and other moneys received by public servants an courts All moneys received by or deposited with,-11.470163259887695,34,0
religious tax payment,280,280. Finance Commission,-11.484245236206055,35,0
religious tax payment,273,273. Grants in lieu of export duty on jute and jute products,-11.492783778381348,36,0
religious tax payment,243I,243I. Constitution of finance Commissions to review financial position,-11.562403314208984,37,0
religious tax payment,243Y,243Y. Finance Commission,-11.591398901367187,38,0
religious tax payment,112,112. Annual financial statement,-11.62935405883789,39,0
religious tax payment,202,202. Annual financial statement,-11.789292778015136,40,0
religious instruction in schools,28,28. Freedom as to attendance at religious instruction or religious worship in certain educational institutions,4.580599417114258,1,1
religious instruction in schools,350,350. A Facilities for instruction in mother tongue at primary stage It shall be the endeavour of every State and of every local authority within the State to provide adequate facilities for instruction in the mother tongue at the primary stage of education to children belonging to linguistic minority groups; and the President may issue such directions to any State as he considers necessary or proper for securing the provision of such facilities,-4.278455561828613,2,0
religious instruction in schools,30,30. Right of minorities to establish and administer educational institutions,-5.585807188415528,3,0
religious instruction in schools,26,"26. Freedom to manage religious affairs Subject to public order, morality and health, every religious denomination or any section thereof shall have the right",-8.851346591186523,4,0
religious instruction in schools,25,"25. Freedom of conscience and free profession, practice and propagation of religion",-9.144645663452149,5,0
religious instruction in schools,16,16. Equality of opportunity in matters of public employment,-9.471838482666016,6,0
religious instruction in schools,14,"14. Equality before law The State shall not deny to any person equality before the law or the equal protection of the laws within the territory of India Prohibition of discrimination on grounds of religion, race, caste, sex or place of birth",-9.638120390319823,7,0
religious instruction in schools,15,"15. Prohibition of discrimination on grounds of religion, race, caste, sex or place of birth",-9.679246246337891,8,0
religious instruction in schools,29,29. Protection of interests of minorities,-9.697819500732422,9,0
religious instruction in schools,27,"27. Freedom as to payment of taxes for promotion of any particular religion No person shall be compelled to pay any taxes, the proceeds of which are specifically appropriated in payment of expenses for the promotion or maintenance of any particular religion or religions denomination",-10.191678813171388,10,0
religious instruction in schools,45,"45. Provision for free and compulsory education for children The State shall endeavour to provide, within a period of ten years from the commencement of this Constitution, for free and compulsory education for all children until they complete the age of fourteen years",-10.356374118041993,11,0
religious instruction in schools,337,"337. Special provision with respect to educational grants for the benefit of Anglo Indian community During the first three financial years after the commencement of this Constitution, the same grants, if any, shall be made by the Union and by each State for the benefit of the Anglo Indian community in respect of education as were made in the financial year ending on the thirty first day of March, 1948 During every succeeding period of three years the grants may be less by ten per cent than those for the immediately preceding period of three years: Provided that at the end of ten years from the commencement of this Constitution such grants, to the extent to which they are a special concession to the Anglo Indian community, shall cease: Provided further that no educational institution shall be entitled to receive any grant under this article unless at least forty per cent of annual admissions therein are made available to members of communities other than the Anglo Indian community",-10.367115800476075,12,0
religious instruction in schools,23,23. Prohibition of traffic in human beings and forced labour,-10.762596441650391,13,0
religious instruction in schools,46,"46. Promotion of educational and economic interests of Scheduled Castes, Scheduled Tribes and other weaker sections The State shall promote with special care the educational and economic interests of the weaker sections of the people, and, in particular, of the Scheduled Castes and the Scheduled Tribes, and shall protect them from social injustice and all forms of exploitation",-10.85210048828125,14,0
religious instruction in schools,325,"325. No person to be ineligible for inclusion in, or to claim to be included in a special, electoral roll on grounds of religion, race, caste or sex There shall be one general electoral roll for every territorial constituency for election to either House of Parliament or to the House or either House of the Legislature of a State and no person shall be ineligible for inclusion in any such roll or claim to be included in any special electoral roll for any such constituency on grounds only of religion, race, caste, sex or any of them",-10.90898770751953,15,0
religious instruction in schools,41,"41. Right to work, to education and to public assistance in certain cases The State shall, within the limits of its economic capacity and development, make effective provision for securing the right to work, to education and to public assistance in cases of unemployment, old age, sickness and disablement, and in other cases of undeserved want",-11.075422341918946,16,0
religious instruction in schools,47,"47. Duty of the State to raise the level of nutrition and the standard of living and to improve public health The State shall regard the raising of the level of nutrition and the standard of living of its people and the improvement of public health as among its primary duties and, in particular, the State shall endeavour to bring about prohibition of the consumption except for medicinal purposes of intoxicating drinks and of drugs which are injurious to health",-11.17141886291504,17,0
religious instruction in schools,51A,"51A. Fundamental duties It shall be the duty of every citizen of India (a) to abide by the Constitution and respect its ideals and institutions, the national Flag and the National Anthem;",-11.209896643066406,18,0
religious instruction in schools,69,"69. Oath or affirmation by the Vice President Every Vice President shall, before entering upon his office, make and subscribe before the President, or some person appointed in that behalf by him, an oath or affirmation in the following form, that is to say swear in the name of God I, A B, do that solemnly affirm will bear true faith, and allegiance to the Constitution of India as by law established and that I will faithfully discharge the duty upon which I am about to enter",-11.214451533508301,19,0
religious instruction in schools,371G,"371G. Special provision with respect to the State of Mizoram Notwithstanding anything in this Constitution,",-11.248738038635254,20,0
religious instruction in schools,329,329. A Special provision as to elections to Parliament in the case of Prime Minister and Speaker Omitted PART XVI SPECIAL PROVISIONS RELATING TO CERTAIN CLASSES,-11.263653625488281,21,0
religious instruction in schools,219,"219. Oath or affirmation by Judges of High Courts Every person appointed to be a Judge of a High Court shall, before he enters upon his office, make and subscribe before the Governor of the State, or some person appointed in that behalf by him, an oath or affirmation according to the form set out for the purpose in the Third Schedule",-11.273765739440918,22,0
religious instruction in schools,347,"347. Special provision relating to language spoken by a section of the population of a State On a demand being made in that behalf the President may, if he is satisfied that a substantial proportion of the population of a State desire the use of any language spoken by them to be recognised throughout that State or any part thereof for such purpose as he may specify CHAPTER III LANGUAGE OF THE SUPREME COURT, HIGH COURTS, ETC",-11.282830029296875,23,0
religious instruction in schools,51,51. Promotion of international peace and security The State shall endeavour to,-11.285594815063476,24,0
religious instruction in schools,351,"351. Directive for development of the Hindi language It shall be the duty of the Union to promote the spread of the Hindi language, to develop it so that it may serve as a medium of expression for all the elements of the composite culture of India and to secure its enrichment by assimilating without interfering with its genius, the forms, style and expressions used in Hindustani and in the other languages of India specified in the Eighth Schedule, and by drawing, wherever necessary or desirable, for its vocabulary, primarily on Sanskrit and secondarily on other languages PART XVIII EMERGENCY PROVISIONS",-11.32494937286377,25,0
religious instruction in schools,309,"309. Recruitment and conditions of service of persons serving the Union or a State Subject to the provisions of this Constitution, Acts of the appropriate Legislature may regulate the recruitment, and conditions of service of persons appointed, to public services and posts in connection with the affairs of the Union or of any State: Provided that it shall be competent for the President or such person as he may direct in the case of services and posts in connection with the affairs of the Union, and for the Governor of a State or such person as he may direct in the case of services and posts in connection with the affairs of the State, to make rules regulating the recruitment, and the conditions of service of persons appointed, to such services and posts until provision in that behalf is made by or under an Act of the appropriate Legislature under this article, and any rules so made shall have effect subject to the provisions of any such Act",-11.354966737365723,26,0
religious instruction in schools,60,"60. Oath or affirmation by the President Every President and every person acting as President or discharging the functions of the President shall, before entering upon his office, make and subscribe in the presence of the Chief Justice of India or, in his absence, the senior most Judge of the Supreme Court available, an oath or affirmation in the following form, that is to say swear in the name of God I, A B, do that I olemnly affirm will faithfully execute the office of President (or discharge the functions of thePresident) of India and will do the best of my ability preserve, protect and defend the Constitution and the law and that I will devote myself to the service and well being of the people of India",-11.357805953979492,27,0
religious instruction in schools,345,"345. Official language or languages of a State Subject to the provisions of Article 346 and 347, the Legislature of a State may by law adopt any one or more of the languages in use in the State or Hindi as the language or languages to be used for all or any of the official purposes of that State: Provided that, until the Legislature of the State otherwise provides by law, the English language shall continue to be used for those official purposes within the State for which it was being used immediately before the commencement of this Constitution",-11.364979887390136,28,0
religious instruction in schools,159,"159. Oath or affirmation by Governor Every Governor and every person discharging the functions of the Governor shall, before entering upon his office, make and subscribe in the presence of the chief Justice of the High Court exercising jurisdiction in relation to the State, or, in his absence, the senior most Judge of that court available, an oath or affirmation in the following form, that is to say swear in the name of God I, A B, do that I solemnly affirm will faithfully execute the office of Governor (or discharge the functions of the Governor) of (name of the State) and will to the best of my ability preserve, protect and defend the Constitution and the law and that I will devote myself to the service and well being of the people of (name of the State)",-11.37876385345459,29,0
religious instruction in schools,338,"338. Special Officer for Scheduled Castes, Scheduled Tribes etc",-11.460631399536133,30,0
religious instruction in schools,341,341. Scheduled Castes,-11.484132986450195,31,0
religious instruction in schools,342,342. Scheduled Tribes,-11.493207066345215,32,0
religious instruction in schools,340,340. Appointment of a Commission to investigate the conditions of backward classes,-11.503546591186524,33,0
religious instruction in schools,39,"39. Certain principles of policy to be followed by the State: The State shall, in particular, direct its policy towards securing",-11.530634887695312,34,0
religious instruction in schools,343,343. Official language of the Union,-11.588054833984375,35,0
religious instruction in schools,371A,371A. Special provision with respect to the State of Nagaland,-11.6696060546875,36,0
religious instruction in schools,312,312. All India Services,-11.697487602233887,37,0
religious instruction in schools,344,344. Commission and Committee of Parliament on official language,-11.73947700805664,38,0
religious instruction in schools,371D,371D. Special provisions with respect to the state of Andhra Pradesh,-11.944037420654297,39,0
religious instruction in schools,348,"348. Language to be used in the Supreme Court and in the High Courts and for Acts, Bills, etc",-11.98700821533203,40,0
